arm,phase,mode,kind,lddt,all_recall,all_precision,all_bce,all_ap,pp_recall,pl_recall,request_precision,request_satisfaction
masked,final,full,monomer,0.5587910314400991,0.5229580067740872,0.5031657407866718,,,,,1.0,0.5229580154021581
masked,final,full,protein_ligand,0.6877481937408447,0.5814282633158019,0.5919533754872678,,,,0.15121920918687404,1.0,0.5814282633364201
masked,final,full,protein_protein,0.763158917427063,0.5585106382978724,0.4293694057473585,,,0.8875,0.1184210526315789,1.0,0.5585106611251831
masked,final,none,monomer,0.5274881422519684,0.4730989354196888,0.4553255247818407,0.1357916953663031,0.4770694431078628,,,,
masked,final,none,protein_ligand,0.6884810067713261,0.5721174372509304,0.5874022322970256,0.07043185643851754,0.6270032532252785,,0.13670690516195846,,
masked,final,none,protein_protein,0.7679685056209564,0.5691489361702127,0.4502216312056737,0.0859653167426586,0.5329670879367466,0.90625,0.131578947368421,,
masked,final,oracle4,monomer,0.5262498408555984,0.47179700160009785,0.4526739721164652,0.1355253991981347,0.46799394873598993,,,1.0,0.08333333333333333
masked,final,oracle4,protein_ligand,0.6922648027539253,0.5771473842857022,0.5960996969794407,0.07004031585529441,0.6243667786624724,,0.14425432910283814,1.0,0.1875
masked,final,oracle4,protein_protein,0.7649275958538055,0.5558510638297872,0.4361334867663981,0.08591822907328606,0.5290635388601668,0.89375,0.1184210526315789,1.0,0.125
masked,final,search4,monomer,0.5313634127378464,0.4889016851419648,0.46256066958906006,0.1234875271717707,0.4994170539461342,,,0.16666666666666666,0.3333333333333333
masked,final,search4,protein_ligand,0.6902945749461651,0.5737785922178265,0.5889865199156494,0.07090615807101126,0.6248968342497897,,0.13498873289330932,0.15625,0.125
masked,final,search4,protein_protein,0.7622603178024292,0.5531914893617021,0.4286139455782313,0.0832716487348079,0.55323659564651,0.89375,0.11184210526315785,0.0,0.125
masked,final,sparse,monomer,0.5442065397898356,0.5089244805910283,0.48331797486826794,0.12420033042629557,0.5017880586542546,,,1.0,0.6666666716337204
masked,final,sparse,protein_ligand,0.6869382038712502,0.5700023491995793,0.580030388710018,0.07031142432242629,0.6223102401760807,,0.1421319063304903,1.0,0.5357142857142857
masked,final,sparse,protein_protein,0.7620667517185211,0.5638297872340425,0.4304563492063492,0.09221256896853444,0.524802399476905,0.91875,0.09210526315789469,,
masked,initial,none,monomer,0.5612734854221344,0.56295631948054,0.46009010488652075,0.23732395966847739,0.0551979311170655,,,,
masked,initial,none,protein_ligand,0.6468366533517838,0.5489912302929193,0.5329815568195513,0.18918190896511075,0.03112690755827965,,0.16712206606263819,,
masked,initial,none,protein_protein,0.7036483287811279,0.5877659574468085,0.39779123481231315,0.185586467385292,0.0293291731669266,0.7625,0.3157894736842105,,
masked,step-1024,full,monomer,0.5792711079120636,0.5608049635872993,0.5369166073964918,,,,,1.0,0.5608049680789312
masked,step-1024,full,protein_ligand,0.6786033846437931,0.5731382219660871,0.5763880685512226,,,,0.17673803730937554,1.0,0.573138220468536
masked,step-1024,full,protein_protein,0.7668526768684387,0.6356382978723405,0.49829502948903076,,,0.8625,0.3223684210526315,1.0,0.6356382966041565
masked,step-1024,none,monomer,0.5543735722700754,0.5182054444093397,0.4928098251334914,0.115761999040842,0.508007046265627,,,,
masked,step-1024,none,protein_ligand,0.6578528359532356,0.5478253715017999,0.5607807271238789,0.07170924032106991,0.6105894264328965,,0.13935762731461548,,
masked,step-1024,none,protein_protein,0.7658473253250122,0.6303191489361701,0.5,0.07848714292049405,0.5715011524005105,0.8625,0.30263157894736836,,
masked,step-1024,oracle4,monomer,0.5460579494635264,0.5020583848863794,0.48516169927264613,0.11317753915985419,0.5064306559539404,,,1.0,0.16666666666666666
masked,step-1024,oracle4,protein_ligand,0.6612244844436646,0.5482540108724978,0.5492338916409808,0.070843793451786,0.6113099064949115,,0.14595116029058308,1.0,0.125
masked,step-1024,oracle4,protein_protein,0.7700424492359161,0.6356382978723404,0.501984126984127,0.07900130748748775,0.5616454213158548,0.84375,0.35526315789473684,1.0,0.0
masked,step-1024,search4,monomer,0.5346504052480062,0.5013330751434483,0.4664787851899653,0.11757204805811243,0.4983034436418113,,,0.2916666666666667,0.375
masked,step-1024,search4,protein_ligand,0.671686515212059,0.5627330729693154,0.57385826960018,0.0710987895727157,0.6109379979366416,,0.13888228087568538,0.25,0.03125
masked,step-1024,search4,protein_protein,0.7665895521640778,0.6303191489361701,0.5023592126352945,0.0767315663397312,0.5809768936606765,0.8500000000000001,0.31578947368421045,0.25,0.0
masked,step-1024,sparse,monomer,0.5562581966320673,0.524106102453823,0.5009248873704929,0.11253927896420156,0.5170161957269319,,,1.0,0.6666666716337204
masked,step-1024,sparse,protein_ligand,0.6622762009501457,0.5502169074441835,0.5646708957106388,0.07265666918829079,0.6089792355849128,,0.14628394584900598,1.0,0.5357142857142857
masked,step-1024,sparse,protein_protein,0.7679200768470764,0.6303191489361701,0.4986065253665637,0.07945930957794185,0.5682732365874927,0.8500000000000001,0.3355263157894737,,
masked,step-256,full,monomer,0.5309168001015981,0.4791802697631334,0.44432798783321337,,,,,1.0,0.47918027887741727
masked,step-256,full,protein_ligand,0.6568859815597534,0.5537207250567235,0.547732191941746,,,,0.17461586054372397,1.0,0.5537207322195172
masked,step-256,full,protein_protein,0.7601056396961212,0.7632978723404256,0.5804757343550446,,,0.8374999999999999,0.6710526315789473,1.0,0.7632978856563568
masked,step-256,none,monomer,0.515367383758227,0.4663866212343062,0.4137288995493766,0.10515035813053443,0.5400149765065289,,,,
masked,step-256,none,protein_ligand,0.6593235358595848,0.5548046108483444,0.5537834386674598,0.06763443304225798,0.6207942363029277,,0.14923301262260355,,
masked,step-256,none,protein_protein,0.7353752553462982,0.6170212765957446,0.4553405017921147,0.06968939676880831,0.6000309108598705,0.81875,0.3486842105263158,,
masked,step-256,oracle4,monomer,0.5258062233527502,0.4667762275060556,0.42752430380240863,0.10428640743096664,0.5299015874214826,,,1.0,0.2916666666666667
masked,step-256,oracle4,protein_ligand,0.6587849333882332,0.5506641093553272,0.5504999772865691,0.06679112184792751,0.6205094267249845,,0.13880515777639463,1.0,0.21875
masked,step-256,oracle4,protein_protein,0.7398304343223572,0.6303191489361701,0.4547769248308885,0.06926577910780905,0.593800438612821,0.84375,0.3486842105263158,1.0,0.0
masked,step-256,search4,monomer,0.5224821666876475,0.4722009895014104,0.4272930683794491,0.10391787687937414,0.5367954636574703,,,0.5,0.25
masked,step-256,search4,protein_ligand,0.6551932543516159,0.5473778805643688,0.5442024841460013,0.06744909938424822,0.6209507625309783,,0.13867729579599153,0.15625,0.15625
masked,step-256,search4,protein_protein,0.7383925318717957,0.6223404255319149,0.4653114722068449,0.06779253482818601,0.6107631106257727,0.84375,0.3355263157894737,0.25,0.0
masked,step-256,sparse,monomer,0.51784115533034,0.45590558403571174,0.4324287998550407,0.10481173669298487,0.5424615388301735,,,1.0,0.4166666716337204
masked,step-256,sparse,protein_ligand,0.6597921028733253,0.5553557608148301,0.5564294473272993,0.06759278615936631,0.6203112918085956,,0.14858496948286928,1.0,0.5714285714285714
masked,step-256,sparse,protein_protein,0.7399129569530487,0.6223404255319149,0.4659989198212795,0.06968709826469416,0.602024698413443,0.84375,0.3355263157894737,,
masked,step-512,full,monomer,0.5274528314669927,0.47697461472520325,0.4543333382957826,,,,,1.0,0.47697461644808453
masked,step-512,full,protein_ligand,0.6656950786709785,0.5620831656521743,0.5628875238727755,,,,0.16771340465887477,1.0,0.562083171447739
masked,step-512,full,protein_protein,0.7657579481601715,0.6170212765957447,0.47660878101621473,,,0.84375,0.26315789473684204,1.0,0.6170212626457214
masked,step-512,none,monomer,0.5220724195241928,0.46468024654869194,0.45050795465832083,0.1182293867071469,0.48824788053114093,,,,
masked,step-512,none,protein_ligand,0.6620142683386803,0.5523991659376644,0.5418493388654886,0.06888124160468576,0.6118061928240643,,0.15646831556754973,,
masked,step-512,none,protein_protein,0.7658336460590363,0.6170212765957447,0.4825852533763284,0.07028707116842264,0.5831659218402833,0.8625,0.256578947368421,,
masked,step-512,oracle4,monomer,0.5192798326412836,0.4635563278603872,0.4389845434650197,0.11770188435912128,0.4788776677551218,,,1.0,0.125
masked,step-512,oracle4,protein_ligand,0.6587107516825199,0.5407146872175926,0.5362090650545677,0.06829100707545872,0.610718237579335,,0.12993753889980883,1.0,0.0625
masked,step-512,oracle4,protein_protein,0.7672064006328583,0.6117021276595744,0.48499003487792725,0.07037768140435215,0.5759904622515972,0.84375,0.26315789473684204,1.0,0.25
masked,step-512,search4,monomer,0.5177929550409317,0.4587647539099347,0.44377236149045324,0.11566122745474174,0.49539780269705386,,,0.20833333333333334,0.08333333333333333
masked,step-512,search4,protein_ligand,0.6564622223377228,0.5428159327628646,0.5360297042185301,0.06890104338526722,0.6115763421203705,,0.13766639277921144,0.15625,0.125
masked,step-512,search4,protein_protein,0.7675036489963531,0.6223404255319149,0.48012557597853056,0.0684876777231693,0.5959689941820436,0.84375,0.2828947368421052,0.0,0.25
masked,step-512,sparse,monomer,0.5215070893367132,0.4625698273411764,0.44298654899028317,0.11869053418437636,0.48629170853208453,,,1.0,0.6666666716337204
masked,step-512,sparse,protein_ligand,0.6612517163157463,0.5529199548957823,0.5467655011210797,0.06878981459885831,0.6114787670127944,,0.14612945364372815,1.0,0.42857142857142855
masked,step-512,sparse,protein_protein,0.7681882083415985,0.6436170212765957,0.49219946719946717,0.07062806934118265,0.58359221324056,0.875,0.31578947368421045,,
unknown,final,full,monomer,0.5049313108126322,0.4301831902531053,0.44477701603232056,,,,,1.0,0.43018319209416706
unknown,final,full,protein_ligand,0.6648320443928242,0.5349759961992236,0.5511513592313154,,,,0.11420381162775248,1.0,0.5349759887903929
unknown,final,full,protein_protein,0.7585306167602539,0.5478723404255319,0.42258282623394183,,,0.89375,0.0789473684210526,1.0,0.5478723347187042
unknown,final,none,monomer,0.49608322481314343,0.42471975639557863,0.42164560894768915,0.15412458280722297,0.43198563051714717,,,,
unknown,final,none,protein_ligand,0.6668528765439987,0.5308210211133029,0.543908354004327,0.07271866500377652,0.6064014398859241,,0.10673068170915612,,
unknown,final,none,protein_protein,0.7616037428379059,0.6542553191489362,0.4959677419354839,0.0865461193025112,0.5503368312675166,0.85625,0.381578947368421,,
unknown,final,oracle4,monomer,0.49401316543420154,0.42459796550900203,0.41940740402008,0.15119559442003563,0.42647961723055844,,,1.0,0.20833333333333334
unknown,final,oracle4,protein_ligand,0.6632743775844574,0.529109295064781,0.5489088282510488,0.07329673273488874,0.6058039183438362,,0.10571098395298316,1.0,0.03125
unknown,final,oracle4,protein_protein,0.7514981329441071,0.5398936170212766,0.4172370561127676,0.08888834342360495,0.54145893639827,0.875,0.0789473684210526,1.0,0.125
unknown,final,search4,monomer,0.5007441143194834,0.422457480768817,0.42619014713876374,0.14897531767686203,0.44043366904147147,,,0.125,0.041666666666666664
unknown,final,search4,protein_ligand,0.6637944057583809,0.5248435751592173,0.5427384923268668,0.07267988892272109,0.6084502679617376,,0.11379642453867592,0.21875,0.09375
unknown,final,search4,protein_protein,0.7612090706825256,0.6569148936170213,0.49622580645161285,0.08571220934391015,0.5615281176216259,0.8687499999999999,0.3684210526315789,0.125,0.25
unknown,final,sparse,monomer,0.5020994742711385,0.4351562898113515,0.4277221765295498,0.15256637334823606,0.4346808345596384,,,1.0,0.6666666716337204
unknown,final,sparse,protein_ligand,0.6640736162662506,0.5275834821609066,0.54620794594328,0.0736620500683784,0.6059975562227782,,0.10676044851940866,1.0,0.39285714285714285
unknown,final,sparse,protein_protein,0.7515800297260284,0.5372340425531915,0.4027742346938775,0.08987454324960706,0.544700546719759,0.875,0.07236842105263155,,
unknown,initial,none,monomer,0.5486249029636383,0.5415386758256131,0.43026015023237885,0.23732395966847739,0.0551979311170655,,,,
unknown,initial,none,protein_ligand,0.6453496888279915,0.5383119010860056,0.5213050859684779,0.18918190896511075,0.03112690755827965,,0.13012210542370958,,
unknown,initial,none,protein_protein,0.6849140226840973,0.5664893617021276,0.3702695509097948,0.185586467385292,0.0293291731669266,0.775,0.3026315789473684,,
unknown,step-1024,full,monomer,0.489080215493838,0.4194085753014197,0.3970593783334217,,,,,1.0,0.41940857966740924
unknown,step-1024,full,protein_ligand,0.6655561104416847,0.5557955531706276,0.5643163286200131,,,,0.15574603990720623,1.0,0.5557955522090197
unknown,step-1024,full,protein_protein,0.7654315233230591,0.6143617021276595,0.4727253018477753,,,0.86875,0.23684210526315785,1.0,0.6143617033958435
unknown,step-1024,none,monomer,0.5213182171185812,0.476225467714374,0.4489143808507266,0.13093977297345794,0.47363670739273944,,,,
unknown,step-1024,none,protein_ligand,0.6657065898180008,0.5454889193785641,0.5515051199429933,0.070162053219974,0.6122908405300761,,0.11918286415756235,,
unknown,step-1024,none,protein_protein,0.7617377936840057,0.6090425531914894,0.46729547193665366,0.07591934129595751,0.5824891688475087,0.85625,0.24999999999999994,,
unknown,step-1024,oracle4,monomer,0.4984636853138606,0.43406594713222374,0.40982161810435896,0.1326873252789179,0.4568318821667827,,,1.0,0.20833333333333334
unknown,step-1024,oracle4,protein_ligand,0.6709140986204147,0.5486745869767666,0.5629340053658982,0.06820862181484695,0.6169780664590638,,0.13429831510013698,1.0,0.0
unknown,step-1024,oracle4,protein_protein,0.762898325920105,0.6170212765957447,0.47433460076045625,0.07730076462030411,0.5727736636122124,0.88125,0.2434210526315789,1.0,0.25
unknown,step-1024,search4,monomer,0.4938809076944987,0.42671189519302527,0.40191904438991494,0.13155795757969216,0.4632494308182988,,,0.20833333333333334,0.20833333333333334
unknown,step-1024,search4,protein_ligand,0.6681100092828274,0.5564791791241974,0.5616759572756356,0.07006271695718165,0.6125474594558378,,0.1576806980686014,0.1875,0.03125
unknown,step-1024,search4,protein_protein,0.7648382484912872,0.5957446808510638,0.4649896800825593,0.07572333514690395,0.584519492492438,0.85,0.22368421052631576,0.25,0.125
unknown,step-1024,sparse,monomer,0.499262938896815,0.4349037053645743,0.4159801459596409,0.13360908130804694,0.46208614257302255,,,1.0,0.6666666716337204
unknown,step-1024,sparse,protein_ligand,0.6672273501753807,0.5537618089818409,0.5683656305592928,0.06998285278677938,0.6125002774382049,,0.15687816272358932,1.0,0.5
unknown,step-1024,sparse,protein_protein,0.7624825239181519,0.6276595744680851,0.4775272620100206,0.0774775743484497,0.5788641698469996,0.8875,0.26315789473684204,,
unknown,step-256,full,monomer,0.533770889043808,0.4905045007706062,0.45855906807052865,,,,,1.0,0.4905045082171758
unknown,step-256,full,protein_ligand,0.6550452895462513,0.5400560057676456,0.5318899436675107,,,,0.13076731948643638,1.0,0.5400559986010194
unknown,step-256,full,protein_protein,0.7658262550830841,0.6808510638297872,0.4949990907437716,,,0.875,0.381578947368421,1.0,0.6808510720729828
unknown,step-256,none,monomer,0.5247415403525034,0.48005392544880304,0.4266188229247703,0.1068625152111053,0.5344652161216165,,,,
unknown,step-256,none,protein_ligand,0.6534477546811104,0.5364761651005437,0.5263837356081951,0.06823032721877093,0.617600299809165,,0.1457490042878967,,
unknown,step-256,none,protein_protein,0.7652862966060638,0.6595744680851063,0.4786640804946054,0.06927201524376865,0.6075578860704145,0.8375,0.3684210526315789,,
unknown,step-256,oracle4,monomer,0.521377628048261,0.46501866780813766,0.4248240993692032,0.10718954230348265,0.5141169140950256,,,1.0,0.16666666666666666
unknown,step-256,oracle4,protein_ligand,0.655653178691864,0.5408952939502355,0.5339007687843069,0.06709358608350155,0.6199779996791535,,0.12495879387836932,1.0,0.0625
unknown,step-256,oracle4,protein_protein,0.7678095996379852,0.6728723404255319,0.4894263045468416,0.0690552219748497,0.6009538664076562,0.86875,0.375,1.0,0.5
unknown,step-256,search4,monomer,0.5114620526631674,0.44707973651042776,0.4155299519766089,0.10612835114200904,0.5286458376999955,,,0.625,0.25
unknown,step-256,search4,protein_ligand,0.6536570452153683,0.5374536276516527,0.5341766860509388,0.06783431116491552,0.6188003074577703,,0.13799352018361938,0.34375,0.09375
unknown,step-256,search4,protein_protein,0.7663996517658234,0.6702127659574468,0.49404585856384553,0.06768130138516425,0.6142742095001344,0.8625,0.375,0.25,0.25
unknown,step-256,sparse,monomer,0.5236317763725916,0.4661308660345544,0.4284554875217541,0.10537882273395856,0.542307043804593,,,1.0,0.5833333358168602
unknown,step-256,sparse,protein_ligand,0.655989121645689,0.5437009475039751,0.5317300886829344,0.06809282628819341,0.6181607786456126,,0.13566900291025918,1.0,0.5357142857142857
unknown,step-256,sparse,protein_protein,0.7656326293945312,0.6702127659574468,0.4814512538952367,0.06920423731207839,0.6112366972096905,0.85625,0.381578947368421,,
unknown,step-512,full,monomer,0.5201347221930822,0.45626201064240585,0.43535584770629104,,,,,1.0,0.45626200735569
unknown,step-512,full,protein_ligand,0.6610020063817501,0.5504231061131618,0.5537550277251031,,,,0.13961396629216244,1.0,0.5504231005907059
unknown,step-512,full,protein_protein,0.7668936252593994,0.6382978723404256,0.4859022556390977,,,0.85625,0.30921052631578944,1.0,0.6382978856563568
unknown,step-512,none,monomer,0.5089960942665736,0.44953763627160215,0.4319385187157854,0.12208090474208193,0.4840183288178459,,,,
unknown,step-512,none,protein_ligand,0.6602181494235992,0.5565782927239529,0.5535454871188343,0.06882899021729824,0.6122086433376966,,0.1586891410184185,,
unknown,step-512,none,protein_protein,0.7650243937969208,0.6409574468085106,0.49603858960129765,0.06953812763094899,0.5738344970777722,0.84375,0.32894736842105265,,
unknown,step-512,oracle4,monomer,0.5071731259425482,0.4393685218968803,0.41457873628926256,0.1203082812329133,0.47518882363885195,,,1.0,0.08333333333333333
unknown,step-512,oracle4,protein_ligand,0.6605074144899845,0.5465912083727895,0.5513964771827943,0.06781349098309869,0.613593570212793,,0.1475803396368449,1.0,0.15625
unknown,step-512,oracle4,protein_protein,0.7676036357879639,0.6409574468085106,0.48993221690590105,0.06876487284898755,0.5733522439755079,0.85,0.3223684210526315,1.0,0.25
unknown,step-512,search4,monomer,0.5085627337296804,0.44845861771024076,0.4340698738723554,0.11897676313916838,0.49410705785914266,,,0.20833333333333334,0.25
unknown,step-512,search4,protein_ligand,0.664606437087059,0.5581532846399235,0.559345031668099,0.06890290696173904,0.6118723129961618,,0.15135857198032926,0.21875,0.0625
unknown,step-512,search4,protein_protein,0.7627108991146088,0.6436170212765957,0.4904641392086807,0.06743203103542325,0.5902439307505757,0.8625,0.3223684210526315,0.0,0.125
unknown,step-512,sparse,monomer,0.5118756790955862,0.4559762465305734,0.4365177941782335,0.12183164184292154,0.47933664387523106,,,1.0,0.6666666716337204
unknown,step-512,sparse,protein_ligand,0.6635559126734734,0.5575761881198253,0.5536869403574374,0.06880507804453369,0.6125553817216453,,0.1579314403938075,1.0,0.42857142857142855
unknown,step-512,sparse,protein_protein,0.7656475007534027,0.6382978723404256,0.4947283743538835,0.06960483640432355,0.5765249456167809,0.85,0.3223684210526315,,
