arm,phase,mode,lddt,all_recall,all_precision,all_bce,all_ap,pp_recall,pl_recall,request_satisfaction
masked,final,full,0.6488155983388424,0.5566372139854178,0.5383350162570556,,,0.8875,0.14465957787581502,0.5566372200846672
masked,final,none,0.6380446199327707,0.5346144364291251,0.5207258918424122,0.09688347857445476,0.5590235537701811,0.90625,0.13568131360325097,
masked,final,oracle4,0.6390920411795378,0.5349789507216112,0.5223192738791945,0.09658196126110848,0.5538140624647533,0.89375,0.1390876738085863,0.140625
masked,final,search4,0.6396911069750786,0.5393763642073628,0.5215302542510011,0.09216985781677063,0.5688843868105089,0.89375,0.13035940736727902,0.203125
masked,final,sparse,0.6428048983216286,0.5463265782256805,0.5250664785814032,0.09325740719214079,0.564925942017999,0.91875,0.1321265776959712,0.5833333351395347
masked,initial,none,0.6218519248068333,0.5590749796325133,0.48874847209376004,0.20678574778139588,0.03992882459390521,0.7625,0.19685554758695264,
masked,step-1024,full,0.6523849423974752,0.5763257595623233,0.5518246407354246,,,0.8625,0.2058641140580267,0.5763257603393868
masked,step-1024,none,0.6325474232435226,0.5470296210214236,0.5276940479869988,0.08907626266591245,0.5672349996161221,0.8625,0.17201241764116607,
masked,step-1024,oracle4,0.6316392794251442,0.5418536870026838,0.5193005989207485,0.0877386373467743,0.5657721268946653,0.84375,0.18781355981141384,0.125
masked,step-1024,search4,0.6321608535945415,0.5481563332804721,0.5246535808257389,0.08923035860061641,0.5649549020415846,0.8500000000000001,0.1742637194373904,0.15625
masked,step-1024,sparse,0.6357249338179827,0.5504381357592967,0.5325080962900747,0.0884629779029637,0.5694048457634925,0.8500000000000001,0.18413241983709955,0.5833333351395347
masked,step-256,full,0.6225499957799911,0.55196519773209,0.5130485582027087,,,0.8374999999999999,0.2739032147507686,0.5519652063958347
masked,step-256,none,0.6148464437574148,0.5294249479615051,0.4889576193887604,0.08195977541618044,0.587906598198896,0.81875,0.189123252203346,
masked,step-256,oracle4,0.6190486047416925,0.5291630336094557,0.49241871817304883,0.08116118609905239,0.5831928634721509,0.84375,0.18078096832637885,0.21875
masked,step-256,search4,0.6158265061676502,0.5285568645367026,0.49050007674114965,0.08116782037541266,0.5881190689652621,0.84375,0.17804709979468797,0.171875
masked,step-256,sparse,0.6165756043046713,0.5264350276122963,0.4986253885869498,0.08181168162263926,0.5888318102672933,0.84375,0.18597323874419017,0.5151515169577165
masked,step-512,full,0.626362094655633,0.5370347229225064,0.5113948614243331,,,0.84375,0.18680230267446823,0.5370347247226164
masked,step-512,none,0.622513497248292,0.5275823349990598,0.5001883091016557,0.0875625247135758,0.5618917918412454,0.8625,0.17649044192772398,
masked,step-512,oracle4,0.6199861131608486,0.5206537325138884,0.49334749068640715,0.08708092034794386,0.5569370519792878,0.84375,0.15658161006721547,0.109375
masked,step-512,search4,0.6183414254337549,0.5212373022891472,0.49444518466550136,0.08638444170355793,0.566058471344336,0.84375,0.16671206159179017,0.125
masked,step-512,sparse,0.6222145427018404,0.5303757903604067,0.5010276398318294,0.08773236628621812,0.5610478008609989,0.875,0.1800614576518246,0.5151515169577165
unknown,final,full,0.6165815908461809,0.4972907369977178,0.4951899139070206,,,0.89375,0.10715252298641251,0.4972907332703471
unknown,final,none,0.6146581154316664,0.5064623340986104,0.4920672480994824,0.10497431596741078,0.5339874352953318,0.85625,0.1617003348410091,
unknown,final,oracle4,0.6108293924480677,0.49126558672592585,0.4838868226471503,0.10445775720290836,0.5305141826831612,0.875,0.10035826084659705,0.109375
unknown,final,search4,0.6148273795843124,0.5029577045700426,0.49321877714692136,0.10291971475817259,0.5395787745741238,0.8687499999999999,0.1647213501572565,0.09375
unknown,final,sparse,0.6142716147005558,0.49412960507885906,0.4838465685069559,0.10527773294597861,0.5340916594112234,0.875,0.09988204302605325,0.4924242442304438
unknown,initial,none,0.6140234358608723,0.5430441241903736,0.4682837931851054,0.20678574778139588,0.03992882459390521,0.775,0.16462400012844133,
unknown,step-1024,full,0.611862076446414,0.5119712050893036,0.4901460939160116,,,0.86875,0.17196525297839654,0.5119712064042687
unknown,step-1024,none,0.623564850538969,0.5274593292311085,0.5025073867826009,0.09367335913702841,0.556570331643254,0.85625,0.14534629132604987,
unknown,step-1024,oracle4,0.6177432220429182,0.5142396832374353,0.49444193456714075,0.09352465346455571,0.551397696993602,0.88125,0.15612286260642536,0.109375
unknown,step-1024,search4,0.6148651260882616,0.5127246353658662,0.4896813302943558,0.09383100946433838,0.5530572028463356,0.85,0.17088140056014428,0.109375
unknown,step-1024,sparse,0.616147592663765,0.5184272408111464,0.4998662777657643,0.0947795286774635,0.5518904634148608,0.8875,0.1781341091262399,0.560606062412262
unknown,step-256,full,0.6234150100499392,0.5390735736515235,0.4997795087031751,,,0.875,0.18092964506283332,0.5390735738910735
unknown,step-256,none,0.619162742048502,0.5307051131042113,0.4830069364627121,0.08284760871902104,0.5851693417089905,0.8375,0.19028341395663312,
unknown,step-256,oracle4,0.619319399818778,0.5289386899563608,0.4874377097239599,0.08237477415241298,0.5779020759261684,0.86875,0.17496703510269546,0.15625
unknown,step-256,search4,0.6144267488270998,0.5201583107619177,0.48466780733717846,0.08217544993385668,0.5844266190539003,0.8625,0.1853948161468955,0.171875
unknown,step-256,sparse,0.6200605556368828,0.5304261442596263,0.4867172588990295,0.08221400133334096,0.5888501179007399,0.85625,0.18485099180189157,0.5530303039334037
unknown,step-512,full,0.6214132271707058,0.5260970410900363,0.5008737387072979,,,0.85625,0.17353327829688783,0.5260970387607813
unknown,step-512,none,0.6166106592863798,0.5269854408148911,0.5007545117779989,0.08888710034079846,0.5593405071102621,0.84375,0.19274078649894533,
unknown,step-512,oracle4,0.6163940839469433,0.5181784807487887,0.49240679181310826,0.08761796006001528,0.5566616244679045,0.85,0.18253795592000222,0.140625
unknown,step-512,search4,0.6183531060814857,0.5277007516208765,0.5037567359372679,0.08749674353748557,0.5650067945390814,0.8625,0.18556054179478973,0.140625
unknown,step-512,sparse,0.6194372735917568,0.5295664205514309,0.5023786897897917,0.08879000926390286,0.5580945505161319,0.85,0.1908188365255723,0.5151515169577165
