stage,train/gdt_ts,_step,loss,train/lddt_hard,_runtime,lr,train/plddt,loss/diffusion,tokens_per_sec,grad_norm,loss/distogram,train/rmsd,gpu/peak_mem_gb,train/lddt,_timestamp,val/total_loss,val/n_attempted,val/plddt,val/diffusion_loss,val/n_skipped,val/lddt_hard,val/lddt,val/rmsd,val/distogram_loss,val/gdt_ts
stage1,0.9657431840896606,0,0.4941956102848053,0.9111597537994385,66.417761777,0.0,28.083423614501953,0.32287415862083435,14.648111738179615,6.479360103607178,1.7132145166397095,0.7004643082618713,11.158724608,0.8774669766426086,1776875779.0772471,,,,,,,,,,
stage1,0.7878901958465576,10,0.7680979162454605,0.7223647236824036,108.818757005,5e-05,30.92412567138672,0.5467036619782448,88.77726451272393,6.884967422485351,2.213942551612854,1.670488715171814,14.034464256,0.697997760772705,1776875819.1034694,,,,,,,,,,
stage1,0.9253420829772949,20,0.43192551136016843,0.8548715710639954,143.925381147,0.0001,43.2378044128418,0.2068268608301878,70.64306696421998,4.181168735027313,2.2509864807128905,0.9833770394325256,14.04032512,0.7696861028671265,1776875861.5047948,,,,,,,,,,
stage1,0.9464874863624573,30,0.46326438039541246,0.8803632259368896,179.566777046,0.00015,30.022653579711914,0.2759505894035101,104.24096299648366,2.0562852382659913,1.8731378674507142,0.829964280128479,14.0308992,0.6836037755012512,1776875896.611315,,,,,,,,,,
stage1,0.6556402444839478,40,0.3787963271141052,0.6211955547332764,208.530662635,0.0002,24.62269401550293,0.16712884828448296,94.53743772765738,1.8159960150718688,2.1166747212409973,2.615166187286377,14.014893056,0.6871621906757355,1776875932.2529333,,,,,,,,,,
stage1,0.9407294988632202,50,0.514705342054367,0.8805680274963379,286.721588898,0.00025,53.52051544189453,0.3259704506024718,118.61670335149722,3.9379750370979307,1.8873488068580628,0.9081063866615295,14.036326912,0.7119355916976928,1776875961.2168353,,,,,,,,,,
stage1,0.7879509925842285,60,0.3316218048334122,0.7616047859191895,316.068820803,0.0003,49.204532623291016,0.13351110946387051,44.125541060395356,2.1356440424919128,1.98110693693161,1.703881025314331,14.011472384,0.679146921634674,1776876039.4075646,,,,,,,,,,
stage1,0.021373918280005455,70,0.42375783026218417,0.2866826355457306,527.180183743,0.00035000000000000005,30.049152374267578,0.22969438657164573,115.59979814715363,5.617748498916626,1.9406345009803772,17.99410629272461,14.04324096,0.6543219923973084,1776876068.7549589,,,,,,,,,,
stage1,0.1574273407459259,80,0.30699391216039656,0.31832849979400635,557.909830007,0.0004,31.836742401123047,0.12252472750842572,17.095645084414766,3.171080732345581,1.844691848754883,9.121253967285156,14.014897664,0.6188997387886047,1776876279.8663642,,,,,,,,,,
stage1,0.9767311811447144,90,4.469642253220082,0.9240672588348389,590.921028709,0.00045,28.615507125854492,4.271012357249856,115.02195938550477,15.478180134296418,1.9863008260726929,0.6350863575935364,14.017518592,0.7318676471710205,1776876310.5958557,,,,,,,,,,
stage1,0.9727400541305542,100,0.3805736154317856,0.9167138338088989,617.069539814,0.0005,33.32962417602539,0.21020414857193828,112.49461002946705,2.5311027646064757,1.7036946296691895,0.6641444563865662,14.02889984,0.7993883609771728,1776876343.6068792,,,,,,,,,,
stage1,0.5082644820213318,110,0.354125913977623,0.5485600829124451,649.35523857,0.00055,29.828332901000977,0.15114519484341143,131.5774112122761,4.063989448547363,2.0298070907592773,3.8958256244659424,14.016997888,0.6254248857498169,1776876369.7557662,,,,,,,,,,
stage1,0.8635719418525696,120,0.3289698094129562,0.7949511408805847,708.584167447,0.0006,44.4431266784668,0.16692418605089188,107.71178972325802,2.3310567021369932,1.6204561829566955,1.3353630304336548,14.006474752,0.7856841802597045,1776876402.0413592,,,,,,,,,,
stage1,0.9834749698638916,130,0.9151933252811432,0.9619430899620056,771.263602746,0.00065,90.18012237548828,0.7606825366616249,56.0413975020831,23.32440140247345,1.5451080918312072,0.5391107201576233,14.019817472,0.8144279956817627,1776876461.2702227,,,,,,,,,,
stage1,0.8465009331703186,140,0.44546045660972594,0.7792783975601196,802.684716788,0.0007000000000000001,32.37877655029297,0.26316625978797675,49.557425834444196,6.101583635807037,1.8229419231414794,1.3847603797912598,14.039434752,0.7372285425662994,1776876523.9497378,,,,,,,,,,
stage1,0.812786877155304,150,0.35390636026859285,0.7391825318336487,852.179267345,0.00075,28.702253341674805,0.1609059065580368,111.9489942387204,3.162295138835907,1.9300045013427733,1.4839385747909546,14.038915584,0.7356516659259796,1776876555.3708203,,,,,,,,,,
stage1,0.5976423025131226,160,0.43380208164453504,0.6024520397186279,882.961155594,0.0008,31.643577575683594,0.23049132749438286,61.2457465665594,11.805629658699036,2.033107566833496,2.9417874813079834,14.019305472,0.684057492017746,1776876604.8650558,,,,,,,,,,
stage1,0.7085044980049133,170,0.5343221068382263,0.6964669823646545,915.946246845,0.0008500000000000001,60.44196701049805,0.33460523970425127,111.47867545551581,4.623902726173401,1.997168731689453,2.4255189895629883,14.02339328,0.7884396433830261,1776876635.647272,,,,,,,,,,
stage1,1.0,180,0.6025106504559516,1.0,946.61983681,0.0009,93.97718048095703,0.416051818151027,96.29910915272966,2.987237823009491,1.864588212966919,0.07965215295553207,14.021155328,0.7036199688911438,1776876668.6324193,,,,,,,,,,
stage1,0.9557497501373291,190,0.9156248733401299,0.9027919769287109,975.420035684,0.00095,42.5098991394043,0.70706080570817,104.17736500993074,3.053651213645935,2.085640621185303,0.7822675108909607,14.033281536,0.6592902660369873,1776876699.3059373,,,,,,,,,,
stage1,0.9520877599716187,200,0.35586426705121993,0.9320815205574036,1044.238919701,0.001,92.90738677978516,0.1707766991108656,110.5040624018951,3.905888032913208,1.8508756637573243,0.8440832495689392,14.004105728,0.7487649619579315,1776876728.1061583,,,,,,,,,,
stage1,0.9030473232269287,210,0.4669892117381096,0.8276113271713257,1072.768953786,0.0009999974308631955,39.526729583740234,0.30514952167868614,52.19879452040746,4.216191911697388,1.6183969259262085,1.124822735786438,14.040491008,0.7799230277538299,1776876796.9250069,,,,,,,,,,
stage1,0.4794172942638397,220,0.4226498410105705,0.49249979853630066,1128.913827681,0.000999989723479183,29.33211898803711,0.24138000458478928,110.7107813769717,2.1802383601665496,1.8126984000205995,3.7599706649780273,14.014368768,0.7492408573627471,1776876825.4550292,,,,,,,,,,
stage1,0.6488349437713623,230,0.3674521423876286,0.6207773089408875,1167.875448995,0.0009999768779271685,36.36650848388672,0.18576661255210639,64.21524258868621,10.696401381492615,1.8168552815914154,2.6621804237365723,14.03268608,0.7216109097003937,1776876881.599887,,,,,,,,,,
stage1,0.36414963006973267,240,0.396453270316124,0.4649413824081421,1280.35728871,0.0009999588943391596,56.334068298339844,0.2033156555145979,82.37393532876413,7.242846488952637,1.931376087665558,6.4590559005737305,14.034052096,0.68306685090065,1776876920.5613415,,,,,,,,,,
stage1,0.02841634675860405,250,20.127913135290147,0.1366218626499176,1324.373545033,0.0009999357728999656,21.860328674316406,19.94261107109487,25.418705714587986,10.382497310638428,1.8530258655548095,17.736356735229492,14.082889728,0.6283177375793457,1776877033.0431871,,,,,,,,,,
stage1,0.7999999523162842,260,0.6204594135284424,0.7520478963851929,1464.047193366,0.000999907513847195,34.61891174316406,0.42767043337225913,71.8226321053962,4.118989789485932,1.9278897523880005,1.6042070388793945,14.017412608,0.7210408985614777,1776877077.0597327,,,,,,,,,,
stage1,0.8665937781333923,270,0.35689014196395874,0.8153507113456726,1492.287267085,0.0009998741174712534,94.00697326660156,0.2001157246530056,23.19048030927426,4.3677562236785885,1.5677441895008086,1.231217384338379,14.021837312,0.6980805277824402,1776877216.7333145,,,,,,,,,,
stage1,0.4756971299648285,280,7.4970059737563135,0.4839964807033539,1527.16143185,0.00099983558411534,48.60403823852539,7.312714784033597,110.32455909633896,7.992871832847595,1.8429100036621093,4.164697647094727,14.017739776,0.6396772265434265,1776877244.9732451,,,,,,,,,,
stage1,0.005493273492902517,290,0.30558632016181947,0.22759303450584412,1557.114135381,0.0009997919141754449,51.296749114990234,0.15352372080087662,93.14774159228622,7.440022110939026,1.5206259489059448,24.94544219970703,14.023194112,0.6036359071731567,1776877279.8474526,,,,,,,,,,
stage1,0.8877487182617188,300,0.532859106361866,0.7957468032836914,1631.534687759,0.000999743108100344,36.94682693481445,0.360187952965498,111.82911964711269,9.937385964393616,1.7267115116119385,1.0979061126708984,14.028706304,0.685191684961319,1776877309.8000047,,,,,,,,,,
stage1,0.6547029614448547,310,0.6901373863220215,0.7324624061584473,1663.928820412,0.0009996891663915954,85.85148620605469,0.45701448936015365,38.78245608187125,3.4221224546432496,2.3312289357185363,2.9745559692382812,14.015260672,0.7167374670505524,1776877384.2207072,,,,,,,,,,
stage1,0.48646432161331177,320,0.7137905478477478,0.4949781894683838,1723.958368633,0.0009996300896035338,40.62843704223633,0.5310575910843909,107.72027637890227,3.6609244346618652,1.8273293852806092,3.787599802017212,14.01305344,0.6550683856010437,1776877416.6148672,,,,,,,,,,
stage1,0.8316546678543091,330,0.5199626207351684,0.7575497627258301,1754.87412422,0.0009995658783432644,44.285972595214844,0.3352618901990354,58.64267417440545,3.704274928569794,1.8470073103904725,1.4674768447875977,14.025120768,0.619985693693161,1776877476.6445117,,,,,,,,,,
stage1,0.9788438677787781,340,0.628234601020813,0.9268013834953308,1788.15948771,0.0009994965332706573,93.7574462890625,0.4387469984591007,90.13010402987085,3.7451743125915526,1.894875943660736,0.6335766911506653,14.022132736,0.7397925198078156,1776877507.5602307,,,,,,,,,,
stage1,0.979377269744873,350,2.0304267317056657,0.93147212266922,1823.310685515,0.0009994220550983404,38.08243942260742,1.8334744602441788,109.13275785216399,8.27930566072464,1.969523298740387,0.6029775142669678,14.206997504,0.6741114854812622,1776877540.8456197,,,,,,,,,,
stage1,0.7208378314971924,360,0.3351045548915863,0.680066704750061,1854.185134283,0.0009993424445916923,36.578369140625,0.1380362009629607,93.18366055039685,2.65886572599411,1.9706835269927978,2.0225095748901367,14.008192512,0.707179594039917,1776877575.9966311,,,,,,,,,,
stage1,0.6667022705078125,370,0.5651160478591919,0.6289092302322388,1888.944534033,0.0009992577025688338,40.8712043762207,0.35784299187362195,116.13232364821233,2.890608513355255,2.0727304577827455,2.45601487159729,14.049796096,0.7075608253479004,1776877606.8712838,,,,,,,,,,
stage1,0.9361357688903809,380,0.4118507206439972,0.851755678653717,1922.599288101,0.0009991678299006205,41.00387954711914,0.20999484043568373,81.11304009851716,24.128622019290923,2.0185588002204895,0.901655375957489,14.014352896,0.7053678393363952,1776877641.6306257,,,,,,,,,,
stage1,0.3309326469898224,390,0.4084088891744614,0.36446937918663025,1957.940405811,0.000999072827510633,36.453277587890625,0.19064801074564458,83.47712056405928,7.191336047649384,2.177608776092529,5.610177516937256,14.008520192,0.6292848229408264,1776877675.285374,,,,,,,,,,
stage1,0.593436598777771,400,0.37854414731264113,0.5760114789009094,1983.531442614,0.0009989726963751681,39.72053527832031,0.17142576035112142,88.32285599227777,2.3480201959609985,2.0711838483810423,2.82808518409729,14.010404352,0.738453209400177,1776877710.6265337,,,,,,,,,,
stage1,0.2505446672439575,410,0.9010410264134407,0.3709269165992737,2017.649207453,0.000998867437523228,35.29933547973633,0.6888410709798336,136.59822761866045,9.58810772895813,2.121999537944794,6.968297481536865,14.00847104,0.5797425627708435,1776877736.217224,,,,,,,,,,
stage1,0.9999122619628906,420,0.6058480784296989,0.995782732963562,2047.493659347,0.0009987570520365104,54.915042877197266,0.426253208424896,94.77446003738746,3.4883124113082884,1.7959486722946167,0.24751277267932892,14.033724416,0.6221272587776184,1776877770.3354247,,,,,,,,,,
stage1,0.49031853675842285,430,0.4885362058877945,0.5180058479309082,2077.607604738,0.0009986415410493965,39.370391845703125,0.2863037507981062,105.59994229188209,4.310814464092255,2.022324526309967,3.745388984680176,14.026403328,0.6662591576576233,1776877800.1794717,,,,,,,,,,
stage1,0.3224331736564636,440,1.1886301890015603,0.43975356221199036,2112.042113192,0.000998520905748941,45.74716567993164,1.0119895529001952,120.82982964013874,4.310489428043366,1.7664063036441804,5.956382751464844,14.258434048,0.6190278887748718,1776877830.2937207,,,,,,,,,,
stage1,0.8934346437454224,450,0.37854529172182083,0.8237313628196716,2141.914961353,0.0009983951473748578,39.065208435058594,0.20241061076521874,91.22986830487127,5.88907755613327,1.7613467693328857,1.1317143440246582,14.019766272,0.7916139841079712,1776877864.7282424,,,,,,,,,,
stage1,0.9630281925201416,460,0.43056331723928454,0.9003063440322876,2177.878580932,0.0009982642672195091,33.14323043823242,0.22569531723856925,107.13822887867009,3.4574954986572264,2.0486799240112306,0.7195442318916321,14.033804288,0.6708601713180542,1776877894.6008592,,,,,,,,,,
stage1,0.41750001907348633,470,0.6755785033106804,0.4373268485069275,2212.728083794,0.0009981282666278908,32.413455963134766,0.4850135506130755,90.35240741144818,2.042514091730118,1.9056496143341064,4.722305774688721,14.027921408,0.7062383353710174,1776877930.5647295,,,,,,,,,,
stage1,0.9857739210128784,480,0.7977519005537033,0.9378817081451416,2250.774260095,0.0009979871469976197,40.42170715332031,0.60979870185256,103.9761353530598,3.519848144054413,1.8795320034027099,0.5621629953384399,14.132219392,0.725620424747467,1776877965.4142575,,,,,,,,,,
stage1,0.6046881079673767,490,0.3398329935967922,0.608780026435852,2283.371065866,0.0009978409097789176,41.31004333496094,0.13661065278574824,79.67575197342009,2.3938512921333315,2.032223439216614,2.873307228088379,14.010518528,0.6672854244709014,1776878003.4604752,,,,,,,,,,
stage1,0.7301236987113953,500,0.7153991967439651,0.6785877346992493,2370.05877096,0.0009976895564745992,37.32261657714844,0.5368819996714592,113.71010004323651,2.901996099948883,1.7851718664169312,2.012424945831299,14.034680832,0.6677337944507599,1776878064.8163397,4.72200944625074,32.0,47.675266087055206,4.549663389625493,0.0,0.6269608237780631,0.6141197197139263,3.907181023620069,1.72346056625247,0.6255225929198787
stage1,0.5280743837356567,510,0.34491645693778994,0.5281402468681335,2402.362495974,0.000997533088640053,35.848045349121094,0.17969733532518148,40.135517087485916,2.2918199777603148,1.652191197872162,3.5161373615264893,14.013422592,0.6713685035705567,1776878122.7446163,,,,,,,,,,
stage1,0.9926499724388123,520,0.33737983405590055,0.9520971775054932,2446.281875194,0.0009973715078832287,36.54568862915039,0.17385001704096795,115.17563308482787,3.8678181648254393,1.6352981090545655,0.4891376495361328,14.125555712,0.6616000473499298,1776878155.0485945,,,,,,,,,,
stage1,0.9933333396911621,530,0.4709126502275467,0.9575239419937134,2515.655292504,0.0009972048158646183,32.958770751953125,0.31061363518238067,84.25558308734736,2.929493081569672,1.6029901027679443,0.4729488492012024,14.014357504,0.6994591236114502,1776878198.9677763,,,,,,,,,,
stage1,0.4614661633968353,540,0.713915704190731,0.5415000915527344,2583.822960741,0.00099703301429724,55.10103225708008,0.529217985831201,50.19572524159588,3.782378447055817,1.8469770550727844,4.795777797698975,14.040717312,0.6574824392795563,1776878268.340993,,,,,,,,,,
stage1,0.5204575061798096,550,0.5056334272027015,0.5211405754089355,2647.121859309,0.0009968561049466214,32.835777282714844,0.3141833510249853,53.768349862076306,6.808945429325104,1.9145008087158204,3.5378358364105225,14.019269632,0.6956532239913941,1776878336.5091293,,,,,,,,,,
stage1,0.7025129199028015,560,1.2337608262896538,0.6725614666938782,2784.088206917,0.000996674089630779,31.01986312866211,1.0492879506200552,47.77697593678968,13.002204513549804,1.844728422164917,2.268824577331543,14.013181952,0.7008037328720093,1776878399.807921,,,,,,,,,,
stage1,0.3705272972583771,570,0.6127305865287781,0.4844924807548523,2816.600078099,0.0009964869702202021,53.66058349609375,0.4349821053445339,27.00034246774637,3.3576096177101133,1.7774846792221068,5.29554557800293,14.174626304,0.6421586096286773,1776878536.7742937,,,,,,,,,,
stage1,0.9439187049865723,580,0.415141960978508,0.8727039098739624,2850.349558249,0.0009962947486378325,46.545257568359375,0.21949844509363176,95.97937689598315,3.866313660144806,1.9564351081848144,0.8596104979515076,14.012900352,0.7624451279640198,1776878569.2861156,,,,,,,,,,
stage1,0.7838419079780579,590,0.4458929568529129,0.7317214012145996,2886.296735922,0.0009960974268590438,38.63380432128906,0.26133203096687796,98.82908717281958,1.684445333480835,1.845609188079834,1.6696025133132935,14.010973184,0.7083453059196472,1776878603.0354989,,,,,,,,,,
stage1,0.9422881007194519,600,0.49446276426315305,0.8761433362960815,2918.633959097,0.000995895006911623,39.4088134765625,0.3190162356942892,93.73447001824148,2.637998288869858,1.754465353488922,0.8772846460342407,14.033786368,0.7080892324447632,1776878638.9826403,,,,,,,,,,
stage1,0.91850745677948,610,0.5527279213070869,0.8376048803329468,2955.002293398,0.0009956874908757481,39.15910339355469,0.3577412713319063,103.23870164102763,5.709284651279449,1.949866485595703,1.016810417175293,14.036260352,0.7743237376213074,1776878671.3201098,,,,,,,,,,
stage1,0.37537065148353577,620,0.3888232335448265,0.398768812417984,2987.150708895,0.0009954748808839674,35.21321487426758,0.2292586501687765,100.099769935183,2.9955666422843934,1.5956457257270813,5.31179666519165,14.13351424,0.7180518746376038,1776878707.6883092,,,,,,,,,,
stage1,0.9196944236755371,630,0.6219645276665687,0.8395684361457825,3025.160015191,0.0009952571791211776,37.35568618774414,0.4444323841482401,111.31288478252608,3.3173709392547606,1.7753214716911316,1.0174534320831299,14.016021504,0.5774894118309021,1776878739.836851,,,,,,,,,,
stage1,0.9745447635650635,640,0.6222069397568702,0.9179949760437012,3061.95389041,0.0009950343878246009,43.29136657714844,0.43466767808422446,84.85908771936693,3.4321653962135317,1.8753926873207092,0.648696780204773,14.026420736,0.6519726991653443,1776878777.8459415,,,,,,,,,,
stage1,0.9951415657997131,650,0.4171658918261528,0.9603813886642456,3128.313265607,0.000994806509283763,38.660362243652344,0.2308505711145699,86.95563737600574,2.382042109966278,1.8631531953811646,0.4496711194515228,14.019709952,0.7789187133312225,1776878814.6399171,,,,,,,,,,
stage1,0.9955357313156128,660,46.662915693223475,0.9668098092079163,3164.996143799,0.0009945735458404682,52.2615966796875,46.480944636464116,56.545077835916985,9.842674684524535,1.8197197318077087,0.4271872639656067,14.005408768,0.6361878752708435,1776878880.9993987,,,,,,,,,,
stage1,0.6453601717948914,670,0.412063068151474,0.6273343563079834,3239.445826663,0.0009943354998887763,41.16709899902344,0.2452337708324194,95.09721129183754,1.9207391440868378,1.6682929933071136,2.5535576343536377,14.018584576,0.6962408185005188,1776878917.6821764,,,,,,,,,,
stage1,0.5492218732833862,680,0.34447057247161866,0.5317472219467163,3277.51797345,0.0009940923738749779,35.0926513671875,0.18406246956437827,40.580562198789984,2.550398659706116,1.604081040620804,3.3362770080566406,14.026901504,0.7048438668251038,1776878992.1318917,,,,,,,,,,
stage1,0.33082282543182373,690,0.39667449444532393,0.4063071608543396,3346.658351689,0.0009938441702975688,39.46540451049805,0.19716715384274722,90.60312114961594,2.8194142818450927,1.9950734376907349,5.791658401489258,14.006036992,0.6218739926815033,1776879030.2039344,,,,,,,,,,
stage1,0.1504826843738556,700,0.6883484572172165,0.3018718361854553,3384.62836284,0.0009935908917072251,58.3497314453125,0.47294376231729984,45.62037992964035,9.74096975326538,2.154046964645386,10.16407299041748,14.001394688,0.6105521440505981,1776879099.3442597,,,,,,,,,,
stage1,0.7806096076965332,710,0.5988222882151604,0.7201230525970459,3421.726082608,0.000993332540706776,39.84721374511719,0.42851367965340614,87.52824374831708,2.704784166812897,1.7030860781669617,1.8141696453094482,14.174358016,0.7918870687484741,1776879137.3143165,,,,,,,,,,
stage1,0.46529194712638855,720,0.5654891937971115,0.46470725536346436,3460.008666167,0.0009930691199511775,40.39485549926758,0.37928226217627525,99.26355989127062,1.6802052974700927,1.8620693325996398,4.590053558349609,14.010910208,0.7668170154094696,1776879174.4121735,,,,,,,,,,
stage1,0.9605218768119812,730,0.9416899889707565,0.9007470607757568,3496.617237844,0.000992800632147486,48.448421478271484,0.795526267029345,89.50412987758277,2.1109488368034364,1.461637258529663,0.7612025737762451,14.025091072,0.7616791725158691,1776879212.6946661,,,,,,,,,,
stage1,1.0,740,0.47386738657951355,0.9994074702262878,3566.236243953,0.0009925270800548284,82.39535522460938,0.2921425048261881,72.7515965000754,3.028700578212738,1.817248773574829,0.18895231187343597,13.994394624,0.8046006679534912,1776879249.3033435,,,,,,,,,,
stage1,0.9697943329811096,750,0.34235981702804563,0.9298897385597229,3617.970186251,0.0009922484664843763,92.23493957519531,0.156704455986619,41.959827665936345,1.3234995782375336,1.85655357837677,0.7275756597518921,14.031450112,0.7031802237033844,1776879318.9221208,,,,,,,,,,
stage1,0.869615375995636,760,0.5701025158166886,0.79961097240448,3754.49466015,0.0009919647942993148,37.572669982910156,0.38467035107314584,67.39026036410736,7.249113792181015,1.8543215095996857,1.2119287252426147,14.01405952,0.6808568835258484,1776879370.6562474,,,,,,,,,,
stage1,0.41328635811805725,770,0.4022697120904922,0.46396851539611816,3791.634128935,0.0009916760664148148,53.281455993652344,0.2230111550539732,25.571428595129795,6.177325201034546,1.792585515975952,4.840594291687012,14.028031488,0.601308923959732,1776879507.1804729,,,,,,,,,,
stage1,0.9938511252403259,780,0.451378658413887,0.9663059711456299,3851.725785084,0.0009913822857980019,36.82603073120117,0.2566580705344677,86.73817388067424,3.4103511333465577,1.9472058534622192,0.4416133165359497,14.021019136,0.6668733477592468,1776879544.3202183,,,,,,,,,,
stage1,0.9331173300743103,790,0.44674652367830275,0.8508457541465759,3890.420387898,0.0009910834554679266,38.505401611328125,0.27479251800104976,61.3781542907954,2.84366175532341,1.719540011882782,0.9163078665733337,14.028969984,0.6370599746704102,1776879604.4117918,,,,,,,,,,
stage1,0.7381710410118103,800,0.42731431126594543,0.6657480001449585,3926.612193459,0.0009907795784955327,40.79521179199219,0.21917888522148132,70.14795374110605,1.9528743743896484,2.0813541948795318,2.03768253326416,13.993165312,0.6399207592010498,1776879643.1063266,,,,,,,,,,
stage1,0.9647627472877502,810,0.6714548319578171,0.8861818313598633,3958.66906249,0.0009904706580036264,42.96772766113281,0.4711962500587106,92.24224774448003,8.308646965026856,2.0025858283042908,0.7458661794662476,14.040182784,0.7303870856761933,1776879679.2982836,,,,,,,,,,
stage1,0.9461565017700195,820,0.4767793044447899,0.8771556615829468,3991.164821396,0.0009901566971668436,36.11708068847656,0.2881743943318725,89.07553254238083,9.454691708087921,1.8860490918159485,0.8539499640464783,14.01869056,0.7723409533500671,1776879711.3545887,,,,,,,,,,
stage1,0.39703378081321716,830,0.4078046515583992,0.4735807180404663,4025.769352023,0.0009898376992116178,42.597076416015625,0.22613547295331954,97.56611489820632,4.889441657066345,1.8166917562484741,4.7561421394348145,14.049394176,0.6386490941047669,1776879743.8509018,,,,,,,,,,
stage1,0.4069167971611023,840,0.4608539596199989,0.4277579188346863,4064.69338734,0.0009895136674161465,49.44805908203125,0.2838485477492213,90.52174719809376,4.054294943809509,1.7700541257858275,5.004836082458496,14.022851584,0.6525383651256561,1776879778.4554117,,,,,,,,,,
stage1,0.32993197441101074,850,0.5264357253909111,0.36525118350982666,4100.769641478,0.0009891846051103576,46.53484344482422,0.35918651185929773,95.89001676335565,9.880876165628433,1.6724921226501466,5.863286018371582,14.035807744,0.7202434837818146,1776879817.379482,,,,,,,,,,
stage1,0.7614296674728394,860,0.505502812564373,0.7092306017875671,4137.098515005,0.0009888505156758758,47.856014251708984,0.3417140875011683,106.36305848301814,4.750086522102356,1.637887167930603,1.791001319885254,14.040092672,0.6798520982265472,1776879853.4558516,,,,,,,,,,
stage1,0.8583614230155945,870,0.81211898624897,0.7818244695663452,4173.660998309,0.0009885114025459864,58.609703063964844,0.6450234085321427,100.04450077582547,4.361462604999542,1.6709557890892028,1.3494161367416382,14.019343872,0.6268271207809448,1776879889.7846148,,,,,,,,,,
stage1,0.9998772740364075,880,0.4583415150642395,0.9962878227233887,4212.422935706,0.0009881672692056021,93.95152282714844,0.26669039502739905,76.59129376655042,2.562809181213379,1.9165111660957337,0.24667449295520782,14.036165632,0.7251586616039276,1776879926.3469646,,,,,,,,,,
stage1,0.626349687576294,890,0.3399420142173767,0.6459944844245911,4251.1738852,0.000987818119191225,60.151161193847656,0.13626321256160737,83.46841129435143,1.8647652387619018,2.036787974834442,3.0557925701141357,14.003807744,0.6288746476173401,1776879965.108982,,,,,,,,,,
stage1,0.059225894510746,900,0.40688705295324323,0.2352239489555359,4295.332638985,0.0009874639560909118,35.830101013183594,0.23345458470284938,88.34557465121254,1.33727086186409,1.7343246698379517,15.189337730407715,14.028096,0.7737796783447266,1776880003.859883,,,,,,,,,,
stage1,0.5163239240646362,910,0.8456042602658271,0.5254213809967041,4327.888845509,0.0009871047835442364,59.063941955566406,0.6694555839523673,75.77992907072155,2.262182664871216,1.7614869713783263,3.687436580657959,14.03299584,0.6561470031738281,1776880048.018719,,,,,,,,,,
stage1,0.8995367288589478,920,0.31813170984387396,0.8295944929122925,4366.356863839,0.0009867406052422524,53.36086654663086,0.18190783988684417,102.39172434123505,2.391551297903061,1.3622386753559113,1.1298807859420776,14.040126464,0.7761238217353821,1776880080.57493,,,,,,,,,,
stage1,0.8514133095741272,930,2.118512086570263,0.8403726816177368,4400.883921952,0.0009863714249274552,91.7293701171875,1.9054905463010072,68.16923705435734,4.433671081066132,2.130215561389923,1.267112135887146,14.02533888,0.5771578788757324,1776880119.0429268,,,,,,,,,,
stage1,0.7293441891670227,940,0.3637562900781631,0.6750713586807251,4471.79784538,0.000985997246393744,53.60964584350586,0.17266701012849808,84.35041163616458,3.603487288951874,1.9108927369117736,1.955618977546692,14.006894592,0.6782530188560486,1776880153.5701268,,,,,,,,,,
stage1,0.7724094390869141,950,0.3309254959225655,0.7082141637802124,4512.197293858,0.000985618073486382,49.49446487426758,0.13577788695693016,51.164320808220175,1.5245308458805085,1.9514760315418243,1.742702841758728,14.01214976,0.714503037929535,1776880224.483836,,,,,,,,,,
stage1,0.9889978170394897,960,0.49550677835941315,0.9592593312263489,4552.449109399,0.0009852339101019574,35.379737854003906,0.31350729167461394,84.63912311608446,4.867288506031036,1.8199948430061341,0.5018498301506042,14.034796544,0.8096800863742828,1776880264.8834488,,,,,,,,,,
stage1,0.8424898982048035,970,0.4318273276090622,0.7619112730026245,4591.186549642,0.0009848447601883434,28.78080940246582,0.24368603536859154,74.29110236942346,1.8363938927650452,1.881412935256958,1.4050370454788208,14.09627904,0.7212662994861603,1776880305.1349816,,,,,,,,,,
stage1,0.8317451477050781,980,0.48271730840206145,0.7746018171310425,4651.442006046,0.0009844506277446577,46.78709030151367,0.2899386342614889,85.94854930763218,1.9285166203975677,1.9277866780757904,1.4300496578216553,14.022047744,0.7734536409378052,1776880343.872699,,,,,,,,,,
stage1,0.9720906019210815,990,0.5141468897461892,0.9140700101852417,4690.374998656,0.0009840515168212207,41.93907928466797,0.32609114684164525,54.273314269746535,2.341725307703018,1.8805574297904968,0.6812340617179871,14.022509056,0.6886638939380646,1776880404.1280465,,,,,,,,,,
stage1,0.7262657880783081,1000,0.3720176801085472,0.6815022826194763,4801.174170745,0.0009836474315195148,34.83578109741211,0.17239651288837193,85.90104362054898,13.048567312955857,1.9962116003036499,2.111539602279663,14.014467584,0.6622699916362762,1776880495.9549463,0.5607349220197648,32.0,51.851829409599304,0.387972081778571,0.0,0.7375141261145473,0.7181909307837486,2.5222666058689356,1.7276284024119377,0.7578858396736905
stage1,0.9770399332046509,1010,0.39212488681077956,0.9232923984527588,4837.067526096,0.0009832383759921415,63.85000991821289,0.2046194277703762,32.44773369015048,2.298527204990387,1.8750546097755432,0.6310065984725952,14.022171648,0.7202470421791076,1776880553.8601346,,,,,,,,,,
stage1,0.6367975473403931,1020,0.6415330857038498,0.6256439089775085,4895.368863798,0.0009828243544427796,61.51675033569336,0.4846778489649296,103.48770999970357,3.20182843208313,1.568552267551422,2.5963263511657715,14.044208128,0.6957916736602783,1776880589.753538,,,,,,,,,,
stage1,0.884989857673645,1030,0.46413858234882355,0.8349401354789734,4933.139910771,0.0009824053711261404,70.8375473022461,0.2942922320216894,55.646548820269565,3.6056073546409606,1.6984634518623352,1.2208127975463867,13.996589056,0.7385139107704163,1776880648.0548995,,,,,,,,,,
stage1,0.8303508758544922,1040,0.3943584203720093,0.7717894911766052,4973.135617836,0.0009819814303479266,40.09675598144531,0.2187279336154461,93.94558052946658,4.946909791231155,1.7563048481941224,1.4825855493545532,14.024367616,0.7608608722686767,1776880685.8259275,,,,,,,,,,
stage1,0.7613636255264282,1050,0.37420318722724916,0.7174626588821411,5011.233540051,0.0009815525364647853,46.59147644042969,0.19164600716903807,64.83952020176352,5.516043895483017,1.8255717933177948,1.9593342542648315,14.007747072,0.8115993440151215,1776880725.8216858,,,,,,,,,,
stage1,0.9535764455795288,1060,0.42293733060359956,0.8826940059661865,5047.476203243,0.0009811186938842645,53.01691436767578,0.25895766690373423,82.8491613180196,2.6913288593292237,1.6397965729236603,0.792488694190979,14.00707072,0.7704258918762207,1776880763.919704,,,,,,,,,,
stage1,0.40186601877212524,1070,0.36882376596331595,0.4555971026420593,5077.965515522,0.000980679907064768,56.83313751220703,0.2120208844076842,90.90073878691332,3.1208285093307495,1.568028849363327,4.812619686126709,14.011162624,0.723714417219162,1776880800.1618001,,,,,,,,,,
stage1,0.8862876296043396,1080,0.4528971865773201,0.8195476531982422,5117.701050292,0.0009802361805155097,62.347129821777344,0.28791360817849637,117.63284333902723,3.108050513267517,1.6498357951641083,1.1683841943740845,14.0335232,0.7957136571407318,1776880830.6513991,,,,,,,,,,
stage1,0.8399379849433899,1090,0.6602215856313706,0.7771978378295898,5151.531532462,0.000979787518796466,56.64274597167969,0.48611522912979127,96.2489159842567,2.8993374347686767,1.7410634994506835,1.3839550018310547,14.03246336,0.805268281698227,1776880870.3870428,,,,,,,,,,
stage1,0.6353049278259277,1100,0.3610680177807808,0.5919227600097656,5183.415179708,0.0009793339265183304,47.488521575927734,0.181344947963953,96.25954503626875,19.605689311027525,1.7972306489944458,2.515022039413452,14.030492672,0.6402846097946167,1776880904.2176175,,,,,,,,,,
stage1,0.6092709302902222,1110,0.3531716227531433,0.6193358302116394,5215.490512193,0.0009788754083424652,56.6021728515625,0.17499981094151734,106.56036292140658,2.0352102279663087,1.781718122959137,2.857729196548462,14.012162048,0.5946198165416717,1776880936.1010897,,,,,,,,,,
stage1,0.49625247716903687,1120,0.4750200182199478,0.5318999290466309,5253.949492851,0.0009784119689808543,49.18020248413086,0.30035271793603896,112.90834040864002,2.881683337688446,1.746673011779785,3.6554758548736572,14.019523072,0.7705562055110932,1776880968.1763864,,,,,,,,,,
stage1,0.9498096704483032,1130,0.4059784859418869,0.8822520971298218,5288.258539394,0.0009779436131960543,52.62858200073242,0.21336630284786223,77.46888329074544,1.6989156246185302,1.9261218070983888,0.82012939453125,13.996589056,0.7496315956115722,1776881006.635422,,,,,,,,,,
stage1,0.9022327065467834,1140,0.5824429243803024,0.8280527591705322,5320.351214749,0.0009774703458011453,41.73467254638672,0.37847425080835817,89.43585400971251,1.8598596513271333,2.0396867036819457,1.0929169654846191,14.015408128,0.8718419551849366,1776881040.944562,,,,,,,,,,
stage1,0.15981607139110565,1150,0.34158663004636763,0.32942354679107666,5354.553250283,0.000976992171659682,42.40869140625,0.146773511916399,87.72870250655977,1.2236488580703735,1.9481311559677124,9.292776107788086,14.026662912,0.7219916999340057,1776881073.0373616,,,,,,,,,,
stage1,0.9881041049957275,1160,0.3380643904209137,0.9353818893432617,5399.09694831,0.0009765090956856436,40.3209114074707,0.14380481820553542,93.28332326109289,1.4383552730083466,1.942595660686493,0.5655717253684998,14.033588224,0.6224261224269867,1776881107.2393196,,,,,,,,,,
stage1,0.7151233553886414,1170,0.2812983006238937,0.6795464754104614,5465.804846555,0.0009760211228433832,49.96315383911133,0.07421681908890605,67.02030433530295,1.817301344871521,2.0708147525787353,2.0753695964813232,13.99125248,0.5286994814872742,1776881151.783049,,,,,,,,,,
stage1,0.41840660572052,1180,0.4944931134581566,0.43250611424446106,5498.302389675,0.0009755282581475768,45.285255432128906,0.328690667450428,54.46525482861504,2.9306230783462524,1.6580244779586792,4.509406566619873,14.020222976,0.6827999234199524,1776881218.490928,,,,,,,,,,
stage1,0.05687285214662552,1190,0.40211554169654845,0.1963084191083908,5534.252657894,0.0009750305066631716,23.960588455200195,0.23090901635587216,111.93185890299998,1.9574390769004821,1.7120651960372926,13.78800106048584,14.021827584,0.6450108051300049,1776881250.9885538,,,,,,,,,,
stage1,0.90203458070755,1200,0.3990707114338875,0.8263782262802124,5574.971537059,0.0009745278735053344,42.868473052978516,0.21983904875814914,95.95191254044077,2.1967414259910583,1.7923165678977966,1.0756757259368896,14.039635968,0.6421518862247467,1776881286.9387708,,,,,,,,,,
stage1,0.9709193110466003,1210,0.44512560963630676,0.9152451157569885,5642.136890364,0.0009740203638393983,39.098731994628906,0.2793787892907858,86.92374993396675,4.8636890053749084,1.6574681282043457,0.6828641891479492,14.013730816,0.6939595460891723,1776881327.6573331,,,,,,,,,,
stage1,0.5940883755683899,1220,0.2561049222946167,0.5836589932441711,5670.012375356,0.0009735079828808107,59.074249267578125,0.07357718534767628,43.120594955579136,3.0415132999420167,1.8252773404121398,3.3762269020080566,14.019252736,0.6117252945899964,1776881394.8230238,,,,,,,,,,
stage1,0.7091923952102661,1230,0.3158652111887932,0.6996243000030518,5699.831832291,0.0009729907358950785,61.743343353271484,0.14565663635730744,117.43586264494913,2.1963325083255767,1.7020857691764832,2.1864426136016846,13.997442048,0.7106245636940003,1776881422.698322,,,,,,,,,,
stage1,0.7944785356521606,1240,0.3241274684667587,0.7563881278038025,5729.426488005,0.0009724686281977146,87.44970703125,0.1562522452324629,109.04324735477597,2.246200513839722,1.6787522256374359,2.085418701171875,14.014971904,0.6522567570209503,1776881452.517135,,,,,,,,,,
stage1,0.8536899089813232,1250,0.454812191426754,0.7795799374580383,5777.267874469,0.0009719416651541838,42.51570510864258,0.24345257673412563,108.24837385378027,1.5063635528087616,2.1135961771011353,1.3634991645812988,14.012271616,0.6995080649852753,1776881482.1124873,,,,,,,,,,
stage1,0.770860493183136,1260,0.3074739173054695,0.7153782844543457,5821.269920388,0.0009714098521798464,35.699642181396484,0.11943530738353729,68.19057608369371,1.494241464138031,1.8803860783576964,1.7223249673843384,14.031253504,0.683707731962204,1776881529.9540153,,,,,,,,,,
stage1,0.9091772437095642,1270,0.7548211365938187,0.8333120942115784,5855.733618493,0.0009708731947399038,47.40648651123047,0.5653838390484452,75.39100027004733,1.6518893003463746,1.8943730592727661,1.0757031440734863,14.0403456,0.7002506136894227,1776881573.955866,,,,,,,,,,
stage1,0.5818749666213989,1280,0.8176735423505306,0.5572110414505005,5893.868243019,0.0009703316983493413,35.95091247558594,0.6467255086638033,102.93353584802841,3.883269411325455,1.709480345249176,2.9146392345428467,14.007172096,0.7731483399868011,1776881608.41968,,,,,,,,,,
stage1,0.9989827275276184,1290,0.5861243516206741,0.9841477274894714,5959.574732074,0.0009697853685728721,42.16815185546875,0.40323713310062886,76.7647852757813,2.9361281633377074,1.8288721919059754,0.33824801445007324,14.01977088,0.7331063687801361,1776881646.5541134,,,,,,,,,,
stage1,0.9582440853118896,1300,0.41514901369810103,0.9293287992477417,5997.984122717,0.0009692342110248802,95.5372085571289,0.27215817058458924,53.499290359530704,1.266176974773407,1.4299083828926087,0.7911158204078674,14.025407488,0.7932776689529419,1776881712.260837,,,,,,,,,,
stage1,0.9649410247802734,1310,0.33177417814731597,0.9195188879966736,6072.549123598,0.0009686782313693621,77.86732482910156,0.1438495010137558,83.66231702207195,1.596127462387085,1.8792467355728149,0.7292194962501526,14.006534656,0.7075545608997345,1776881750.6701524,,,,,,,,,,
stage1,0.7728341221809387,1320,0.6533584743738174,0.7054518461227417,6111.250664827,0.0009681174353198686,44.710060119628906,0.48101991005241873,46.67390977482342,2.860541081428528,1.7233857691287995,1.685677409172058,14.027882496,0.7644550144672394,1776881825.2351117,,,,,,,,,,
stage1,0.5731856226921082,1330,0.3217963457107544,0.5674147605895996,6146.421448045,0.0009675518286394472,39.01557159423828,0.14539043176919222,94.94357052887092,2.200416272878647,1.7640591144561768,3.0326316356658936,14.002362368,0.6355868518352509,1776881863.9365113,,,,,,,,,,
stage1,0.8957546949386597,1340,0.44304217025637627,0.8426374197006226,6178.361988051,0.0009669814171405816,91.10613250732422,0.2535174353048205,88.9777605450677,1.5299895644187926,1.8952472746372222,1.2531365156173706,14.024072704,0.7215305924415588,1776881899.1075852,,,,,,,,,,
stage1,0.7678300142288208,1350,0.46574498862028124,0.6956291794776917,6211.02718088,0.0009664062066851325,49.84495544433594,0.31942901127040385,117.92805727637909,1.8081860363483429,1.4631596505641937,1.6577298641204834,14.142651392,0.6649808883666992,1776881931.0478895,,,,,,,,,,
stage1,0.3525061011314392,1360,0.3680432468652725,0.4220033288002014,6243.051585311,0.000965826203184277,32.801513671875,0.1669951044023037,97.36443321943247,1.0608799755573273,2.01048139333725,5.281686782836914,14.042254336,0.7003384590148926,1776881963.713397,,,,,,,,,,
stage1,0.2614462375640869,1370,0.30316891670227053,0.37485241889953613,6277.195005264,0.000965241412598449,50.748138427734375,0.1338032491505146,115.80425139512198,2.2220677495002747,1.6936566650867462,7.492773056030273,14.053469696,0.6435347855091095,1776881995.7374172,,,,,,,,,,
stage1,0.6547231078147888,1380,0.38708652555942535,0.6466387510299683,6311.137713299,0.0009646518409372759,55.141761779785156,0.1894977162592113,92.7391787676078,1.303257805109024,1.9758880376815795,2.5113487243652344,14.031694848,0.7289164423942566,1776882029.8809915,,,,,,,,,,
stage1,0.8592153787612915,1390,0.4674451261758804,0.7914368510246277,6345.341286246,0.0009640574942595195,63.06640625,0.28015306815505026,99.65169889798572,1.431835985183716,1.872920560836792,1.3362226486206055,14.017732096,0.7065428376197815,1776882063.8238657,,,,,,,,,,
stage1,0.9802992343902588,1400,0.34222169518470763,0.9335789680480957,6383.69033661,0.0009634583786730109,39.83456802368164,0.15503409057855605,92.34331534133639,1.9969984650611878,1.871876049041748,0.5885735154151917,14.017044992,0.7137266397476196,1776882098.0270817,,,,,,,,,,
stage1,0.8523406386375427,1410,0.37154117077589033,0.7691500782966614,6498.271908692,0.0009628545003345899,96.23667907714844,0.181828579492867,82.93213202713557,1.8809398770332337,1.8971258759498597,1.4229483604431152,14.004112384,0.7453671932220459,1776882136.3764725,,,,,,,,,,
stage1,0.9652974605560303,1420,0.40020838379859924,0.9089385271072388,6534.769623157,0.0009622458654500408,50.25531005859375,0.20628891438245772,29.74443938828458,1.4774139642715454,1.939194667339325,0.7220063209533691,14.028640768,0.7225276231765747,1776882250.957577,,,,,,,,,,
stage1,0.9398199319839478,1430,0.3891157478094101,0.8713204860687256,6568.951798917,0.0009616324802740286,60.17116928100586,0.2341594798490405,88.86796727588411,1.452643197774887,1.549562656879425,0.8940681219100952,14.00832768,0.7987429320812225,1776882287.4555914,,,,,,,,,,
stage1,0.3641660809516907,1440,0.32046183943748474,0.43649232387542725,6712.903789379,0.0009610143511100353,45.046478271484375,0.12172355726361275,98.71984367203247,1.5907088339328765,1.9873827815055847,5.028012275695801,14.044149248,0.6166530907154083,1776882321.6378767,,,,,,,,,,
stage1,0.9844433069229126,1450,0.3722691312432289,0.9411792755126953,6753.364239741,0.0009603914843102941,61.32467269897461,0.2244680728763342,21.077205268470546,1.56286318898201,1.4780105352401733,0.5632465481758118,14.019200512,0.7408824801445008,1776882465.5897505,,,,,,,,,,
stage1,1.0,1460,0.5381700605154037,0.9964035749435425,6787.56261151,0.0009597638862757254,1.5854451656341553,0.3441297609359026,89.20809399375328,1.8879094898700715,1.9404029846191406,0.25551462173461914,14.025529856,0.6721049070358276,1776882506.0503542,,,,,,,,,,
stage1,0.3777146637439728,1470,0.39543484151363373,0.4598511755466461,6821.567415134,0.0009591315634558697,56.440696716308594,0.2179017085582018,93.96509091576434,2.594740849733353,1.7753313064575196,4.978670120239258,14.01352704,0.7039102256298065,1776882540.2488098,,,,,,,,,,
stage1,0.9465826749801636,1480,0.5995203137397767,0.8867871761322021,6893.801907368,0.0009584945223488226,72.94779205322266,0.4170794241130352,95.6773099079882,2.656287360191345,1.8244087994098663,0.8606274724006653,14.0221184,0.8349435269832611,1776882574.2532165,,,,,,,,,,
stage1,0.4757785499095917,1490,0.3268502503633499,0.5037710666656494,6932.539674022,0.0009578527695011669,42.733238220214844,0.11860139314085245,46.60126369192937,3.297925579547882,2.0824885249137877,3.968410015106201,14.00265728,0.5893749058246612,1776882646.4879158,,,,,,,,,,
stage1,0.6253106594085693,1500,0.3835688367486,0.6388781070709229,7060.0466772,0.0009572063115079062,80.48209381103516,0.21247458308935166,96.27570464569362,3.44072105884552,1.7109425246715546,2.931971549987793,14.147472896,0.6664121329784394,1776882758.3284144,0.6802805643703322,32.0,54.635008335113525,0.4952118566434365,0.0,0.683590104803443,0.6677120849490166,2.9565888214856386,1.850687077268958,0.6878880553413182
stage1,0.818097710609436,1510,0.4006804317235947,0.7506521344184875,7094.385220523,0.0009565551550123967,50.48625946044922,0.1926612364128232,27.54460079048001,2.4413918137550352,2.080191946029663,1.4902987480163574,14.018648576,0.6462104797363282,1776882812.7326536,,,,,,,,,,
stage1,0.8824641108512878,1520,0.4288732707500458,0.8134210705757141,7132.478958256,0.0009558993067062785,50.692413330078125,0.2419287147000432,103.51252334994881,2.9243119597434997,1.8694454908370972,1.1801255941390991,14.015354368,0.6995495438575745,1776882847.0713224,,,,,,,,,,
stage1,0.8389140963554382,1530,0.4467475235462189,0.7766261100769043,7166.998963157,0.000955238773329408,51.96192932128906,0.2809769965708256,96.1165620242498,7.401923018693924,1.6577052175998688,1.375575065612793,14.027177472,0.7441034734249115,1776882885.1651196,,,,,,,,,,
stage1,0.8004065155982971,1540,0.445714008808136,0.7180836796760559,7203.494575952,0.0009545735616697875,55.08816909790039,0.24982183054089546,91.55597682693056,1.3308893859386444,1.958921694755554,1.4687899351119995,14.020272128,0.7049467146396637,1776882919.6849437,,,,,,,,,,
stage1,0.8805649280548096,1550,0.5037841215729714,0.8288322687149048,7266.544201771,0.0009539036785634961,61.89337921142578,0.34244629363529383,96.16077146094408,1.9003103792667388,1.6133783042430878,1.2080971002578735,14.036928,0.7633306741714477,1776882956.180661,,,,,,,,,,
stage1,0.23490303754806519,1560,0.6775517076253891,0.30446457862854004,7305.250786336,0.000953229130894619,43.25613021850586,0.4948253106325865,56.89630152124541,2.917647448182106,1.8272639274597169,7.533367156982422,14.02319616,0.7409927248954773,1776883019.2303085,,,,,,,,,,
stage1,0.9265923500061035,1570,0.7910012289881706,0.8596576452255249,7342.015634944,0.0009525499255951775,65.87623596191406,0.605728405341506,88.85889124161353,2.5439796805381776,1.852728247642517,1.0199179649353027,14.1963648,0.7035832464694977,1776883057.9369717,,,,,,,,,,
stage1,0.8755248785018921,1580,0.3159834653139114,0.8045313358306885,7371.816841917,0.0009518660696450568,50.29671096801758,0.13767205439507962,96.7363921715966,1.3797597289085388,1.7831140637397767,1.212131142616272,14.017762816,0.6277285575866699,1776883094.7017708,,,,,,,,,,
stage1,0.9174716472625732,1590,0.4300606146454811,0.8345920443534851,7410.717273099,0.0009511775700719346,61.15056610107422,0.25066079907119276,107.93392148781346,2.743550628423691,1.7939981997013092,0.9737030267715454,14.039207936,0.6040739417076111,1776883124.5029278,,,,,,,,,,
stage1,0.7983927130699158,1600,0.3914847388863564,0.7199890613555908,7440.747663414,0.0009504844339512095,41.11102294921875,0.19542562067508698,94.02161008092442,2.672161591053009,1.9605911254882813,1.61430025100708,14.12495616,0.6613421559333801,1776883163.4032125,,,,,,,,,,
stage1,0.7324225902557373,1610,0.3260758563876152,0.6920130848884583,7482.624137264,0.0009497866684059277,55.652679443359375,0.14509265683591366,110.37037807898822,1.6419499218463898,1.809831976890564,2.1125051975250244,14.018335232,0.7486797749996186,1776883193.4338417,,,,,,,,,,
stage1,0.6657283306121826,1620,0.40687230974435806,0.643599271774292,7518.955764709,0.0009490842806067095,52.269264221191406,0.2165099134668708,73.05698061146184,1.4426777839660645,1.903623914718628,2.5278432369232178,14.022592512,0.6977676630020142,1776883235.3102193,,,,,,,,,,
stage1,0.6631715297698975,1630,0.4084274977445602,0.6716598272323608,7552.86770928,0.0009483772777716766,60.36396789550781,0.24493319615721704,94.97111766247991,1.3428532421588897,1.6349430143833161,2.3915748596191406,14.044377088,0.6994282841682434,1776883271.6417174,,,,,,,,,,
stage1,0.9912848472595215,1640,0.3950268104672432,0.9618363976478577,7584.617086075,0.0009476656671663766,67.53064727783203,0.2133378766477108,95.88225081500933,1.2875515460968017,1.8168892979621887,0.47325989603996277,14.018351616,0.6785223007202148,1776883305.5535629,,,,,,,,,,
stage1,0.9987019896507263,1650,0.6776809811592102,0.9745110273361206,7616.586981528,0.0009469494561037098,42.00324630737305,0.5094710014760494,114.7927184041815,2.0866348505020142,1.682099747657776,0.3821260929107666,14.007287296,0.6539777278900146,1776883337.3029153,,,,,,,,,,
stage1,0.9770848155021667,1660,0.3162669435143471,0.9305993318557739,7650.999082699,0.000946228651943853,90.80375671386719,0.13392563946545125,96.2615276976616,3.487537842988968,1.823413038253784,0.6456165313720703,14.08347648,0.6812756299972534,1776883369.2731724,,,,,,,,,,
stage1,0.9129122495651245,1670,0.34203251004219054,0.84583580493927,7689.077793574,0.0009455032620941839,39.63309860229492,0.1612584413960576,89.11035011281248,1.4299478590488435,1.8077406764030457,1.0215675830841064,14.042447872,0.7406503558158875,1776883403.6851587,,,,,,,,,,
stage1,0.9997051954269409,1680,0.5726394116878509,0.9884237051010132,7732.144706474,0.000944773294009206,52.85307312011719,0.3729106426239014,88.14550564217095,2.6977431654930113,1.9972877264022828,0.31194624304771423,14.032876544,0.8149811923503876,1776883441.7638514,,,,,,,,,,
stage1,0.18505392968654633,1690,0.3769835248589516,0.38737547397613525,7771.152088283,0.0009440387551904703,44.855587005615234,0.21164353452622892,82.55601641996911,1.1972469925880431,1.6533998608589173,8.062310218811035,14.032686592,0.6906919956207276,1776883484.83077,,,,,,,,,,
stage1,1.0,1700,0.5267536506056786,1.0,7810.093871121,0.0009432996531865001,53.06926345825195,0.35078647285699843,90.96900742629575,2.1011283874511717,1.7596717596054077,0.10981453210115433,14.01923584,0.769000506401062,1776883523.8380063,,,,,,,,,,
stage1,0.7340894341468811,1710,0.34432934820652006,0.6915653944015503,7844.181833696,0.0009425559955927117,43.96711730957031,0.14458308778703213,67.5194847868756,1.8294372797012328,1.997462558746338,2.094322919845581,13.982905856,0.7029928505420685,1776883562.7799973,,,,,,,,,,
stage1,0.6392638683319092,1720,0.35705077201128005,0.603546142578125,7878.429507196,0.0009418077900513376,45.31125259399414,0.18047050759196281,97.26260317389166,1.567272526025772,1.7658025979995728,2.519829034805298,14.023115264,0.7323352992534637,1776883596.867811,,,,,,,,,,
stage1,0.6855515241622925,1730,0.47988712042570114,0.6538311243057251,7948.150891723,0.0009410550442513475,40.32235336303711,0.30667922757565974,101.8611993574258,1.8587021350860595,1.7320788621902465,2.3308212757110596,14.039411712,0.7484963536262512,1776883631.1155577,,,,,,,,,,
stage1,0.6700160503387451,1740,0.4144209951162338,0.6199218034744263,7986.76905485,0.000940297765928369,47.32234573364258,0.2483330329414457,49.27074751060357,2.0039106965065003,1.6608796179294587,2.475881576538086,14.031819264,0.653779000043869,1776883700.8369927,,,,,,,,,,
stage1,0.4702140688896179,1750,0.5133162051439285,0.4906502068042755,8038.527168686,0.0009395359628646086,45.88542556762695,0.34334496781229973,88.88047539560819,1.9551564455032349,1.6997123956680298,3.9552900791168213,14.032650752,0.6541863918304444,1776883739.4549992,,,,,,,,,,
stage1,0.1280684769153595,1760,0.9560605958104134,0.30365222692489624,8079.290771681,0.0009387696428887715,53.89862060546875,0.7815107073634863,67.89955677327019,2.0684504210948944,1.7454986333847047,11.509709358215332,14.026450944,0.6543578505516052,1776883791.2131534,,,,,,,,,,
stage1,0.6186908483505249,1770,0.5753246933221817,0.6090985536575317,8115.534252016,0.0009379988138759809,55.921234130859375,0.3995133679360151,86.50828852469381,1.596044272184372,1.7581131100654601,2.950151205062866,14.031747584,0.640093344449997,1776883831.9767997,,,,,,,,,,
