pdb_id,split,kind,release_date,tokens,atoms,min_msa_depth,msa_rows,pp_contacts,pl_contacts
7MR9,validation,protein_ligand,2022-08-03,163,1086,10011,33,0,145
8AJ7,validation,protein_ligand,2023-02-15,120,900,12648,65,0,17
7G1C,validation,protein_ligand,2023-06-14,164,1076,9013,33,0,131
8IIG,validation,protein_ligand,2023-06-21,222,1506,16393,33,0,107
9CIV,validation,protein_protein,2025-07-09,119,813,613,129,80,76
9IID,validation,monomer,2024-07-10,58,451,17,17,0,0
8CI7,validation,monomer,2023-04-12,99,755,5466,33,0,0
8V23,validation,monomer,2025-01-08,146,1133,791,33,0,0
6XYG,train,protein_ligand,2021-02-10,238,1644,17915,33,0,100
5YDO,train,protein_ligand,2018-11-28,214,1684,2077,33,0,5
1XYY,train,protein_ligand,2004-12-07,178,1132,7591,33,0,152
1KH8,train,protein_ligand,2003-06-17,131,962,3016,33,0,34
5FND,train,protein_ligand,2016-11-23,234,1650,17009,33,0,91
1FN5,train,monomer,2000-09-06,129,1001,5271,33,0,0
3V2L,train,protein_ligand,2012-10-17,133,929,1442,33,0,72
5PFV,train,protein_ligand,2017-03-22,119,934,8493,33,0,22
2CIG,train,protein_ligand,2006-04-25,249,1334,15229,33,0,378
1FN6,train,protein_ligand,2000-09-13,239,1658,18042,33,0,79
1C6H,train,protein_ligand,2000-10-04,179,1306,3976,33,0,62
5KHT,train,protein_protein,2017-06-21,216,1540,1620,129,173,60
6MOV,train,protein_ligand,2019-01-09,157,1107,8236,33,0,71
6KH1,train,protein_ligand,2020-01-29,172,1374,13491,33,0,9
4V2M,train,protein_protein,2015-01-14,225,1679,16065,65,43,46
1AJH,train,protein_ligand,1997-11-12,208,1272,1298,33,0,209
1MOG,train,protein_ligand,2003-04-15,99,547,6624,33,0,53
2XYH,train,protein_protein,2011-08-17,247,1939,8124,65,147,46
4MR5,train,protein_ligand,2013-11-27,154,954,12899,33,0,166
1MOB,train,protein_ligand,1995-02-07,202,1267,1086,33,0,157
1MOA,train,protein_ligand,1995-02-07,202,1276,1246,33,0,171
6HDO,train,protein_ligand,2018-09-26,186,1133,7849,33,0,173
3AJN,train,protein_ligand,2011-02-16,152,1024,5457,33,0,94
2CI8,train,protein_ligand,2006-04-24,134,840,7834,33,0,104
1HFS,train,protein_ligand,1998-02-18,217,1328,15219,33,0,228
2XY1,train,protein_ligand,2011-02-23,220,1518,9436,33,0,40
3V2N,train,protein_protein,2013-01-16,241,1826,324,161,294,96
3AJ4,train,protein_protein,2011-05-25,247,1847,3192,65,41,103
1KEX,train,monomer,2003-01-28,155,1239,8001,33,0,0
1K50,train,protein_protein,2001-12-05,252,1940,41,129,253,0
5YDN,train,monomer,2018-07-11,109,860,3183,33,0,0
1IIB,train,monomer,1997-12-24,206,1550,4579,65,0,0
1KEB,train,protein_protein,2002-11-13,218,1644,16250,65,14,9
1IIZ,train,monomer,2001-12-12,120,961,4777,33,0,0
1CID,train,monomer,1993-07-15,178,1382,523,33,0,1
1XYN,train,monomer,1995-08-08,179,1349,5514,33,0,4
1HFD,train,monomer,1999-06-22,228,1712,13823,33,0,0
5HFD,train,monomer,2017-01-11,119,892,10071,33,0,0
1ZK2,train,monomer,2005-06-21,252,1876,14467,33,0,4
1FNA,train,monomer,1994-04-30,91,675,7390,33,0,0
1K52,train,protein_protein,2001-12-05,152,1130,44,65,8,31
1K53,train,protein_protein,2001-12-05,152,1146,45,65,5,30
2GKR,train,monomer,2007-02-13,52,388,13630,33,0,1
2C6U,train,monomer,2006-11-20,122,1021,7669,33,0,0
2GKT,train,monomer,2007-02-13,51,388,13572,33,0,0
5KEH,train,monomer,2017-03-22,242,1776,7917,33,0,0
1ZKA,train,monomer,2005-05-10,110,863,2991,33,0,0
1ZCR,train,protein_protein,2005-07-12,236,1784,6871,65,64,28
1MOL,train,protein_protein,1994-05-31,188,1566,678,65,30,0
1KH0,train,protein_protein,2002-01-23,130,994,38,65,5,0
4MON,train,protein_protein,1997-07-07,188,1568,5,17,207,0
4XYZ,train,protein_protein,2015-03-18,171,1204,20941,65,55,59
1ZK9,train,monomer,2005-05-10,110,869,3161,33,0,0
