comparison,metric,targets,mean_delta,ci_low,ci_high
masked_sparse_minus_none,lddt,8,-0.00418446958065033,-0.009416064247488976,0.001589587610214934
masked_sparse_minus_none,all_recall,8,0.006615238471413765,-0.014043843128315983,0.036412725614673326
masked_sparse_minus_none,all_precision,8,-0.00029778460059960536,-0.020588272830568334,0.02771178061647371
masked_sparse_minus_none,pp_recall,1,0.006250000000000089,,
masked_sparse_minus_none,pl_recall,5,0.04539095448914963,-0.03564243418705857,0.17339416863137544
masked_full_minus_none,lddt,8,0.005358450114727027,-0.0016724199056625366,0.014163764752447608
masked_full_minus_none,all_recall,8,0.019192044848963995,0.005825676480482822,0.036668079224037926
masked_full_minus_none,all_precision,8,0.014015852671236858,-0.0037878189082900075,0.039612107799494076
masked_full_minus_none,pp_recall,1,0.018750000000000044,,
masked_full_minus_none,pl_recall,5,0.02365639946929881,-0.0018682201687424515,0.060276218260766304
masked_search4_minus_none,lddt,8,-0.0022828541696071555,-0.007107786973938346,0.0020642932038754383
masked_search4_minus_none,all_recall,8,0.013811039356096576,-0.0067829522831939736,0.043427422990386585
masked_search4_minus_none,all_precision,8,0.008641125035543387,-0.011869117885516138,0.03650088334031111
masked_search4_minus_none,pp_recall,1,0.006250000000000089,,
masked_search4_minus_none,pl_recall,5,0.07063188114717327,-0.024398944139259453,0.19050664043285787
masked_oracle4_minus_none,lddt,8,-0.007138337939977653,-0.019287792546674624,0.0019753258675336977
masked_oracle4_minus_none,all_recall,8,0.012820010508846888,-0.0015708805928205916,0.03211259215284075
masked_oracle4_minus_none,all_precision,8,0.004501588408379534,-0.009728377044549666,0.01988708494277618
masked_oracle4_minus_none,pp_recall,1,-0.06874999999999987,,
masked_oracle4_minus_none,pl_recall,5,0.06680849233242445,-0.005564622269018163,0.183160579446762
masked_minus_unknown_no_contacts,lddt,8,-0.0020793676376342843,-0.015415577217936516,0.00805936679244041
masked_minus_unknown_no_contacts,all_recall,8,-0.009828750212699374,-0.03353600407157559,0.009063914071649906
masked_minus_unknown_no_contacts,all_precision,8,0.00986277150090544,-0.004864250547885034,0.02307659650739729
masked_minus_unknown_no_contacts,all_bce,8,0.0005696760490536612,-0.0007876627612859202,0.00217526638880373
masked_minus_unknown_no_contacts,all_ap,8,0.004981513759636111,-0.005581080950019801,0.019172425732170012
masked_minus_unknown_no_contacts,all_brier,8,-0.00026310962857679877,-0.0007472559227608487,0.00018314248882234487
masked_minus_unknown_no_contacts,pp_recall,1,-0.0625,,
masked_minus_unknown_no_contacts,pl_recall,5,0.005503917527161386,-0.020054446460980063,0.031930193139857246
masked_finetune_minus_initial,lddt,8,-0.0026243776082992623,-0.035328740254044554,0.029211057350039482
masked_finetune_minus_initial,all_recall,8,-0.024168732342003577,-0.08910989114470469,0.025085956056137594
masked_finetune_minus_initial,all_precision,8,0.024839596381843652,0.0006271830733332075,0.05208285819431045
masked_finetune_minus_initial,all_bce,8,-0.12377665867097679,-0.15877762677264406,-0.09078683005645874
masked_finetune_minus_initial,all_ap,8,0.5469162453473735,0.35688683702015406,0.7167482558978525
masked_finetune_minus_initial,all_brier,8,-0.023590710829012117,-0.034313160344027,-0.015175556781468934
masked_finetune_minus_initial,pp_recall,1,0.043749999999999956,,
masked_finetune_minus_initial,pl_recall,5,0.01623326588002356,-0.0077952633870693845,0.05449979911611084
unknown_finetune_minus_initial,lddt,8,-0.0005118213593959808,-0.028128651110455392,0.02607024703174829
unknown_finetune_minus_initial,all_recall,8,-0.01805245234853112,-0.09283139941157717,0.0397313167467281
unknown_finetune_minus_initial,all_precision,8,0.01876674837879903,-0.003487029580404681,0.04638880040326385
unknown_finetune_minus_initial,all_bce,8,-0.12434633472003043,-0.15972368571674456,-0.09291150366771035
unknown_finetune_minus_initial,all_ap,8,0.5419347315877373,0.3487532439767066,0.7140596755390768
unknown_finetune_minus_initial,all_brier,8,-0.023327601200435318,-0.034782812677440246,-0.014687028131447726
unknown_finetune_minus_initial,pp_recall,1,0.125,,
unknown_finetune_minus_initial,pl_recall,5,0.007009187832198058,-0.048975054920994916,0.06967332123411978
