loss,diffusion_loss,distogram_loss,contact_loss,contact_observed_loss,grad_norm,step,train_seconds,projection_norm,msa_on,arm
0.4521990418434143,0.2036647200584411,2.3003976345062256,0.1849452406167984,0.0,3.959653377532959,1,3.71810286300024,0.0005652521504089,1,unknown
0.4563356041908264,0.196328580379486,2.4155659675598145,0.1845039427280426,0.0,3.862091302871704,2,7.270981270004995,0.0012638446642085,1,unknown
0.3991290330886841,0.1448447555303573,2.3743746280670166,0.1684679239988327,0.0,4.483130931854248,3,10.810398828994948,0.0021533325780183,1,unknown
0.6373560428619385,0.3521989285945892,2.6671979427337646,0.18437360227108,0.0,4.940234661102295,4,14.636150491016451,0.0031801245640963,1,unknown
0.5265259742736816,0.2413223087787628,2.676259994506836,0.1757767796516418,0.0,5.391132831573486,5,18.200073032989167,0.0042937668040394,1,unknown
0.4063923358917236,0.1589704006910324,2.32796573638916,0.1462533473968505,0.0,5.3249125480651855,6,21.713206215994436,0.0056066955439746,1,unknown
0.4800213277339935,0.2228308320045471,2.444650650024414,0.1272540241479873,0.0,4.760677814483643,7,25.2812677740003,0.0069941184483468,1,unknown
0.5251629948616028,0.2733267247676849,2.399792432785034,0.1185697019100189,0.0,5.375764846801758,8,29.08597822103184,0.0082755889743566,1,unknown
0.5752832293510437,0.3268530368804931,2.3663573265075684,0.1179446205496788,0.0,5.679520130157471,9,32.58490010601236,0.0097834495827555,1,unknown
0.4021841883659363,0.148878589272499,2.4298970699310303,0.1031589061021804,0.0,4.691928386688232,10,36.07262508798158,0.0111690312623977,1,unknown
0.391074001789093,0.1603140234947204,2.2245726585388184,0.0830270424485206,0.0,2.9661524295806885,11,39.63426207500743,0.0127760712057352,1,unknown
0.4495585560798645,0.1997912526130676,2.410572052001953,0.087100937962532,0.0,9.751957893371582,12,43.43919464701321,0.0140433106571435,1,unknown
0.5507509708404541,0.285625547170639,2.54544997215271,0.1058036908507347,0.0,5.672909259796143,13,47.04369493899867,0.0159788988530635,1,unknown
0.4996689558029175,0.2647324204444885,2.2671399116516118,0.0822253972291946,0.0,2.6329915523529053,14,50.3418907209998,0.0183593221008777,1,unknown
0.439758837223053,0.1639141738414764,2.6516737937927246,0.1067724525928497,0.0,7.844435691833496,15,53.07585525099421,0.0199775323271751,1,unknown
0.399068534374237,0.1859814673662185,2.0684335231781006,0.0624369196593761,0.0,3.239978313446045,16,56.61082455300493,0.021794581785798,1,unknown
0.432353138923645,0.1843972653150558,2.4012062549591064,0.0783522576093673,0.0,3.3445358276367188,17,59.66361937701004,0.0237573701888322,1,unknown
0.5203887820243835,0.2596373856067657,2.5174148082733154,0.0900993347167968,0.0,4.68219804763794,18,63.10536169499392,0.0265158656984567,1,unknown
0.4602916836738586,0.2162892371416092,2.3476808071136475,0.0923431068658828,0.0,4.697803974151611,19,66.37813743302831,0.0294632017612457,1,unknown
0.7134385108947754,0.4443232119083404,2.5833334922790527,0.1078192442655563,0.0,6.539366722106934,20,69.45302323898068,0.0320146344602108,0,unknown
0.6185734272003174,0.383181631565094,2.2918100357055664,0.0621082261204719,0.0,11.632323265075684,21,72.72245289001148,0.0345807969570159,1,unknown
0.4610432088375091,0.2342073917388916,2.201871871948242,0.0664863586425781,0.0,7.978268623352051,22,76.00586735602701,0.0374697297811508,1,unknown
0.6033955812454224,0.330582320690155,2.619438648223877,0.1086936965584755,0.0,3.2810287475585938,23,79.4806163450121,0.0402786619961261,0,unknown
0.3446041643619537,0.1099242269992828,2.2588677406311035,0.087931714951992,0.0,6.343254566192627,24,82.86296271899482,0.0428454726934433,1,unknown
0.609428346157074,0.3573331236839294,2.423958539962769,0.09699347615242,0.0,4.864910125732422,25,85.92659959098091,0.0454874187707901,1,unknown
0.4137411117553711,0.1913534998893737,2.147949457168579,0.0759268850088119,0.0,3.7958884239196777,26,89.00022670801263,0.0479690991342067,1,unknown
0.6580032706260681,0.3777753710746765,2.682127952575684,0.120150938630104,0.0,3.715309381484986,27,91.83708810200916,0.0507056228816509,0,unknown
0.39222052693367,0.1530185937881469,2.298142910003662,0.0938763245940208,0.0,2.673967123031616,28,95.09872227400774,0.0534728802740573,1,unknown
0.401624858379364,0.1388202458620071,2.521268844604492,0.1067772507667541,0.0,2.827598810195923,29,98.21646664798028,0.0561577193439006,1,unknown
0.4920290112495422,0.2466421574354171,2.341240644454956,0.1126272901892662,0.0,8.61068058013916,30,101.17525422602192,0.0589415058493614,0,unknown
0.4480996131896972,0.2127206027507782,2.2759997844696045,0.0777903124690055,0.0,3.3363587856292725,31,104.13102754502324,0.0616026148200035,1,unknown
0.6136763691902161,0.3670273721218109,2.37115478515625,0.0953348129987716,0.0,2.883386850357056,32,107.38667328597512,0.0644802898168563,1,unknown
0.4017000496387481,0.1703087389469146,2.2346408367156982,0.0792721360921859,0.0,15.307683944702148,33,110.4133687550202,0.0671561732888221,1,unknown
0.3777678310871124,0.1404092013835907,2.3043999671936035,0.0691862776875495,0.0,1.6467105150222778,34,113.38565819500946,0.0694521442055702,1,unknown
0.4656732678413391,0.2104731798171997,2.45242977142334,0.0995711982250213,0.0,5.198476791381836,35,116.38000829098746,0.0719718039035797,1,unknown
0.3554851710796356,0.1302606165409088,2.1991941928863525,0.0530511289834976,0.0,3.551378011703491,36,119.22719379200134,0.0742166936397552,1,unknown
0.37965989112854,0.1544035673141479,2.185912609100342,0.0666505396366119,0.0,2.392303228378296,37,122.00659146002728,0.0765301436185836,1,unknown
0.366950511932373,0.0978894308209419,2.5833499431610107,0.1072610169649124,0.0,2.5895464420318604,38,124.6218853960163,0.0788198411464691,1,unknown
0.6063064336776733,0.3828276097774505,2.1814661026000977,0.0533221922814846,0.0,2.9547903537750244,39,127.24649108498124,0.0808214172720909,1,unknown
0.3811981976032257,0.1189520806074142,2.537950038909912,0.0845111757516861,0.0,1.9021350145339968,40,129.918929106032,0.0825689584016799,1,unknown
0.5391701459884644,0.2732941508293152,2.545975685119629,0.112783670425415,0.0,18.540252685546875,41,132.71894997899653,0.083937257528305,1,unknown
0.3516252636909485,0.0965399295091629,2.446214199066162,0.1046390831470489,0.0,2.116403341293335,42,135.46258369198767,0.0851005092263221,1,unknown
0.3897347748279571,0.1738340109586715,2.108282804489136,0.0507246516644954,0.0,3.137455463409424,43,138.12328929797513,0.0860693603754043,1,unknown
0.3448321521282196,0.1057675257325172,2.3202407360076904,0.0704055652022361,0.0,1.384097933769226,44,140.85362285398878,0.0870754271745681,1,unknown
0.4571256935596466,0.211515262722969,2.382094383239746,0.0740099996328353,0.0,2.896848440170288,45,144.0340913949767,0.0878188088536262,1,unknown
0.6738388538360596,0.4098486602306366,2.5364174842834477,0.1034844294190406,0.0,11.891257286071776,46,146.97984608297702,0.0898197293281555,0,unknown
0.4376399219036102,0.1897259801626205,2.397576093673706,0.0815631970763206,0.0,2.4487760066986084,47,149.95055402599974,0.0917149931192398,1,unknown
0.3829197883605957,0.123666301369667,2.5139167308807373,0.0786181762814521,0.0,1.5227659940719604,48,152.91021325998008,0.0933620333671569,1,unknown
0.3598456978797912,0.1339712440967559,2.2055227756500244,0.0532218441367149,0.0,2.804410934448242,49,155.87247252598172,0.0947451591491699,1,unknown
0.4469242691993713,0.1676888614892959,2.676680326461792,0.1156738549470901,0.0,6.444466590881348,50,159.14259348000633,0.0959403216838836,1,unknown
0.4337112605571747,0.201577827334404,2.2427661418914795,0.0785681009292602,0.0,5.943489074707031,51,162.05897657002788,0.0966289341449737,1,unknown
0.4278565943241119,0.1940511167049408,2.272287368774414,0.0657674893736839,0.0,1.429790735244751,52,164.94667212001514,0.0970493406057357,1,unknown
0.4002420902252197,0.1810694336891174,2.128711462020874,0.063015304505825,0.0,2.004158973693848,53,167.90715006098617,0.0971205681562423,1,unknown
0.3887144029140472,0.1482216417789459,2.324122905731201,0.080804742872715,0.0,1.8981305360794067,54,171.06224400701467,0.0975047051906585,1,unknown
0.3658590316772461,0.1511396914720535,2.083119630813598,0.0640735924243927,0.0,4.19044828414917,55,173.7069160399842,0.0981510281562805,1,unknown
0.3722653687000274,0.1515636444091797,2.1436445713043213,0.0633722245693206,0.0,4.240942478179932,56,175.72501466202084,0.0987740084528923,1,unknown
0.4682750403881073,0.2324207127094268,2.273139953613281,0.085403099656105,0.0,1.5472722053527832,57,179.20162197900936,0.0993916690349578,1,unknown
0.41925048828125,0.1720001101493835,2.388132095336914,0.0843715891242027,0.0,3.757131814956665,58,182.46055691200309,0.099609225988388,1,unknown
0.4167225956916809,0.1895337849855423,2.201239824295044,0.0706479623913765,0.0,6.682204723358154,59,185.6092491199961,0.0995131209492683,1,unknown
0.4305916130542755,0.1803816854953766,2.4156057834625244,0.0864933654665947,0.0,6.578079700469971,60,188.80153335398063,0.0994943976402282,1,unknown
0.3110820055007934,0.0798243805766105,2.244546890258789,0.0680290013551712,0.0,1.0541409254074097,61,192.135391230986,0.09949441999197,1,unknown
0.3730320334434509,0.1526196449995041,2.1528210639953613,0.0513027496635913,0.0,4.72564697265625,62,195.45985913003096,0.0994541719555854,1,unknown
0.3742016851902008,0.0841821804642677,2.778524398803711,0.1216704323887825,0.0,2.560297966003418,63,198.2845162919839,0.10050880163908,0,unknown
0.3672922849655151,0.1018775627017021,2.556532144546509,0.0976149290800094,0.0,2.1074111461639404,64,201.30736725602765,0.101418949663639,1,unknown
0.3584798276424408,0.1404833644628524,2.126352548599243,0.0536117926239967,0.0,1.926210165023804,65,204.58739419898484,0.1022640317678451,1,unknown
0.360973447561264,0.1056593284010887,2.459682941436768,0.0934579968452453,0.0,1.4681460857391355,66,207.92546083702476,0.1031088456511497,1,unknown
0.3590461909770965,0.1344700008630752,2.1807005405426025,0.0650613084435463,0.0,2.6034185886383057,67,210.08198921201983,0.1040877401828765,1,unknown
0.3570464551448822,0.1375424712896347,2.1252455711364746,0.0697941780090332,0.0,1.484094738960266,68,212.70071802398888,0.1049535647034645,1,unknown
0.4135803282260895,0.1598869264125824,2.448444366455078,0.0884893089532852,0.0,2.140931844711304,69,215.56879643100547,0.105259358882904,1,unknown
0.4375717341899872,0.2325159907341003,1.995639443397522,0.0549182556569576,0.0,1.6399681568145752,70,218.76097803597804,0.1056752502918243,1,unknown
0.2932285070419311,0.083156406879425,2.054185152053833,0.0465355701744556,0.0,1.482446551322937,71,221.7664895129856,0.1060618609189987,1,unknown
0.3494749963283539,0.1412819325923919,2.0309572219848637,0.0509734973311424,0.0,1.2034639120101929,72,224.7390665760031,0.1066362857818603,1,unknown
0.2710781395435333,0.0665847286581993,1.9938654899597168,0.0510687455534935,0.0,1.5132580995559692,73,227.97624414000893,0.1073570847511291,1,unknown
0.3675794601440429,0.1239848583936691,2.339840888977051,0.09610515832901,0.0,2.8184309005737305,74,231.12753020302625,0.1080885306000709,1,unknown
0.3764467537403106,0.1593754142522812,2.104237794876098,0.0664758533239364,0.0,1.4414273500442505,75,234.62002637801925,0.1087597832083702,1,unknown
0.4055127799510956,0.1715474426746368,2.2585601806640625,0.0810932368040084,0.0,2.3188865184783936,76,237.80752928601575,0.1095662862062454,1,unknown
0.3909969329833984,0.188000276684761,1.9815576076507568,0.0484085343778133,0.0,1.0208503007888794,77,240.54590884700883,0.1102429777383804,1,unknown
0.3465273082256317,0.1180021613836288,2.2126150131225586,0.0726366192102432,0.0,1.5557169914245603,78,243.47460525599308,0.1107601225376129,1,unknown
0.3732956647872925,0.1439474374055862,2.223546028137207,0.0699364244937896,0.0,1.741866946220398,79,246.1541503290064,0.111464038491249,1,unknown
0.3698833584785461,0.1102778688073158,2.498843193054199,0.0972118154168129,0.0,2.588681221008301,80,249.09256286500025,0.1122049391269683,1,unknown
0.3229633569717407,0.0923137441277504,2.235513687133789,0.0709821134805679,0.0,1.692910075187683,81,251.8436453199829,0.1128337532281875,1,unknown
0.3961741328239441,0.1794164180755615,2.104902505874634,0.0626745522022247,0.0,2.472900629043579,82,254.90888629801336,0.1132906824350357,1,unknown
0.3791609704494476,0.1418865323066711,2.29213547706604,0.0806090384721756,0.0,1.3197306394577026,83,258.1160459499806,0.1138012260198593,1,unknown
0.3755509853363037,0.1530250012874603,2.1643331050872803,0.0609268508851528,0.0,2.342580556869507,84,260.85735101398313,0.1144430711865425,1,unknown
0.4040571451187134,0.1658063977956771,2.2971785068511963,0.0853290930390358,0.0,2.0525341033935547,85,263.60803452599794,0.115198828279972,1,unknown
0.280281662940979,0.0509282797574996,2.210857391357422,0.0826764106750488,0.0,1.6664201021194458,86,266.5533434730023,0.116075687110424,1,unknown
0.2406950294971466,0.0471553429961204,1.888887405395508,0.0465095229446888,0.0,1.7905513048171997,87,269.73603493499104,0.1169640719890594,1,unknown
0.3770962059497833,0.1511760503053665,2.189812183380127,0.0693894699215889,0.0,3.641156911849976,88,272.50489005300915,0.1178567111492157,1,unknown
0.5349491238594055,0.3163096010684967,2.127536535263061,0.0588590279221534,0.0,2.731630563735962,89,275.0657401889912,0.1186372637748718,1,unknown
0.3843216896057129,0.1205245703458786,2.527715921401977,0.1102547720074653,0.0,1.467843532562256,90,278.04084233299363,0.1194332540035247,1,unknown
0.3280296921730041,0.0839297771453857,2.349853038787842,0.0911457538604736,0.0,1.8233946561813357,91,281.6470651139971,0.1202275305986404,1,unknown
0.6561112999916077,0.4449063539505005,2.0509750843048096,0.061074785888195,0.0,2.4442155361175537,92,284.9214230289799,0.1209901198744773,1,unknown
0.47854745388031,0.2348992377519607,2.3681890964508057,0.0682927966117858,0.0,6.899296283721924,93,288.18286899197847,0.1218859478831291,1,unknown
0.3723993599414825,0.169841006398201,1.962212324142456,0.0633713155984878,0.0,1.102219581604004,94,291.3452582320315,0.1226539611816406,1,unknown
0.4970715939998626,0.2133392095565796,2.719999313354492,0.1173244044184684,0.0,3.0255088806152344,95,294.7544333059923,0.1252017170190811,0,unknown
0.6104671359062195,0.3321332931518554,2.6724421977996826,0.1108964011073112,0.0,3.80329704284668,96,297.78948229999514,0.1299529522657394,0,unknown
0.3334026336669922,0.1243723779916763,2.039287567138672,0.0510150268673896,0.0,2.2162458896636963,97,300.86059032502817,0.1344238370656967,1,unknown
0.3752253353595733,0.142357051372528,2.2423171997070312,0.086365669965744,0.0,2.4694292545318604,98,303.6081536519923,0.1384119987487793,1,unknown
0.3199805915355682,0.1095395311713218,2.0359814167022705,0.0684289336204528,0.0,3.8814868927001953,99,306.1214257479878,0.1421145051717758,1,unknown
0.4476853907108307,0.1899870336055755,2.481076955795288,0.0959068536758422,0.0,1.4114174842834473,100,309.07238570798654,0.1453758180141449,1,unknown
0.4252255856990814,0.1827328354120254,2.3388993740081787,0.0860278010368347,0.0,5.812787055969238,101,312.42271059699124,0.1484381407499313,1,unknown
0.2921319305896759,0.0876371711492538,1.9898837804794312,0.0550637654960155,0.0,1.986555337905884,102,315.4009470210294,0.151308074593544,1,unknown
0.3122867941856384,0.0829380601644516,2.2193078994750977,0.0741795375943183,0.0,2.0033833980560303,103,318.13246628199704,0.1541397869586944,1,unknown
0.3708705604076385,0.1375157386064529,2.2580177783966064,0.0755301937460899,0.0,1.9209939241409304,104,321.11065587599296,0.1568521410226822,1,unknown
0.3498023450374603,0.1530922651290893,1.9108119010925293,0.0562888011336326,0.0,2.282006025314331,105,324.09163791598985,0.1593841761350631,1,unknown
0.4641631245613098,0.2404683530330658,2.1751623153686523,0.0617855452001094,0.0,1.0272984504699707,106,326.8844036079827,0.1616724729537964,1,unknown
0.3608826994895935,0.1439177840948104,2.1006574630737305,0.0689918398857116,0.0,3.813243389129639,107,329.96647702000337,0.1638234406709671,1,unknown
0.3243962228298187,0.1340770423412323,1.8623214960098269,0.0408702045679092,0.0,1.276605486869812,108,332.988700736023,0.1657869219779968,1,unknown
0.3656539022922516,0.1561640501022339,2.045359373092652,0.0495390072464942,0.0,1.310823917388916,109,335.4085895459866,0.1677022129297256,1,unknown
0.3473985195159912,0.1368371993303299,2.0550878047943115,0.0505254827439785,0.0,1.4315054416656494,110,338.3566484749899,0.1695482581853866,1,unknown
0.3805716931819916,0.1340483725070953,2.381232261657715,0.0840010792016983,0.0,1.0452656745910645,111,341.0821282590041,0.1714313477277755,1,unknown
0.3603666722774505,0.1289559453725814,2.245828628540039,0.0682790428400039,0.0,0.918829083442688,112,344.2967997309752,0.1732897311449051,1,unknown
0.3560684621334076,0.1151714473962783,2.3198492527008057,0.0891206562519073,0.0,1.195632815361023,113,347.0490597389871,0.1747891157865524,1,unknown
0.2927205860614776,0.0872013717889785,2.0010557174682617,0.054136399179697,0.0,1.017265796661377,114,349.8021804119926,0.1762133687734604,1,unknown
0.653458297252655,0.3485743999481201,2.916408061981201,0.1324305683374405,0.0,3.1278417110443115,115,352.39879416901385,0.1772998422384262,0,unknown
0.3790439963340759,0.1355497241020202,2.3418128490448,0.0931298285722732,0.0,0.7290421724319458,116,355.2415099130012,0.1784555613994598,1,unknown
0.2449629008769989,0.0528344064950943,1.878651142120361,0.0426338501274585,0.0,1.1190904378890991,117,358.1557798529975,0.1795453876256942,1,unknown
0.3013125658035278,0.0611664205789566,2.3217127323150635,0.079748585820198,0.0,0.89472496509552,118,360.7899928020197,0.18051478266716,1,unknown
0.3598110973834991,0.1553227007389068,1.9879997968673704,0.0568840280175209,0.0,1.5372353792190552,119,363.44866711099166,0.1813580393791198,1,unknown
0.4195528626441955,0.2234409004449844,1.9118343591690063,0.0492853298783302,0.0,1.9780490398406985,120,366.2011887719855,0.1822043061256408,1,unknown
0.2975565195083618,0.0736127272248268,2.170171976089477,0.0692655444145202,0.0,1.5120009183883667,121,369.0543660289841,0.1830060929059982,1,unknown
0.3178749978542328,0.0958921983838081,2.157607316970825,0.0622208379209041,0.0,1.0761665105819702,122,371.1842412580154,0.1839621216058731,1,unknown
0.5347979664802551,0.3135779500007629,2.1409175395965576,0.0712826251983642,0.0,4.224174976348877,123,373.8501756850165,0.184738427400589,1,unknown
0.3716519773006439,0.1660779863595962,1.998610019683838,0.0571303442120552,0.0,0.973401129245758,124,376.7046946730116,0.1854545623064041,1,unknown
0.4058503806591034,0.1713717728853225,2.2605245113372803,0.0842615514993667,0.0,14.508955001831056,125,379.56020820199046,0.1861776113510131,1,unknown
0.3259629011154175,0.1251217722892761,1.958568096160889,0.0498430952429771,0.0,1.144999623298645,126,382.628346677986,0.1869688779115677,1,unknown
0.3029045462608337,0.1086896955966949,1.9008913040161133,0.0412573777139186,0.0,1.0027117729187012,127,385.6884745740099,0.1875955611467361,1,unknown
0.3007794320583343,0.0956830531358718,1.990218997001648,0.0607448145747184,0.0,2.5044384002685547,128,388.84314401401207,0.1881991773843765,1,unknown
0.3730310201644897,0.1550489366054535,2.1222710609436035,0.0575495548546314,0.0,1.893316507339477,129,392.20209413103294,0.1887746006250381,1,unknown
0.4399983584880829,0.1762308627367019,2.522270917892456,0.115404263138771,0.0,1.9122055768966677,130,395.23546304600313,0.1887992769479751,1,unknown
0.3082413971424103,0.0946871787309646,2.0629358291625977,0.0726064518094062,0.0,1.1665507555007937,131,398.3859648209764,0.1888855397701263,1,unknown
0.3959867060184479,0.1405908465385437,2.471027135848999,0.0829314365983009,0.0,1.430775761604309,132,401.6679184489767,0.1888305693864822,1,unknown
0.2608155012130737,0.0821526050567627,1.745717167854309,0.0409115888178348,0.0,1.7478684186935425,133,404.9977377660107,0.1887914538383484,1,unknown
0.3402702510356903,0.1114761531352996,2.2088332176208496,0.0791078731417656,0.0,3.196895837783813,134,408.1951508169877,0.1886310279369354,1,unknown
0.4695120751857757,0.2577280104160309,2.05411696434021,0.0637236088514328,0.0,6.248603343963623,135,411.3790152699803,0.1885839849710464,1,unknown
0.3921247124671936,0.1496783345937729,2.348923683166504,0.0755397006869316,0.0,0.9711259603500366,136,414.4824011130258,0.1885851621627807,1,unknown
0.456093430519104,0.2541984915733337,1.9516633749008176,0.0672858580946922,0.0,0.9398595094680786,137,417.7365459339926,0.1885679960250854,1,unknown
0.3813152313232422,0.1580561697483062,2.164127349853516,0.0684633553028106,0.0,1.464624285697937,138,420.8404634330072,0.1886957585811615,1,unknown
0.3279139697551727,0.1307044029235839,1.924126386642456,0.047969602048397,0.0,0.8052820563316345,139,423.9218231699778,0.1888262778520584,1,unknown
0.3932883143424988,0.171677827835083,2.1558332443237305,0.0602717250585556,0.0,2.8961544036865234,140,426.90083821601,0.1889715790748596,1,unknown
0.2908236980438232,0.0598904341459274,2.2370874881744385,0.0722449570894241,0.0,0.7902225852012634,141,430.09539918100927,0.1891388744115829,1,unknown
0.3351831138134002,0.1156019270420074,2.1285319328308105,0.0672795549035072,0.0,0.6702004075050354,142,433.094725493982,0.1893177479505539,1,unknown
0.3463377356529236,0.1232084408402443,2.1684670448303223,0.0628257617354393,0.0,0.906124234199524,143,436.2088976849918,0.1893842965364456,1,unknown
0.3527968823909759,0.1068412289023399,2.356604814529419,0.1029517203569412,0.0,1.1433120965957642,144,439.5582093489938,0.1895812004804611,1,unknown
0.3585242033004761,0.136449858546257,2.1736502647399902,0.0470931231975555,0.0,0.9747289419174194,145,442.85171313601313,0.189808502793312,1,unknown
0.3404691815376282,0.1039811074733734,2.282537937164306,0.0823431611061096,0.0,1.4328336715698242,146,445.983125091996,0.1900814771652221,1,unknown
0.3600591719150543,0.1401256322860717,2.120746612548828,0.0785887688398361,0.0,1.1863957643508911,147,449.1072650019778,0.1904678493738174,1,unknown
0.2860266864299774,0.0709402412176132,2.0912935733795166,0.059570588171482,0.0,1.8210982084274288,148,452.091251217993,0.1910662651062011,1,unknown
0.4078560173511505,0.1914694011211395,2.0975863933563232,0.0662800669670105,0.0,0.9346827268600464,149,455.2200909390231,0.1915996968746185,1,unknown
0.475334882736206,0.2682271003723144,2.0130889415740967,0.0579887405037879,0.0,1.6647146940231323,150,458.36826621199725,0.1921318918466568,1,unknown
0.4441759288311004,0.2103627622127533,2.2634050846099854,0.0747265741229057,0.0,1.0761719942092896,151,461.3628368300269,0.1927017122507095,1,unknown
0.3914235532283783,0.169249027967453,2.159940242767334,0.0618048645555973,0.0,0.8099156022071838,152,464.5479474029853,0.1934109479188919,1,unknown
0.3855807483196258,0.1694512814283371,2.0977582931518555,0.063536062836647,0.0,1.067707896232605,153,467.8876099840272,0.1941490918397903,1,unknown
0.4106894731521606,0.1973393857479095,2.070399522781372,0.0631012171506881,0.0,2.467223882675171,154,471.4139541379991,0.1948023587465286,1,unknown
0.2958214879035949,0.0892398208379745,2.0141611099243164,0.0516556836664676,0.0,0.9253114461898804,155,474.79692674800754,0.1955533027648925,1,unknown
0.4476313889026642,0.194255918264389,2.42075252532959,0.1130019873380661,0.0,2.008785486221313,156,477.8847763449885,0.1962730139493942,1,unknown
0.3167079091072082,0.1044097915291786,2.0610384941101074,0.0619428716599941,0.0,2.8007466793060303,157,481.36230434599565,0.1969408094882965,1,unknown
0.3216442763805389,0.1090494319796562,2.067699909210205,0.0582487881183624,0.0,0.8852458596229553,158,484.5696983460221,0.1977521330118179,1,unknown
0.390776515007019,0.1692714840173721,2.1498265266418457,0.0652237460017204,0.0,0.7723165154457092,159,487.74019313202007,0.1983657926321029,1,unknown
0.3528575003147125,0.1358446180820465,2.0946547985076904,0.0754741579294204,0.0,2.042699098587036,160,490.7334468709887,0.1988651603460312,1,unknown
0.299175351858139,0.0618802644312381,2.2817189693450928,0.0912319123744964,0.0,2.3418710231781006,161,493.9153111000196,0.1994446367025375,1,unknown
0.3362285196781158,0.095473438501358,2.318589448928833,0.0889614969491958,0.0,1.7342299222946167,162,497.1887487909989,0.200037270784378,1,unknown
0.3290082514286041,0.1139764040708541,2.088635206222534,0.061683464795351,0.0,0.9575167894363404,163,500.3970254320302,0.2006977349519729,1,unknown
0.3595472276210785,0.1600540280342102,1.9449377059936523,0.0499942786991596,0.0,0.7637118697166443,164,503.58013714902336,0.2013417184352874,1,unknown
0.45545694231987,0.2213781028985977,2.270752429962158,0.070035807788372,0.0,1.5293431282043457,165,506.81273032398894,0.2016562819480896,1,unknown
0.3138450980186462,0.1104141175746917,1.9883443117141724,0.0459654778242111,0.0,0.5939731001853943,166,510.5508183970233,0.2019229978322982,1,unknown
0.4599704444408417,0.157234787940979,2.892944097518921,0.1344124972820282,0.0,2.446446657180786,167,513.6006748069776,0.203552633523941,0,unknown
0.378194510936737,0.1728501766920089,2.0000967979431152,0.0533465780317783,0.0,1.184834599494934,168,516.8048932940001,0.2050579488277435,1,unknown
0.4357461333274841,0.2085516601800918,2.211672067642212,0.0602727681398391,0.0,1.0483864545822144,169,520.3485612660297,0.2065754979848861,1,unknown
0.4193610548973083,0.2317610681056976,1.834421157836914,0.0415786579251289,0.0,1.7031049728393557,170,523.9294682759792,0.2080261707305908,1,unknown
0.3326480090618133,0.121842123568058,2.045788526535034,0.0622701495885849,0.0,1.2459036111831665,171,527.1907690779772,0.2095595747232437,1,unknown
0.3745163083076477,0.1783782839775085,1.912656307220459,0.048724178224802,0.0,1.1795448064804075,172,530.3856710619875,0.2110200971364975,1,unknown
0.3393890857696533,0.106591060757637,2.242921829223633,0.0850578472018241,0.0,1.112467885017395,173,533.7026712520164,0.2124488204717636,1,unknown
0.2616609334945678,0.0492598935961723,2.0716164112091064,0.0523939803242683,0.0,3.4182074069976807,174,536.9142637010082,0.2138122618198394,1,unknown
0.3380207419395447,0.1294734328985214,2.0345206260681152,0.0509527586400508,0.0,0.8258042931556702,175,540.1696826890111,0.2150307744741439,1,unknown
0.3650405704975128,0.1880896389484405,1.7273025512695312,0.0422067418694496,0.0,4.393468856811523,176,542.9266829330008,0.2161529809236526,1,unknown
0.3755652606487274,0.1868516653776168,1.838193416595459,0.0489426665008068,0.0,1.9548646211624143,177,545.8916764070163,0.2171634435653686,1,unknown
0.3526781499385834,0.1186376810073852,2.2532074451446533,0.0871971398591995,0.0,1.300420880317688,178,549.0948343949858,0.218096524477005,1,unknown
0.4276777803897857,0.1816514879465103,2.3858330249786377,0.0744295567274093,0.0,0.9267443418502808,179,552.5577561690006,0.2190147489309311,1,unknown
0.4795764684677124,0.2383828163146972,2.317094087600708,0.0948424413800239,0.0,0.9084329009056092,180,555.7293482060195,0.2199248224496841,1,unknown
0.7515802979469299,0.4281735420227051,3.09424090385437,0.139826625585556,0.0,11.386015892028809,181,558.7199382070103,0.2204750031232834,0,unknown
0.2769277095794678,0.0920996889472007,1.8086055517196653,0.0396748222410678,0.0,0.9172486662864684,182,562.0190246879938,0.2210030108690261,1,unknown
0.3080312609672546,0.0933881029486656,2.075058698654175,0.0713731944561004,0.0,1.280692219734192,183,565.4848848290276,0.2214853912591934,1,unknown
0.3277048766613006,0.1038461551070213,2.1537585258483887,0.0848288312554359,0.0,0.9985169172286988,184,568.6950633110246,0.2220048308372497,1,unknown
0.3413376808166504,0.1119544953107833,2.214163064956665,0.0796685293316841,0.0,0.9734336137771606,185,571.813203378988,0.222612977027893,1,unknown
0.2994044721126556,0.1074390634894371,1.8693995475769043,0.0502543598413467,0.0,0.587540328502655,186,574.7342199329869,0.223238319158554,1,unknown
0.2771796286106109,0.0888809114694595,1.836461424827576,0.0465258359909057,0.0,0.8742574453353882,187,577.9359031430213,0.2239752411842346,1,unknown
0.3355421423912048,0.1460717618465423,1.8523274660110476,0.0423765406012535,0.0,0.8490514755249023,188,580.9911834290251,0.2248451858758926,1,unknown
0.4191611409187317,0.2511938810348511,1.640373706817627,0.0392990820109844,0.0,0.9329530000686646,189,584.2631712480215,0.2256792038679123,1,unknown
0.3490379154682159,0.1398929506540298,2.033255100250244,0.0581949651241302,0.0,1.0835795402526855,190,587.6422828930081,0.2264909148216247,1,unknown
0.3026612997055053,0.1010649800300598,1.9686781167984009,0.0472850501537323,0.0,0.9596415162086488,191,590.9649416789762,0.2273049652576446,1,unknown
0.3912778198719024,0.1783249676227569,2.067253828048706,0.0622747018933296,0.0,1.3515536785125732,192,594.0135781280114,0.2282623350620269,1,unknown
0.2574039101600647,0.0693351328372955,1.833453059196472,0.0472345165908336,0.0,0.8476046323776245,193,597.0188877990004,0.2293189316987991,1,unknown
0.3907020986080169,0.1824434548616409,2.015875577926636,0.0667109116911888,0.0,2.4341299533843994,194,600.2366362080211,0.2302716970443725,1,unknown
0.3310603201389313,0.1015356704592704,2.217270851135254,0.0779757723212242,0.0,1.8390628099441528,195,603.5527863249881,0.2312183082103729,1,unknown
0.3066419959068298,0.0997102484107017,2.018754243850708,0.0505632273852825,0.0,1.4396058320999146,196,606.5320271810051,0.2320476621389389,1,unknown
0.3074136972427368,0.1067784577608108,1.9483864307403564,0.0579658113420009,0.0,1.926119089126587,197,609.4614238219801,0.2328712344169616,1,unknown
0.3997539579868316,0.1389338076114654,2.508089542388916,0.1001119613647461,0.0,1.7105152606964111,198,612.4035764450091,0.233521282672882,1,unknown
0.3088901042938232,0.0999170914292335,2.0373311042785645,0.0523992329835891,0.0,1.1286298036575315,199,615.3823999289889,0.2343311309814453,1,unknown
0.4185459017753601,0.2129797637462616,2.0025134086608887,0.0531480610370636,0.0,2.513890027999878,200,618.5532487779856,0.2349546402692794,1,unknown
0.4080915451049804,0.1113941296935081,2.831251859664917,0.1357222944498062,0.0,2.6741983890533447,201,621.5200530170114,0.2371507287025451,0,unknown
0.3476348221302032,0.0947096869349479,2.436339855194092,0.0929114893078804,0.0,1.307210087776184,202,624.6365639219875,0.2392627447843551,1,unknown
0.4056239128112793,0.2322856932878494,1.696517825126648,0.0368643663823604,0.0,1.7711421251296997,203,627.7694326579804,0.2412732988595962,1,unknown
0.2754191160202026,0.1082734614610672,1.6373767852783203,0.0340800993144512,0.0,0.8111590147018433,204,630.9276607930078,0.2431753426790237,1,unknown
0.3654022812843323,0.0934134051203727,2.6135990619659424,0.1062897592782974,0.0,3.0487451553344727,205,633.8420247299946,0.2450901120901107,0,unknown
0.26969113945961,0.0784385129809379,1.8736202716827397,0.0389062128961086,0.0,1.0441521406173706,206,636.7931001239922,0.2470711916685104,1,unknown
0.4467662870883941,0.1838173270225525,2.5227694511413574,0.1067196130752563,0.0,1.211282730102539,207,639.9005472779972,0.2492739707231521,1,unknown
0.3001758158206939,0.1007252484560012,1.9400935173034668,0.0544120632112026,0.0,1.2964650392532349,208,643.1779997849953,0.2511511743068695,1,unknown
0.377520889043808,0.1612243205308914,2.1043381690979004,0.0586276948451995,0.0,2.029167413711548,209,646.1303860879852,0.2529383599758148,1,unknown
0.3291999697685241,0.1086628511548042,2.1337316036224365,0.0716394037008285,0.0,0.9933100342750548,210,648.9452427210053,0.2545912265777588,1,unknown
0.3419635593891144,0.115239143371582,2.202603340148926,0.0646408945322036,0.0,0.9861940145492554,211,651.5613965609809,0.2563447654247284,1,unknown
0.3333728611469269,0.0977702140808105,2.2685387134552,0.087487518787384,0.0,1.5655040740966797,212,654.2373672680114,0.2584507763385772,0,unknown
0.3247204124927521,0.1196512654423713,1.994222402572632,0.0564693994820117,0.0,0.5536918044090271,213,656.861322488985,0.260286808013916,1,unknown
0.2388825118541717,0.0674981325864791,1.68546724319458,0.0283764861524105,0.0,0.716018795967102,214,659.4698652669904,0.2619065642356872,1,unknown
0.3476209938526153,0.1552473604679107,1.8823097944259644,0.041426483541727,0.0,1.421406865119934,215,661.8532328989822,0.2633837163448334,1,unknown
0.3326409459114074,0.1051628142595291,2.180462598800659,0.0943186953663826,0.0,1.6780918836593628,216,664.6772457149928,0.264711856842041,1,unknown
0.2224954068660736,0.0387336052954196,1.791987419128418,0.0456304140388965,0.0,0.8505906462669373,217,667.2820564549766,0.2658809721469879,1,unknown
0.3275313377380371,0.1070837676525116,2.1300137042999268,0.0744620338082313,0.0,0.7021938562393188,218,670.2849086479982,0.2669354081153869,1,unknown
0.2555851340293884,0.0643974989652633,1.8660403490066528,0.0458358861505985,0.0,0.7787851691246033,219,673.2479629979935,0.2681561112403869,1,unknown
0.4406016767024994,0.2384560257196426,1.9669520854949951,0.0545045398175716,0.0,41.563289642333984,220,676.3205600790097,0.2692723572254181,1,unknown
0.3808554410934448,0.1575043499469757,2.168760061264038,0.0647504702210426,0.0,1.0372623205184937,221,679.384879729012,0.2703849971294403,1,unknown
0.3018908202648163,0.0981600284576416,1.976853847503662,0.060454174876213,0.0,1.1201633214950562,222,682.4807129920227,0.2716513276100158,1,unknown
0.3881475031375885,0.1937806010246276,1.8953218460083008,0.0483471155166626,0.0,0.7079728841781616,223,685.4868072380195,0.2728861570358276,1,unknown
0.5260908007621765,0.2271685004234314,2.8701016902923584,0.1191215142607688,0.0,2.329469919204712,224,688.3308309279964,0.2750042378902435,0,unknown
0.3168097138404846,0.1241515949368476,1.8735730648040767,0.0530082210898399,0.0,1.985112309455872,225,691.7730799770216,0.2767432928085327,1,unknown
0.3060384392738342,0.0808359533548355,2.181807279586792,0.0702176764607429,0.0,0.7528305649757385,226,694.8500120129902,0.2784018814563751,1,unknown
0.3431673347949981,0.0771064907312393,2.5422537326812744,0.1183545812964439,0.0,1.1328309774398804,227,697.7666629810119,0.2799050509929657,0,unknown
0.3942864835262298,0.1478352546691894,2.3715803623199463,0.0929319262504577,0.0,1.660843849182129,228,700.7569983780268,0.2814370691776275,1,unknown
0.347976952791214,0.121892511844635,2.1905670166015625,0.0702775120735168,0.0,1.8872641324996948,229,703.911729902029,0.2829059660434723,1,unknown
0.3268255293369293,0.1403596252202987,1.815788745880127,0.0488702841103076,0.0,1.1503041982650757,230,706.9661863060319,0.2843174934387207,1,unknown
0.3184457123279571,0.111599326133728,2.016111135482788,0.0523526966571807,0.0,0.6086062788963318,231,709.9409358010162,0.2854845821857452,1,unknown
0.3124184310436249,0.0910538882017135,2.1399667263031006,0.0736786648631095,0.0,1.4206408262252808,232,713.1140804879833,0.2864753305912018,1,unknown
0.3122978210449219,0.1010610982775688,2.054469585418701,0.0578975044190883,0.0,1.1081591844558716,233,716.3497953339829,0.2881150245666504,1,unknown
0.4011860191822052,0.1603847444057464,2.3301846981048584,0.0778277814388275,0.0,1.383312702178955,234,719.3260087129893,0.289630115032196,1,unknown
0.5427607297897339,0.2677170932292938,2.6395747661590576,0.1108614206314086,0.0,2.77669358253479,235,721.7872958260123,0.290715217590332,0,unknown
0.3375749289989471,0.1252178847789764,2.041752815246582,0.0818178206682205,0.0,0.9907039403915404,236,724.6577164080227,0.2916865646839142,1,unknown
0.2449277490377426,0.0442880690097808,1.952213168144226,0.054183479398489,0.0,1.591288685798645,237,727.844945083023,0.2926388382911682,1,unknown
0.2881363332271576,0.081929825246334,2.0123097896575928,0.0497554466128349,0.0,0.6385559439659119,238,730.9788829159806,0.2935221791267395,1,unknown
0.375162810087204,0.1527757793664932,2.143194437026977,0.0806756764650344,0.0,1.2019418478012085,239,733.9952599700191,0.2942970991134643,1,unknown
0.3291051983833313,0.1146714612841606,2.083941698074341,0.0603960156440734,0.0,0.9626885652542114,240,737.1014811809873,0.2948749661445617,1,unknown
0.3573804795742035,0.156013622879982,1.9575755596160889,0.0560929141938686,0.0,1.1550960540771484,241,740.233886950009,0.2957416176795959,1,unknown
0.3050075471401214,0.0666020363569259,2.311865329742432,0.0721900761127471,0.0,0.9495129585266112,242,743.5185673839878,0.296634167432785,1,unknown
0.4720491468906402,0.1618436127901077,2.988107919692993,0.1139477789402008,0.0,3.0838072299957275,243,746.3078234569984,0.2985176742076874,0,unknown
0.3192957937717438,0.1483918130397796,1.6604502201080322,0.0485894791781902,0.0,0.8861941695213318,244,749.3062017729972,0.3003289997577667,1,unknown
0.2959000468254089,0.1349384784698486,1.5734601020812988,0.0361558981239795,0.0,0.75383460521698,245,752.4549065660103,0.3019784688949585,1,unknown
0.2941124439239502,0.087950512766838,2.008286714553833,0.0533329173922538,0.0,1.4225764274597168,246,755.6772774159908,0.3036446273326874,1,unknown
0.3107425570487976,0.1354701220989227,1.7131192684173584,0.0396049618721008,0.0,0.911934494972229,247,758.8087166849873,0.3052969574928283,1,unknown
0.2976347208023071,0.118353433907032,1.7498345375061035,0.0429781191051006,0.0,0.6252984404563904,248,761.9605237190262,0.3067679703235626,1,unknown
0.3324916362762451,0.1127456575632095,2.13120698928833,0.066252663731575,0.0,0.8036890625953674,249,765.3354360819794,0.3082443177700043,1,unknown
0.2534771859645843,0.0573260635137558,1.905847430229187,0.055663738399744,0.0,1.3090702295303345,250,768.6072061500163,0.3096006214618683,1,unknown
0.3877601027488708,0.1601395308971405,2.1940391063690186,0.0821662247180938,0.0,0.8240581154823303,251,771.7171502439887,0.3108937442302704,1,unknown
0.297448456287384,0.1214191690087318,1.7206919193267822,0.0396012775599956,0.0,2.06192946434021,252,774.7825364110176,0.3120197653770447,1,unknown
0.4766513407230377,0.1937068998813629,2.713097333908081,0.1163468286395073,0.0,1.144001007080078,253,777.7352101589786,0.314194917678833,0,unknown
0.5115408897399902,0.2318770587444305,2.6646556854248047,0.131982684135437,0.0,1.8529860973358157,254,780.8952088560327,0.3162296414375305,0,unknown
0.3852941989898681,0.1386580616235733,2.3768539428710938,0.0895075500011444,0.0,1.2038297653198242,255,783.9137353260303,0.3180774450302124,1,unknown
0.2889207303524017,0.0647951290011406,2.161579370498657,0.0796764567494392,0.0,0.5595664381980896,256,787.0053289040225,0.3197554051876068,1,unknown
0.45444455742836,0.2043875753879547,2.299965143203736,0.1842413991689682,0.1636309176683426,4.822814464569092,1,3.6960747779812655,0.0009759336826391,1,masked
0.4554161429405212,0.19505076110363,2.406713962554932,0.1851808726787567,0.1175894662737846,3.697677135467529,2,6.944657813990489,0.002094255760312,1,masked
0.394129067659378,0.1430487930774688,2.374819755554199,0.1260507404804229,0.099323034286499,4.837764263153076,3,10.3375335149467,0.0036649794783443,1,masked
0.6401199698448181,0.3522293269634247,2.677066802978516,0.1864596158266067,0.1537984311580658,5.919580459594727,4,13.67272921995027,0.0058809174224734,1,masked
0.5288266539573669,0.2417746037244796,2.6765811443328857,0.1746441274881363,0.1929534971714019,3.882484197616577,5,16.71750372298993,0.0083884093910455,1,masked
0.4079286456108093,0.1607753485441208,2.329836130142212,0.1298500895500183,0.1184693872928619,5.090078353881836,6,19.780274436983746,0.0108757875859737,1,masked
0.4796262383460998,0.2212740927934646,2.4440159797668457,0.1273753941059112,0.1212989166378974,4.664230823516846,7,22.768190252943896,0.0135535504668951,1,masked
0.522101879119873,0.270920991897583,2.404451608657837,0.1017613112926483,0.0559600554406642,7.159782886505127,8,26.16010846494464,0.0159079115837812,1,masked
0.576060950756073,0.3262088298797607,2.368671178817749,0.1174627020955085,0.1238672956824302,4.936030864715576,9,29.05601239798125,0.0185060258954763,1,masked
0.403897762298584,0.1507290303707122,2.4324214458465576,0.0876967757940292,0.1156917810440063,3.678194522857666,10,32.03488503099652,0.0210339296609163,1,masked
0.391741394996643,0.1608443111181259,2.227255344390869,0.0761886537075042,0.0552691966295242,2.9536550045013428,11,35.02054551994661,0.0235498528927564,1,masked
0.4474153816699981,0.2017894238233566,2.3733651638031006,0.0760064274072647,0.0688804313540458,4.813526153564453,12,38.393703478970565,0.02641212195158,1,masked
0.5568360686302185,0.2904006242752075,2.5502209663391118,0.0971923097968101,0.1694132685661316,20.052696228027344,13,41.35438075498678,0.0293989684432744,1,masked
0.4970251619815826,0.2630951702594757,2.2675375938415527,0.0655188038945198,0.0624299943447113,2.8425440788269043,14,44.37865361495642,0.0324291437864303,1,masked
0.4366742372512817,0.1615676432847976,2.6510627269744877,0.0923746079206466,0.0762860029935836,8.535563468933105,15,47.4569162549451,0.0362124368548393,1,masked
0.3911461532115936,0.183294266462326,2.0260019302368164,0.0470394939184188,0.0547741800546646,3.2171003818511963,16,50.71352778899018,0.0403379872441291,1,masked
0.4321743547916412,0.185029536485672,2.4071285724639893,0.0579896494746208,0.0632976815104484,13.36032009124756,17,53.68127355794422,0.0446495600044727,1,masked
0.5183178186416626,0.2584889233112335,2.5100326538085938,0.0827797502279281,0.0547645017504692,7.177940368652344,18,56.86449104495114,0.0476069115102291,1,masked
0.4632337391376495,0.2175228744745254,2.354721546173096,0.0950412303209304,0.0734587088227272,3.343799591064453,19,59.97029307897901,0.0510486029088497,1,masked
0.7119992971420288,0.4419056475162506,2.5836141109466557,0.1094485893845558,0.078739158809185,6.287017822265625,20,62.99182344198925,0.0547051504254341,0,masked
0.6147485971450806,0.3819397985935211,2.291579008102417,0.0296074636280536,0.0690117627382278,3.478527307510376,21,65.94082804798381,0.0587299466133117,1,masked
0.4678827226161957,0.2401035577058792,2.205815553665161,0.0658095255494117,0.0616624243557453,2.29107403755188,22,68.93438594898907,0.0636193826794624,1,masked
0.6038902401924133,0.33139169216156,2.618743896484375,0.0955208241939544,0.1072091609239578,3.3386034965515137,23,72.028195338964,0.0679951906204223,0,masked
0.3401394784450531,0.1125019565224647,2.2160158157348637,0.0539413355290889,0.0641773119568824,3.5627806186676025,24,75.38103139295708,0.072628766298294,1,masked
0.6142737865447998,0.3629152178764343,2.420893669128418,0.0850420072674751,0.076492466032505,3.692453384399414,25,78.3924741759547,0.077375091612339,1,masked
0.4170776605606079,0.1951265633106231,2.142700672149658,0.0696576014161109,0.0715290233492851,3.3424265384674072,26,81.46664215595229,0.0822041779756546,1,masked
0.6532202959060669,0.3759388029575348,2.679898977279663,0.0820930674672126,0.1082317605614662,3.2803022861480717,27,84.24238300294382,0.0866201147437095,0,masked
0.3930583596229553,0.1555102467536926,2.296355724334717,0.0735800191760063,0.0554612539708614,2.439162492752075,28,87.20083651097957,0.0912530720233917,1,masked
0.4048952162265777,0.1411211341619491,2.527161836624145,0.104976087808609,0.0560320019721984,3.5241143703460693,29,90.37118436797756,0.0957679376006126,1,masked
0.486176073551178,0.2421391010284423,2.339148998260498,0.092531993985176,0.0868896320462226,24.173778533935547,30,93.18901036598254,0.1001537442207336,0,masked
0.4534869194030761,0.2173013687133789,2.280611991882324,0.074715755879879,0.0652776062488555,3.7626914978027344,31,96.13615717896027,0.1044426336884498,1,masked
0.6029266119003296,0.3559640049934387,2.3658976554870605,0.0941494852304458,0.0957874059677124,2.557147741317749,32,99.09705560997828,0.1090180873870849,1,masked
0.4061621129512787,0.174497902393341,2.234076976776123,0.0688175037503242,0.1374770104885101,3.8718373775482178,33,102.27227779797975,0.1130451187491417,1,masked
0.3759822249412536,0.1403970867395401,2.302685022354126,0.0481912083923816,0.0497550368309021,1.9069641828536987,34,105.24178597499848,0.1181610971689224,1,masked
0.4685809910297394,0.2136107981204986,2.4642815589904785,0.0785980224609375,0.0682167559862136,2.402384042739868,35,108.22149053798056,0.1231250688433647,1,masked
0.360072523355484,0.1345601379871368,2.1987149715423584,0.0533629097044467,0.0304578989744186,3.382652521133423,36,111.1757881299709,0.1278368532657623,1,masked
0.3821369409561157,0.1562124192714691,2.1849260330200195,0.0687137171626091,0.056056048721075,4.222266674041748,37,114.3031278649578,0.1317492127418518,1,masked
0.3699701428413391,0.1005251631140708,2.5926761627197266,0.0944071561098098,0.0736642926931381,3.275043249130249,38,117.01325670199004,0.1351899057626724,1,masked
0.6017442941665649,0.3779384791851043,2.1782093048095703,0.0529451295733451,0.0690388604998588,3.275501251220703,39,119.65259065496502,0.1386259794235229,1,masked
0.3784050643444061,0.1174814626574516,2.530695915222168,0.0722641423344612,0.0627649873495101,1.8947689533233645,40,122.32094668794888,0.1419054716825485,1,masked
0.5368581414222717,0.2743436992168426,2.539457321166992,0.0753739029169082,0.1031308695673942,6.227923393249512,41,125.08799568394898,0.1448527574539184,1,masked
0.350410908460617,0.0960841253399849,2.4413208961486816,0.0907083004713058,0.1123851835727691,2.07412052154541,42,128.07205984398024,0.1482352465391159,1,masked
0.3917549252510071,0.1770321279764175,2.103294134140014,0.0384296625852584,0.0550400763750076,2.884716272354126,43,130.69940656394465,0.1515571326017379,1,masked
0.3469327986240387,0.1071453839540481,2.318380355834961,0.0719451010227203,0.0754840672016143,1.445781707763672,44,133.32360581599642,0.1560019999742508,1,masked
0.4535119831562042,0.207405149936676,2.3811960220336914,0.0731759518384933,0.066964216530323,3.257362604141236,45,136.15059069596464,0.1599825918674469,1,masked
0.6838757991790771,0.4214283525943756,2.536285638809204,0.0807077586650848,0.0748139470815658,11.364131927490234,46,138.6202056289767,0.1650155335664749,0,masked
0.439331978559494,0.191014289855957,2.395218133926392,0.0807532146573066,0.0720538720488548,1.486495852470398,47,141.24996783497045,0.1705372631549835,1,masked
0.380026638507843,0.1199347898364067,2.516926050186157,0.0783202052116394,0.0567231774330139,2.416910409927368,48,143.85037748498144,0.1758272796869278,1,masked
0.3594098091125488,0.1340086460113525,2.200611114501953,0.0512892380356788,0.0211126320064067,2.9110536575317383,49,146.65786411199952,0.1808782964944839,1,masked
0.4504025280475616,0.1707285195589065,2.6742231845855717,0.1156613379716873,0.0685567706823349,3.861799478530884,50,149.72311252099462,0.1855167746543884,1,masked
0.4384608864784241,0.2048081904649734,2.2462234497070312,0.082823060452938,0.0748035982251167,3.99729585647583,51,152.3344978269888,0.1903093457221985,1,masked
0.4279209673404693,0.1944891959428787,2.266878366470337,0.0632483214139938,0.0419128350913524,2.5398972034454346,52,154.96002540999325,0.1952948570251464,1,masked
0.3989973068237304,0.1795525699853897,2.129424571990967,0.0596221312880516,0.0540083423256874,1.6467331647872925,53,157.71361132798484,0.1999611258506775,1,masked
0.3972297012805938,0.1561076790094375,2.323162794113159,0.0812121778726577,0.0684534683823585,2.0264854431152344,54,160.48049837799044,0.2043162733316421,1,masked
0.3575337827205658,0.1425313204526901,2.0827832221984863,0.0640918761491775,0.0314937382936477,4.548832416534424,55,163.09904017695226,0.2089379131793975,1,masked
0.3713212013244629,0.1516694277524948,2.1433677673339844,0.0494126789271831,0.0373708344995975,1.5191956758499146,56,165.11231033399235,0.2138798832893371,1,masked
0.4676591157913208,0.2325960397720337,2.2629103660583496,0.07924585044384,0.0847471430897712,1.6684988737106323,57,168.20380548998946,0.2195411473512649,1,masked
0.4185689091682434,0.1709413081407547,2.394336938858032,0.0754040032625198,0.0653494819998741,2.0091207027435303,58,171.2803113089758,0.2267914116382599,1,masked
0.4163933098316192,0.1919486671686172,2.190447807312012,0.0478306487202644,0.0616838485002517,1.9284735918045044,59,174.39448916894617,0.2340602129697799,1,masked
0.4289668798446655,0.1776425093412399,2.428767442703247,0.080419510602951,0.0405677668750286,1.879958152770996,60,177.37765245896298,0.242658793926239,1,masked
0.3103193640708923,0.0808569565415382,2.248023271560669,0.0417940914630889,0.0480692163109779,1.3398019075393677,61,180.39119494199983,0.2507720589637756,1,masked
0.3770854771137237,0.1532026082277298,2.1799886226654053,0.0545759722590446,0.0426396876573562,1.1208271980285645,62,183.59802503994436,0.2587353587150574,1,masked
0.3735986948013305,0.0847125574946403,2.7760047912597656,0.1053387224674224,0.0751765370368957,2.62002944946289,63,186.44106930494308,0.2667592465877533,0,masked
0.3660001158714294,0.1014708578586578,2.544844388961792,0.0949433445930481,0.0550505220890045,2.131304979324341,64,189.64282579295104,0.2742587625980377,1,masked
0.3542273044586181,0.1401570737361908,2.110272169113159,0.0266265235841274,0.0380372740328311,1.110610008239746,65,192.7396425949992,0.2817275524139404,1,masked
0.3593162298202514,0.1040099710226059,2.453493356704712,0.091119110584259,0.0845036953687667,1.6262599229812622,66,195.6387664389913,0.2889012694358825,1,masked
0.3583967089653015,0.1345145255327224,2.1723742485046387,0.0637900233268737,0.0265785455703735,2.621615171432495,67,197.73509796499275,0.2953944206237793,1,masked
0.3553447723388672,0.1366364061832428,2.119196891784668,0.0646585971117019,0.0322801582515239,2.0306990146636963,68,200.5426661739475,0.3018081784248352,1,masked
0.4146851897239685,0.1622156202793121,2.430307388305664,0.0877792909741401,0.066092774271965,2.6310930252075195,69,203.37840883794703,0.3082939982414245,1,masked
0.4340862929821014,0.229367196559906,1.9912267923355105,0.0536787211894989,0.0228507742285728,1.6586778163909912,70,206.39870387595147,0.3144248127937317,1,masked
0.2909687757492065,0.0819283351302146,2.0461111068725586,0.0405359826982021,0.0375734940171241,1.7709733247756958,71,209.49908063397743,0.3209665417671203,1,masked
0.347986102104187,0.1401246041059494,2.0359692573547363,0.0378617569804191,0.0478366091847419,1.166470646858215,72,212.64693986595373,0.3283877372741699,1,masked
0.2710165679454803,0.0670143514871597,1.9942353963851929,0.0396397188305854,0.0614701956510543,1.7131907939910889,73,215.63801471400075,0.3352841138839721,1,masked
0.35825115442276,0.1152757108211517,2.333291530609131,0.0845416337251663,0.1192100271582603,5.638073444366455,74,218.13533822697357,0.3417673707008362,1,masked
0.3735093474388122,0.1569117307662964,2.099549531936645,0.0604844018816947,0.0594231262803077,1.473761796951294,75,221.38282677996904,0.3479287028312683,1,masked
0.4095048606395721,0.1747766137123108,2.256654500961304,0.0806718170642852,0.099563181400299,3.1532137393951416,76,224.39746641297825,0.3543625771999359,1,masked
0.415644496679306,0.2131566256284713,1.9708130359649656,0.0491309612989425,0.0493460819125175,2.9947588443756104,77,227.1598643369507,0.3598933815956116,1,masked
0.3428948223590851,0.1148571521043777,2.2065675258636475,0.067748986184597,0.060601208359003,1.4334723949432373,78,230.06243158096916,0.3650837242603302,1,masked
0.3679906725883484,0.1395264714956283,2.2217564582824707,0.0583014413714408,0.0458386801183223,1.6347455978393557,79,232.799176541972,0.3692431449890136,1,masked
0.3587876856327057,0.0983886122703552,2.50285267829895,0.095543697476387,0.0559472180902957,1.957056760787964,80,235.78356571198677,0.3721766769886017,1,masked
0.3206749856472015,0.0893669202923774,2.233916997909546,0.0724284872412681,0.0673525184392929,1.5199553966522217,81,238.76766634895463,0.3751027584075928,1,masked
0.3929645419120788,0.1778886765241623,2.1002421379089355,0.0474588833749294,0.0305737294256687,1.8857996463775637,82,241.55845510098152,0.3778455853462219,1,masked
0.3832361102104187,0.1452683359384536,2.291104555130005,0.0799442157149314,0.0862922966480255,2.717106342315674,83,244.83015310997143,0.3804618418216705,1,masked
0.3780213296413421,0.1546073257923126,2.1709556579589844,0.0594690516591072,0.0371527634561061,2.764158010482788,84,247.6203560449649,0.3828937411308288,1,masked
0.4037392735481262,0.1671943515539169,2.2824127674102783,0.0803683027625083,0.0266799516975879,2.3344223499298096,85,250.3860634539742,0.3853401243686676,1,masked
0.2804283797740936,0.0516750440001487,2.20313024520874,0.0811740159988403,0.0322910733520984,1.7079908847808838,86,253.56165280396817,0.3879208564758301,1,masked
0.2399159669876098,0.0471694879233837,1.8814702033996584,0.0427840799093246,0.0321031473577022,1.824944376945496,87,256.7454101299518,0.3904935717582702,1,masked
0.3745303153991699,0.1508238911628723,2.1752190589904785,0.0571850910782814,0.046598881483078,1.071532130241394,88,259.6488568239729,0.3938963413238525,1,masked
0.5382541418075562,0.3202139735221863,2.1225287914276123,0.0546652153134346,0.032078705728054,3.17630672454834,89,261.78869104298064,0.3980557322502136,1,masked
0.3846701085567474,0.1217668354511261,2.522897720336914,0.0966259986162185,0.0950889736413955,1.4948137998580933,90,264.77658976096427,0.4026992619037628,1,masked
0.32613605260849,0.0844704955816268,2.337313175201416,0.0764595046639442,0.0288290176540613,1.8594934940338133,91,267.68324636894977,0.4069939851760864,1,masked
0.6613220572471619,0.4500223100185394,2.046938896179199,0.0613661929965019,0.0469308830797672,2.343533754348755,92,270.9553726289887,0.4115424752235412,1,masked
0.4812957942485809,0.235840693116188,2.3842170238494877,0.0650202929973602,0.0531331449747085,2.1846516132354736,93,274.2415856819716,0.4154860973358154,1,masked
0.3726144731044769,0.1711876094341278,1.9535707235336304,0.0557183697819709,0.0497966445982456,1.3707722425460815,94,277.5472718269448,0.4194748699665069,1,masked
0.4923520088195801,0.2095505893230438,2.71973180770874,0.097899354994297,0.103828564286232,3.176365375518799,95,280.57911994995084,0.4236331880092621,0,masked
0.6080594062805176,0.3318183720111847,2.6659064292907715,0.0911327674984932,0.053710538893938,2.8495678901672363,96,283.74397959094495,0.427817165851593,0,masked
0.3306861221790313,0.1234375312924385,2.027736186981201,0.039990309625864,0.0475919805467128,1.0483418703079224,97,286.8275957389851,0.4331616163253784,1,masked
0.3752160668373108,0.1427265256643295,2.2323193550109863,0.0881824493408203,0.0439304299652576,1.9762972593307493,98,289.8222788029816,0.4380293190479278,1,masked
0.3155408799648285,0.1063588410615921,2.0352509021759038,0.0501799136400222,0.0638937875628471,3.6963047981262207,99,292.84407527395524,0.4426864981651306,1,masked
0.4470430910587311,0.1914449334144592,2.463458776473999,0.0866997167468071,0.0582252442836761,1.1288012266159058,100,296.2406550439773,0.4470806121826172,1,masked
0.4264685213565826,0.182825356721878,2.338539361953736,0.0897903889417648,0.0810211673378944,1.3146599531173706,101,299.3841110879439,0.4514598250389099,1,masked
0.284001737833023,0.0783774852752685,1.9935309886932373,0.0588190667331218,0.0389238595962524,1.7105844020843506,102,302.49190909799654,0.4557863771915436,1,masked
0.3095865547657013,0.080714963376522,2.220277786254883,0.066349096596241,0.0208918824791908,1.469650149345398,103,305.56914131494705,0.4600060880184173,1,masked
0.3669396042823791,0.1356292515993118,2.250486373901367,0.0591741278767585,0.0344295427203178,1.2737716436386108,104,308.7527651889832,0.4644839763641357,1,masked
0.3517473042011261,0.1521886140108108,1.929931044578552,0.0600515194237232,0.0560424402356147,2.251729726791382,105,311.7897123049479,0.4690074622631073,1,masked
0.4644562005996704,0.2378521561622619,2.197747707366944,0.0642906203866005,0.0400155112147331,0.978634238243103,106,315.24655520397937,0.4741281867027282,1,masked
0.3618210554122925,0.1466782987117767,2.089531183242798,0.0603156648576259,0.0158021301031112,2.0083563327789307,107,318.7477200489957,0.4791015684604645,1,masked
0.3261112868785858,0.1339887082576751,1.8766595125198364,0.0410665944218635,0.0349975414574146,1.0400406122207642,108,322.45041679695714,0.4838715195655823,1,masked
0.3634548783302307,0.1551623493432998,2.037151336669922,0.0422734692692756,0.0350027494132518,0.8776029348373413,109,325.8743793479516,0.4892113804817199,1,masked
0.3446618616580963,0.135768249630928,2.041212797164917,0.0438593439757823,0.0386380739510059,1.377478837966919,110,329.220658969949,0.4946152865886688,1,masked
0.3789057731628418,0.1313510686159134,2.3846957683563232,0.0838076770305633,0.0704330727458,1.2441002130508425,111,332.64872106397524,0.4955852925777435,1,masked
0.3586072921752929,0.1263214945793151,2.2556304931640625,0.0607729107141494,0.0645457208156585,0.9927009344100952,112,336.3604497379856,0.4971987307071686,1,masked
0.3549173474311828,0.1156707033514976,2.3097524642944336,0.074396789073944,0.0831743478775024,1.249657154083252,113,339.81125217996305,0.4991128444671631,1,masked
0.2913055717945099,0.0861623287200927,1.992765069007873,0.0541351586580276,0.0453222878277301,0.9946250915527344,114,343.27234768198105,0.5009584426879883,1,masked
0.6587797999382019,0.3592637181282043,2.914226055145264,0.0704536363482475,0.1048134639859199,3.038757562637329,115,346.320746649988,0.5035386085510254,0,masked
0.3773216903209686,0.1331702619791031,2.331535816192627,0.0949775129556655,0.1500080823898315,1.012978434562683,116,349.75934849097393,0.5060506463050842,1,masked
0.2447775453329086,0.0530405789613723,1.875375509262085,0.0378418713808059,0.0415220148861408,1.1555861234664917,117,352.8486849209876,0.5085112452507019,1,masked
0.2982228696346283,0.0593534372746944,2.3059628009796143,0.0722010880708694,0.1053023040294647,1.0333267450332642,118,355.8671796999988,0.5108279585838318,1,masked
0.364814281463623,0.1610471457242965,1.9777536392211916,0.0556516759097576,0.0426563583314418,1.8173205852508545,119,358.84354639495723,0.5131521224975586,1,masked
0.4183144271373749,0.2221937477588653,1.9070228338241575,0.0473220683634281,0.0686176121234893,1.1678084135055542,120,361.8283304579672,0.5159466862678528,1,masked
0.297855019569397,0.0723872035741806,2.1776371002197266,0.0720150470733642,0.0502611920237541,1.5354756116867063,121,365.12998534797225,0.5187153220176697,1,masked
0.315977931022644,0.0945147722959518,2.155566453933716,0.0558531172573566,0.0321204625070095,0.9827728867530824,122,368.1022118089604,0.5227872729301453,1,masked
0.5362707376480103,0.3148000538349151,2.139469623565674,0.071457915008068,0.0377959236502647,1.5409537553787231,123,371.0930389759597,0.5264989733695984,1,masked
0.3703160285949707,0.1645271629095077,1.9982354640960691,0.0563353970646858,0.0331771224737167,0.9651082754135132,124,374.0721426499658,0.5306831002235413,1,masked
0.3911724686622619,0.1567615270614624,2.257319688796997,0.083288200199604,0.0350159034132957,3.0655975341796875,125,377.3754204949946,0.5346960425376892,1,masked
0.322883665561676,0.1221669092774391,1.9512443542480469,0.0516714416444301,0.0425193682312965,6.86249589920044,126,380.35345326695824,0.5389705896377563,1,masked
0.300083190202713,0.106977641582489,1.8907545804977417,0.0384879037737846,0.018130000680685,1.029619574546814,127,383.3265175339766,0.5437358021736145,1,masked
0.301264077425003,0.0972239077091217,1.9896163940429688,0.0436646081507205,0.0712067931890487,1.9981355667114256,128,386.4633755889954,0.5482527613639832,1,masked
0.3725569546222687,0.152326226234436,2.138113021850586,0.0599752739071846,0.0421913191676139,0.9433521032333374,129,389.8014167229994,0.554174542427063,1,masked
0.4339014291763305,0.1743921935558319,2.498334646224976,0.0889565125107765,0.0780143663287162,2.0524585247039795,130,392.8137936349958,0.5599563717842102,1,masked
0.3034508228302002,0.0895953178405761,2.064972400665283,0.0680682957172393,0.0551428794860839,0.8482060432434082,131,395.8862733759452,0.5654197931289673,1,masked
0.3902497589588165,0.1357649862766266,2.4581165313720703,0.0816662162542343,0.0506469197571277,1.4087443351745603,132,399.347441084974,0.5707061886787415,1,masked
0.2536505162715912,0.0757508799433708,1.7407306432724,0.0347483269870281,0.035172451287508,1.2558447122573853,133,402.630387491954,0.5761679410934448,1,masked
0.3407548666000366,0.1125760301947593,2.1986241340637207,0.0750986188650131,0.0806590989232063,1.5519180297851562,134,405.79311221296666,0.5811918377876282,1,masked
0.4632443487644195,0.2516411542892456,2.044152021408081,0.0641779005527496,0.0770233273506164,0.804621160030365,135,409.1461844809819,0.5859375,1,masked
0.3900639116764068,0.1479124575853347,2.35593843460083,0.0589775778353214,0.0659845992922782,1.0477479696273804,136,412.4316272539436,0.592863142490387,1,masked
0.4551274478435516,0.25424724817276,1.946921706199646,0.0554511956870555,0.0642905980348587,0.905924677848816,137,415.9639323709998,0.5996874570846558,1,masked
0.379009485244751,0.1547684073448181,2.1750268936157227,0.0620711706578731,0.0531264059245586,1.020430564880371,138,419.3392541099456,0.607283890247345,1,masked
0.3263364136219024,0.1296965181827545,1.9189660549163816,0.0451767891645431,0.0225564036518335,0.9938985109329224,139,422.3200684139738,0.6138738989830017,1,masked
0.3930679857730865,0.1732057780027389,2.151529312133789,0.0428495816886425,0.0424271747469902,0.8761248588562012,140,425.4654341409914,0.6200047135353088,1,masked
0.2882179319858551,0.0602615997195243,2.210928440093994,0.0667423456907272,0.0189215466380119,0.7148932814598083,141,428.7072040819912,0.6261388659477234,1,masked
0.3335879147052765,0.1151094213128089,2.120999336242676,0.0619895905256271,0.0179586093872785,1.2774640321731567,142,431.73224238399416,0.6317011713981628,1,masked
0.3474411964416504,0.1242362931370735,2.164562940597534,0.0627523958683013,0.0473363772034645,6.081375598907471,143,435.1238686029683,0.6370007991790771,1,masked
0.3526727259159088,0.1099419966340065,2.352452039718628,0.0659313425421714,0.0892393589019775,1.5647926330566406,144,438.4373885989771,0.6413509845733643,1,masked
0.3544557690620422,0.1342337727546692,2.1526451110839844,0.0452931113541126,0.0428122542798519,0.7649381160736084,145,441.9599291679915,0.6457047462463379,1,masked
0.3281925022602081,0.0996088162064552,2.213248014450073,0.0675156563520431,0.0507281012833118,1.1925005912780762,146,445.3022831429844,0.6506854891777039,1,masked
0.3576796948909759,0.1378816366195678,2.1138153076171875,0.0806719362735748,0.0349302105605602,1.1355289220809937,147,448.5870119849569,0.6553527116775513,1,masked
0.2825524806976318,0.0691338554024696,2.0818121433258057,0.0472444519400596,0.0512954071164131,1.0613292455673218,148,451.8315610909485,0.6602869033813477,1,masked
0.4087141454219818,0.1921741962432861,2.087367296218872,0.0728790983557701,0.0515271984040737,0.8353915214538574,149,455.24388132599415,0.6660342216491699,1,masked
0.4699438214302063,0.2638562023639679,2.0070245265960693,0.0481982715427875,0.0565388612449169,1.136543869972229,150,458.6415206009988,0.671097993850708,1,masked
0.4399826824665069,0.2084391415119171,2.252129316329956,0.056687157601118,0.0661880075931549,0.9167214632034302,151,461.8399790779804,0.6768302321434021,1,masked
0.3918797075748443,0.1705218851566314,2.15513277053833,0.0539271235466003,0.045179933309555,1.4792933464050293,152,465.2969108179677,0.680931568145752,1,masked
0.3835589289665222,0.1658260971307754,2.1082658767700195,0.0637230351567268,0.053391121327877,0.989193856716156,153,468.9265938049648,0.6847543120384216,1,masked
0.4103642404079437,0.1975561082363128,2.065709590911865,0.0589552260935306,0.0341662131249904,2.74341368675232,154,472.1131923919893,0.6884483098983765,1,masked
0.2933702766895294,0.087068572640419,2.0127980709075928,0.0466323494911193,0.0358659215271472,1.0789097547531128,155,475.2373340679914,0.6917047500610352,1,masked
0.4399095475673675,0.1910865604877472,2.399749755859375,0.0777750462293624,0.1070531532168388,1.7255356311798096,156,478.2176248459728,0.6947209239006042,1,masked
0.3160746991634369,0.1056813225150108,2.0552473068237305,0.0452716574072837,0.0341502130031585,2.6133737564086914,157,481.1925940579968,0.6976490616798401,1,masked
0.3187915682792663,0.1064764112234115,2.0632810592651367,0.0575862824916839,0.0228444579988718,2.3680970668792725,158,484.34632523497567,0.7015895843505859,1,masked
0.3922928273677826,0.1724300682544708,2.140349864959717,0.054812453687191,0.0346544906497001,7.684823036193848,159,487.44546578696463,0.7052279710769653,1,masked
0.3548615574836731,0.1379749774932861,2.101356744766236,0.0639605149626731,0.035480473190546,2.070979118347168,160,490.4198966869735,0.7087938785552979,1,masked
0.2897740006446838,0.0553569793701171,2.2541615962982178,0.0838108286261558,0.0619781762361526,1.444746732711792,161,493.4801321969717,0.7135931849479675,1,masked
0.3336593210697174,0.095079056918621,2.310934066772461,0.0706662312150001,0.0420236177742481,1.2708197832107544,162,496.6959430379793,0.7187127470970154,1,masked
0.3278200626373291,0.1131530180573463,2.0797605514526367,0.0590566657483577,0.0785297527909278,0.8896722197532654,163,499.7981958749588,0.7249270677566528,1,masked
0.3581065237522125,0.1594094634056091,1.938904285430908,0.0429904162883758,0.0507561191916465,0.601536750793457,164,502.7772817409714,0.7308061718940735,1,masked
0.4505804479122162,0.2172547131776809,2.261028528213501,0.0681383237242698,0.0409040190279483,0.9267619848251344,165,505.7310930289677,0.7353848218917847,1,masked
0.3108268678188324,0.1091830283403396,1.9681180715560915,0.0440030582249164,0.0431747213006019,1.0484284162521362,166,509.1145908439648,0.7405199408531189,1,masked
0.4623393416404724,0.1603179275989532,2.893402338027954,0.1143625453114509,0.124487817287445,2.385279655456543,167,511.97866055194754,0.7455675005912781,0,masked
0.3745844066143036,0.1697826832532882,1.992481470108032,0.0546391904354095,0.0089633911848068,1.3662831783294678,168,514.9809868239681,0.7516016364097595,1,masked
0.4386082887649536,0.2076466977596283,2.242293357849121,0.0642473101615905,0.0307486914098262,1.7989912033081057,169,518.3753581729834,0.7573630809783936,1,masked
0.4132965803146362,0.2253292798995971,1.851032018661499,0.0260407142341136,0.025999616831541,1.0835145711898804,170,521.6902775549679,0.7611486911773682,1,masked
0.3310699760913849,0.1206206008791923,2.0508933067321777,0.0497063063085079,0.0389390364289283,1.401722431182861,171,524.8328612999758,0.7653170228004456,1,masked
0.3794263005256653,0.1807044148445129,1.9366047382354736,0.0450428277254104,0.0557127557694911,1.0407781600952148,172,527.9607821219834,0.7697739601135254,1,masked
0.3340562880039215,0.1033091619610786,2.2284140586853027,0.0702480673789978,0.0880895107984542,0.9284473657608032,173,531.0269495449611,0.774528980255127,1,masked
0.2607342004776001,0.047707125544548,2.080169200897217,0.0465263128280639,0.0357522815465927,0.7816060781478882,174,534.030949901964,0.7801840901374817,1,masked
0.3377315104007721,0.1295623779296875,2.0260956287384038,0.0486638993024826,0.0693149715662002,0.8062577247619629,175,537.220927095972,0.7834237813949585,1,masked
0.3650248646736145,0.1894105672836303,1.71746826171875,0.0354027971625328,0.0327196530997753,2.801926612854004,176,540.2438657849561,0.7864288091659546,1,masked
0.3795898258686065,0.190576285123825,1.8385900259017944,0.0471426136791706,0.0440265610814094,1.168077826499939,177,543.2614523309749,0.7895287275314331,1,masked
0.3526239097118377,0.1169539764523506,2.295936584472656,0.0501816719770431,0.1058138906955719,1.493946552276611,178,546.2629102979554,0.7925446033477783,1,masked
0.4304105639457702,0.1823531687259674,2.4024767875671387,0.0753699243068695,0.0272719170898199,1.141215443611145,179,549.5567687019939,0.7953190803527832,1,masked
0.4743299484252929,0.2348502874374389,2.3036046028137207,0.0840961188077926,0.0709554553031921,0.7852835059165955,180,552.5535638039582,0.7985788583755493,1,masked
0.7668212056159973,0.4451142847537994,3.09305477142334,0.1160346269607544,0.07979516685009,6.041079998016357,181,555.0190172599978,0.8015938997268677,0,masked
0.2762753069400787,0.091575376689434,1.8069310188293457,0.0367447361350059,0.033237986266613,0.9574071168899536,182,557.8553770529688,0.8055571913719177,1,masked
0.3079882860183716,0.0932786762714386,2.0698037147521973,0.0704497396945953,0.068422146141529,1.4080191850662231,183,560.7252340999548,0.8095365762710571,1,masked
0.3260310888290405,0.1027451753616333,2.1422486305236816,0.0869989618659019,0.0361142456531524,0.8534565567970276,184,562.8482712729601,0.8136441111564636,1,masked
0.3410430550575256,0.1156824678182601,2.197742223739624,0.0483986660838127,0.0746544003486633,1.173171043395996,185,564.9837436069502,0.8189212679862976,1,masked
0.2969521880149841,0.1058461293578147,1.860113501548767,0.0458472520112991,0.0509958714246749,0.5387362837791443,186,567.6015063149971,0.8219597935676575,1,masked
0.2773861885070801,0.0886814668774604,1.8342865705490112,0.0487077608704566,0.0405276529490947,0.8773843050003052,187,570.362022000947,0.8246060013771057,1,masked
0.3328442275524139,0.1450613439083099,1.8415240049362185,0.0333776026964187,0.0292741153389215,0.7530850768089294,188,572.9884828269714,0.8293308019638062,1,masked
0.4196833074092865,0.2512587010860443,1.6415492296218872,0.0370060727000236,0.0569093525409698,1.3865394592285156,189,575.230681437999,0.8336392045021057,1,masked
0.3548707365989685,0.1407759189605713,2.078847885131836,0.0580206550657749,0.0407985225319862,1.7327431440353394,190,577.9033745189663,0.83837890625,1,masked
0.3018897473812103,0.0997634306550026,1.9661895036697388,0.04788638651371,0.0718726068735122,1.0214935541152954,191,580.7438393809716,0.8437877893447876,1,masked
0.3931576013565063,0.180092304944992,2.06714391708374,0.0563688725233078,0.0714038163423538,0.9821762442588806,192,583.3558711969526,0.8492018580436707,1,masked
0.2561735510826111,0.0708693861961364,1.8124462366104128,0.0368488729000091,0.0374657101929187,0.8351802229881287,193,586.0072672909591,0.8538650870323181,1,masked
0.3841902315616607,0.1789844036102295,2.013784646987915,0.034365214407444,0.0390843302011489,1.2899627685546875,194,588.8566973489942,0.8582535982131958,1,masked
0.3323532342910766,0.1006079167127609,2.2323286533355717,0.0782870501279831,0.0683751553297042,1.85673987865448,195,591.6824350379757,0.8625152111053467,1,masked
0.3117708563804626,0.1035792231559753,2.0260143280029297,0.0522311851382255,0.0367056131362915,2.331740140914917,196,594.6367290689959,0.8665292859077454,1,masked
0.3011316955089569,0.1041432917118072,1.9098219871521,0.0562552437186241,0.0380669087171554,1.9535176753997805,197,597.2488081829506,0.8709715604782104,1,masked
0.3956401646137237,0.1388056427240371,2.495866298675537,0.0674511864781379,0.0502763614058494,1.5113282203674316,198,599.9910132569494,0.8759744763374329,1,masked
0.3074930310249328,0.1004169508814811,2.018558979034424,0.0495715476572513,0.0262996852397918,1.2516545057296753,199,602.659821411944,0.8809211850166321,1,masked
0.413623571395874,0.2109343707561493,1.9813534021377563,0.0427497625350952,0.0278924833983182,1.3396567106246948,200,604.9973490689881,0.88544762134552,1,masked
0.4086527526378631,0.113397866487503,2.8224472999572754,0.1245595067739486,0.0554183572530746,2.5932791233062744,201,607.4499089869787,0.8902198076248169,0,masked
0.3481796979904175,0.0955486595630645,2.438422203063965,0.0783992260694503,0.094885729253292,1.1075960397720337,202,610.2448005649494,0.896115779876709,1,masked
0.4040022790431976,0.2317274659872055,1.6903157234191897,0.0287983734160661,0.0363410636782646,0.9473110437393188,203,613.0456852939678,0.902569591999054,1,masked
0.2772935628890991,0.1089783161878585,1.638818860054016,0.0348927155137062,0.0944062024354934,0.9173898100852966,204,615.93126273097,0.9084353446960448,1,masked
0.3646232485771179,0.094046913087368,2.598775863647461,0.1004626378417015,0.065249353647232,2.789017677307129,205,618.4305602739914,0.9140252470970154,0,masked
0.2743825018405914,0.0816800594329834,1.88271164894104,0.0412517823278903,0.0306075010448694,2.0427496433258057,206,621.4079141489929,0.916616916656494,1,masked
0.4438191056251526,0.1831861585378646,2.515937089920044,0.0812463164329528,0.0914593413472175,2.142780542373657,207,624.2522821909515,0.920351266860962,1,masked
0.2966150939464569,0.0986107066273689,1.9339759349823,0.0403948798775672,0.0567331425845623,1.2226303815841677,208,627.0642902149702,0.9239261150360109,1,masked
0.3771106004714966,0.1589434444904327,2.121929168701172,0.057662796229124,0.0208010748028755,1.3482238054275513,209,629.2231820199522,0.927239179611206,1,masked
0.3276337087154388,0.1111953854560852,2.1181657314300537,0.0426514968276023,0.0356591381132602,1.0049233436584473,210,632.3626090809703,0.9308855533599854,1,masked
0.3401853442192077,0.1137106046080589,2.200258493423462,0.0593525320291519,0.0513613931834697,0.9772562384605408,211,635.3967546689673,0.9347296357154846,1,masked
0.3320054113864898,0.0977632701396942,2.266000509262085,0.0696614533662796,0.0675925984978675,1.5705689191818235,212,638.4837029769551,0.938334584236145,0,masked
0.3235098123550415,0.1182199269533157,1.9955490827560425,0.0532341375946998,0.0411569997668266,0.6083195805549622,213,641.6808638999937,0.942065954208374,1,masked
0.2386069893836975,0.0681600496172905,1.678599834442139,0.0235753133893013,0.0229419097304344,0.7016481757164001,214,644.6767200459726,0.9452866911888124,1,masked
0.3423181772232055,0.1520408689975738,1.87356698513031,0.0266508311033248,0.0255539193749427,0.6348541378974915,215,647.8668009359972,0.95013427734375,1,masked
0.3271505832672119,0.103362813591957,2.1552517414093018,0.0756633877754211,0.0696255266666412,1.6187790632247925,216,651.0519221729483,0.954646646976471,1,masked
0.2222620099782943,0.0385365597903728,1.7870324850082395,0.0459979735314846,0.0422396771609783,0.7712990045547485,217,654.035396089952,0.960413694381714,1,masked
0.3215532898902893,0.1061267703771591,2.091108560562134,0.0622111037373542,0.0094561241567134,0.8178192377090454,218,657.0151006569504,0.9658709764480592,1,masked
0.2534218728542328,0.0647394657135009,1.841997981071472,0.0432098321616649,0.0161658320575952,0.7488855123519897,219,659.9977901019738,0.9714427590370178,1,masked
0.3460713028907776,0.1476710438728332,1.9325356483459477,0.0497584976255893,0.0170833356678485,1.005818247795105,220,662.982242309954,0.9762115478515624,1,masked
0.3822688460350036,0.1583948731422424,2.1691203117370605,0.0648527443408966,0.047666311264038,1.981968641281128,221,666.1532865869813,0.981188178062439,1,masked
0.2999139130115509,0.0966461077332496,1.9698288440704343,0.0597233548760414,0.0312588959932327,1.2055283784866333,222,669.3053956980002,0.9863667488098145,1,masked
0.3819916546344757,0.1925772726535797,1.8487880229949951,0.0424296781420707,0.0292618200182914,0.8438996076583862,223,672.0813288039644,0.9917978048324584,1,masked
0.5300512909889221,0.2304520159959793,2.8667359352111816,0.1207159385085105,0.085411712527275,2.68934965133667,224,674.5819161849795,0.9976580142974854,0,masked
0.3105225563049316,0.1191471815109252,1.867285966873169,0.0432944297790527,0.0317357517778873,0.5651058554649353,225,677.5791747799958,1.0033338069915771,1,masked
0.3059954047203064,0.0814925208687782,2.180969715118408,0.0588122196495533,0.0524665191769599,0.7690790891647339,226,680.2083961139433,1.0119867324829102,1,masked
0.342631459236145,0.0769317001104354,2.5348029136657715,0.1049849987030029,0.1720967143774032,1.0814944505691528,227,682.6779006839497,1.0205742120742798,0,masked
0.3930175304412842,0.1460499018430709,2.376495122909546,0.0858837515115737,0.07297083735466,1.924224138259888,228,685.4801861059968,1.0282230377197266,1,masked
0.3472210466861725,0.1208739578723907,2.190747022628784,0.0690105706453323,0.0371304675936698,1.6047766208648682,229,688.2611752419616,1.0344935655593872,1,masked
0.3244997560977936,0.1384330689907074,1.811732292175293,0.0464719533920288,0.0246230438351631,1.117146372795105,230,690.8938996910001,1.040197491645813,1,masked
0.316952496767044,0.1104084029793739,2.009662628173828,0.0521234609186649,0.0365515202283859,0.6523532271385193,231,693.5659634609474,1.045559048652649,1,masked
0.3150447607040405,0.0936728417873382,2.1360301971435547,0.0725994408130645,0.0508969537913799,1.3958168029785156,232,696.2321659819572,1.0512099266052246,1,masked
0.3054295480251312,0.0985295176506042,2.022566556930542,0.0422156378626823,0.0421796552836895,0.6612858772277832,233,699.0179131879704,1.05693519115448,1,masked
0.3986574411392212,0.1583164781332016,2.336793899536133,0.0602564290165901,0.0635922774672508,0.8979982733726501,234,701.6416916999733,1.0630592107772827,1,masked
0.539652943611145,0.2657881081104278,2.632735252380371,0.0956635922193527,0.1024956777691841,2.9562032222747803,235,704.1158694399637,1.0690560340881348,0,masked
0.3368359506130218,0.1248762533068656,2.0363192558288574,0.0767507776618003,0.0652721226215362,1.016499638557434,236,707.0079529979848,1.0752053260803225,1,masked
0.2433442175388336,0.0426508001983165,1.9592381715774536,0.0425927676260471,0.0510323345661163,1.573882818222046,237,710.0140857069637,1.0797024965286257,1,masked
0.2882368862628937,0.0818924158811569,2.010938167572021,0.0484065562486648,0.0409969873726367,0.5453153252601624,238,712.6398844719515,1.0845211744308472,1,masked
0.3730333745479584,0.1554071903228759,2.1244184970855717,0.0450414307415485,0.068017341196537,1.1158431768417358,239,714.7951016779989,1.0909267663955688,1,masked
0.3275509178638458,0.1143593043088913,2.0720040798187256,0.055593192577362,0.0431883186101913,0.9212002158164978,240,717.4292564059724,1.0981855392456057,1,masked
0.3563379049301147,0.1552622318267822,1.9534884691238403,0.0514714382588863,0.0579681582748889,1.0564783811569214,241,720.6266418929445,1.1052229404449463,1,masked
0.3055049180984497,0.0672129690647125,2.3144373893737797,0.0626503229141235,0.0583184696733951,0.9792083501815796,242,724.0139833829599,1.1124374866485596,1,masked
0.4712401032447815,0.1605279147624969,2.982748508453369,0.1119099706411361,0.1246345117688179,3.0084004402160645,243,726.823012616951,1.1191149950027466,0,masked
0.3184813857078552,0.1484346985816955,1.6503455638885498,0.0465720295906066,0.0354891568422317,0.9164544343948364,244,729.8450018229778,1.125557780265808,1,masked
0.2960944175720215,0.1347917169332504,1.5750739574432373,0.0364070162177085,0.0154574625194072,0.7043095231056213,245,732.8216670959955,1.131530523300171,1,masked
0.2893352508544922,0.0867680385708808,1.9761488437652588,0.0445700958371162,0.0495292730629444,0.8537369966506958,246,736.0465219349717,1.1372464895248413,1,masked
0.3091832399368286,0.1345204263925552,1.7095462083816528,0.0340318866074085,0.0304991714656353,0.859550416469574,247,739.141830775945,1.142434000968933,1,masked
0.2961484491825104,0.1167128086090087,1.7551051378250122,0.0360254757106304,0.0322551913559436,0.4425459504127502,248,742.0931547019864,1.1470623016357422,1,masked
0.3293984532356262,0.114666536450386,2.081380844116211,0.0631147846579551,0.0282347965985536,0.5704672932624817,249,745.180955866992,1.150713324546814,1,masked
0.2544458508491516,0.0553395189344882,1.9304053783416748,0.0579073093831539,0.0275071375072002,1.954598307609558,250,748.4214060389786,1.1541635990142822,1,masked
0.3827242255210876,0.1584309786558151,2.1660428047180176,0.0710909366607666,0.0579880811274051,0.8992666006088257,251,751.5908840069897,1.160505771636963,1,masked
0.2954463362693786,0.1189612373709678,1.723566651344299,0.0386962443590164,0.0258779153227806,0.9835463762283324,252,754.7969406849588,1.1665887832641602,1,masked
0.4756180644035339,0.1938225924968719,2.7117600440979004,0.0981969386339187,0.0799763351678848,1.2157984972000122,253,757.5867606269894,1.1722594499588013,0,masked
0.5154957175254822,0.2345545440912246,2.663403272628784,0.1316643357276916,0.1434405595064163,1.8323241472244265,254,760.9126075289678,1.177848219871521,0,masked
0.3803214430809021,0.137792706489563,2.331460237503052,0.0873099789023399,0.0651720687747001,0.9864133596420288,255,763.3481331609655,1.1831156015396118,1,masked
0.288413792848587,0.0646580532193183,2.1513242721557617,0.0793976858258247,0.0683512985706329,0.7174606919288635,256,765.954915226961,1.1879620552062988,1,masked
