crop,draw,features,n_atoms,n_tokens,pdb,read,seconds
0.06326185911893845,4480,0.1429863916710019,5671,384,7aoi,0.14190278621390462,0.6293953121639788
0.028790790122002363,4481,0.028252775315195322,734,97,4pli,0.0025410200469195843,0.07334732171148062
0.029458478093147278,4482,0.02732825605198741,902,114,6ty2,0.0041361418552696705,0.08962738513946533
0.04825989482924342,4483,0.06663723802193999,2854,367,6ucv,0.0506260278634727,0.2943305871449411
0.059682697989046574,4484,0.0708979326300323,3069,384,7kb5,0.03006995189934969,0.25538716930896044
0.018773965071886778,4485,0.08238534815609455,2839,384,4eh4,0.007120781112462282,0.1608673078007996
0.013710911385715008,4486,0.06374607374891639,2231,287,6di0,0.005614696070551872,0.12378088990226388
0.04192605521529913,4487,0.07463927706703544,2726,350,4wrl,0.018321620300412178,0.20463924203068018
0.06274072406813502,4488,0.07329716812819242,3128,384,5oqm,0.10825740126892924,0.4973960192874074
0.021130099892616272,4489,0.08518299739807844,2982,384,2br5,0.02525062207132578,0.2174534173682332
0.02364834723994136,4490,0.06497850827872753,2947,366,5ac4,0.021697410847991705,0.18877606932073832
0.013194344006478786,4491,0.07042608177289367,2770,384,2a9w,0.008811882697045803,0.14673863723874092
0.013788345735520124,4492,0.06993338000029325,2320,374,1p6k,0.013971767853945494,0.15633742976933718
0.017871237825602293,4493,0.07488927384838462,2450,370,7c3j,0.01688712788745761,0.17557740584015846
0.009862225968390703,4494,0.05692711612209678,2093,285,4xt9,0.004557448904961348,0.10733272414654493
0.003896663896739483,4495,0.008316605817526579,865,42,6xek,0.0018864460289478302,0.027911406010389328
0.11771373823285103,4496,0.10162649722769856,3624,366,6ybw,0.08979973709210753,0.5274479379877448
0.018091239035129547,4497,0.07349168183282018,2582,384,6fm1,0.013883423060178757,0.16678517032414675
0.6036132001318038,4498,0.21433738386258483,3165,384,6xu8,0.19025685731321573,1.5676134610548615
0.013676938135176897,4499,0.06636703293770552,2844,384,4txm,0.0093201226554811,0.14604791486635804
0.028772737365216017,4500,0.07765813218429685,3215,384,6t0n,0.036586713045835495,0.25904128002002835
0.013361406978219748,4501,0.06674319691956043,2822,383,1p6w,0.00665952917188406,0.13910873420536518
0.013059943914413452,4502,0.07277409126982093,2615,384,2yjd,0.0088151590898633,0.14720279397442937
0.008168019354343414,4503,0.041895105969160795,1666,260,1k1i,0.003630015067756176,0.08146274415776134
0.01220873324200511,4504,0.06576157221570611,2986,384,4ntq,0.00633573392406106,0.13450325466692448
0.012972299940884113,4505,0.06559548201039433,2960,384,6rmv,0.006741622928529978,0.13784982077777386
0.0035413000732660294,4506,0.008159683085978031,865,42,7jfw,0.0017134128138422966,0.02680263388901949
0.10148287797346711,4507,0.11326445220038295,4920,352,5uz4,0.2776110339909792,0.7590959421359003
0.3033848158083856,4508,0.12959298491477966,5156,384,6cb1,0.200668771751225,1.2510270290076733
0.05411053169518709,4509,0.07277177600190043,3037,384,6la6,0.06473583402112126,0.5263518900610507
0.014087304007261992,4510,0.059539581183344126,2707,384,5aju,0.008499267976731062,0.13450328400358558
0.034332921262830496,4511,0.07798315910622478,2181,384,6wvn,0.008576552849262953,0.16639298805966973
0.01463220315054059,4512,0.07388794282451272,3213,384,6ymg,0.011621484998613596,0.16585416998714209
0.012364934664219618,4513,0.07465416425839067,2997,384,6cub,0.007601290009915829,0.1504858830012381
0.16557163326069713,4514,0.07171236583963037,2453,384,6zv5,0.011827830225229263,0.30758824199438095
0.023457020055502653,4515,0.07142354687675834,2539,384,1oz0,0.17793792998418212,0.34525593603029847
0.014313037041574717,4516,0.06592154083773494,2689,384,3a0i,0.007617209106683731,0.13946424797177315
0.019390187226235867,4517,0.08915705559775233,4027,384,6r0c,0.15916150016710162,0.36953841987997293
0.02810631087049842,4518,0.06381177715957165,2722,384,2asi,0.006363635882735252,0.1460743760690093
0.005403270944952965,4519,0.06862561590969563,435,245,7rms,0.0016238559037446976,0.08632028382271528
0.012484868988394737,4520,0.05637839203700423,2665,359,6kdr,0.008977341931313276,0.1289665950462222
0.10009786859154701,4521,0.06995371822267771,3062,384,6yys,0.05923498095944524,0.5306668770499527
0.016683857887983322,4522,0.09179684985429049,4219,363,3add,0.0174764902330935,0.2138694180175662
0.014279353898018599,4523,0.0676869610324502,3077,384,6dc0,0.00955958990380168,0.1495554819703102
0.007721724919974804,4524,0.02966427430510521,1974,199,1by4,0.0037862476892769337,0.07368487305939198
0.2771695111878216,4525,0.21998771699145436,5048,384,6n1d,0.12171858595684171,0.910440132021904
0.020493519958108664,4526,0.04356055101379752,2092,279,4mlx,0.00435704505071044,0.10426687309518456
0.013424052856862545,4527,0.07050768472254276,2828,384,6xhs,0.009354556910693645,0.14724991377443075
0.0122306440025568,4528,0.06998430518433452,2766,384,1r87,0.006695116404443979,0.1410834463313222
0.04039440117776394,4529,0.06968205189332366,3066,384,6q9b,0.05967607628554106,0.3383681019768119
0.20152224693447351,4530,0.16200261190533638,6182,384,7nwh,0.15722239622846246,0.8876200136728585
0.051793191116303205,4531,0.05438106693327427,2437,325,7jk9,0.05185288097709417,0.294559920206666
0.016947821713984013,4532,0.06516108894720674,2804,384,2a5v,0.013281588908284903,0.1602436644025147
0.019518266897648573,4533,0.06767143215984106,3093,384,2a2m,0.024574839044362307,0.19890116760507226
0.012171702925115824,4534,0.06087917508557439,2555,384,2q6u,0.006783920805901289,0.12630878621712327
0.19853057619184256,4535,0.17966052098199725,6780,384,5t7v,0.3369426182471216,1.1458389610052109
0.013348022010177374,4536,0.0794674139469862,3504,380,6fb8,0.00729389488697052,0.1639189342968166
0.025669564958661795,4537,0.07103430898860097,3070,341,1jgq,0.04298341181129217,0.26484860805794597
0.01915134023874998,4538,0.07166956597939134,3282,373,4flz,0.013918207958340645,0.17715947469696403
0.013685974292457104,4539,0.06085379794239998,2725,378,6os6,0.0071248989552259445,0.13340377993881702
0.012803304940462112,4540,0.06285081012174487,2753,352,5o9u,0.00986480014398694,0.13866736879572272
0.013919029850512743,4541,0.06044353125616908,2985,384,3npi,0.008699462283402681,0.139466664288193
0.0161030818708241,4542,0.06933840876445174,2822,384,3jq3,0.012943486217409372,0.16026936192065477
0.01380049716681242,4543,0.06596021400764585,2806,384,5i2h,0.011796803213655949,0.15109425969421864
0.14482459099963307,4544,0.1620837738737464,6257,384,6wnt,0.14840573398396373,0.817190176807344
0.015247071627527475,4545,0.05690280161798,2893,384,3fi9,0.010507021099328995,0.1401739758439362
0.15934613719582558,4546,0.0654753870330751,2939,384,5h82,0.01234695129096508,0.2994510321877897
0.007050238084048033,4547,0.030444731935858727,1283,200,6ela,0.0032272329553961754,0.06318206014111638
0.4986491478048265,4548,0.16078586922958493,4116,384,5fur,0.09309401689097285,1.1242591319605708
0.022250505164265633,4549,0.049590733367949724,2482,307,5hlb,0.026907017920166254,0.18024049513041973
0.011721302289515734,4550,0.05524433217942715,2474,358,6d5o,0.0056923809461295605,0.11638742033392191
0.007709440775215626,4551,0.039836898911744356,1820,248,3rlq,0.0037660901434719563,0.08073557401075959
0.12009554309770465,4552,0.08912365371361375,3023,384,5b48,0.02970258519053459,0.336189481895417
0.021725271828472614,4553,0.06573305884376168,3005,384,5l22,0.018499301746487617,0.18265602085739374
0.014265087433159351,4554,0.0673376889899373,2992,384,5hyz,0.011888754088431597,0.15653680497780442
0.014502569567412138,4555,0.06760402722284198,2691,384,4csw,0.01468962011858821,0.1594211170449853
0.01395020866766572,4556,0.07414355082437396,3458,384,5xpa,0.012890828307718039,0.17527055507525802
0.2072977339848876,4557,0.1260372009128332,5208,384,5v7q,0.1584792761132121,0.9848336577415466
0.015493402723222971,4558,0.07447810703888535,3476,384,1z63,0.010452650021761656,0.16581664187833667
0.020069466903805733,4559,0.0670346631668508,2934,384,6znr,0.1607863181270659,0.347835352178663
0.04808490909636021,4560,0.06603233888745308,2814,384,1kyw,0.012132309842854738,0.18498028628528118
0.03407837590202689,4561,0.07750724023208022,2072,384,6b9o,0.03124844515696168,0.2345288209617138
0.02996211126446724,4562,0.07056513242423534,2850,367,6g3h,0.03514536004513502,0.23649583756923676
0.02396137174218893,4563,0.062002114951610565,2349,316,5fnq,0.005171617027372122,0.13188551412895322
0.02857415610924363,4564,0.0613288558088243,2444,329,5uug,0.0059216986410319805,0.1382175087928772
0.016990170814096928,4565,0.0742763401940465,2949,384,4dsa,0.023671781178563833,0.19868299178779125
0.014801889657974243,4566,0.0628417949192226,2299,370,6f7l,0.01401815377175808,0.15054425271227956
0.014670704957097769,4567,0.06979177705943584,3055,384,4w9r,0.01257853303104639,0.16138426680117846
0.013730097096413374,4568,0.06772521417587996,3068,384,3i3t,0.007086627185344696,0.14305627485737205
0.09812866803258657,4569,0.12175567587837577,4484,384,7ox9,0.02611754322424531,0.3567228061147034
0.01359537523239851,4570,0.06754221208393574,2919,384,4ejr,0.1108082109130919,0.24799923226237297
0.014118801802396774,4571,0.06418637838214636,2700,384,3th4,0.009994662832468748,0.14534133579581976
0.010094409808516502,4572,0.04786658892408013,2499,317,5d0m,0.005159374792128801,0.10738450102508068
0.07734094886109233,4573,0.11654719989746809,4730,384,6ywv,0.29396403580904007,0.8749995389953256
0.01698907883837819,4574,0.07593023218214512,3375,384,1c0w,0.016451243311166763,0.18541580997407436
0.009311396162956953,4575,0.041943058371543884,2023,280,5t38,0.005618803668767214,0.09146532183513045
0.29990736907348037,4576,0.07773362332955003,3266,384,6rxt,0.409541605040431,1.349642445333302
0.021261215209960938,4577,0.07414084812626243,2944,383,4qei,0.02979283407330513,0.21225455263629556
0.013250069227069616,4578,0.06496225902810693,2851,384,6kvj,0.007487086113542318,0.13799711875617504
0.00927495863288641,4579,0.04958915989845991,1971,289,4whh,0.004846238996833563,0.09900077898055315
0.01377944927662611,4580,0.06308906804770231,2901,384,5rx2,0.007976420689374208,0.13863529171794653
0.0036216801963746548,4581,0.009247878100723028,596,74,2xvc,0.0014763702638447285,0.024751519318670034
0.01821850799024105,4582,0.04075073776766658,1570,252,1xer,0.0036249873228371143,0.08952925400808454
0.007941977120935917,4583,0.032592167146503925,2032,196,6ml3,0.004164565354585648,0.07788301212713122
0.01620178809389472,4584,0.040147299878299236,1514,250,5epn,0.0035565891303122044,0.08572727628052235
0.01254956005141139,4585,0.06287574814632535,2589,384,1a4r,0.006918522994965315,0.13032089825719595
0.010525725781917572,4586,0.04720808984711766,2428,318,4v18,0.0052468678914010525,0.10497341398149729
0.056570881977677345,4587,0.06334906304255128,3062,384,5c4j,0.07034208625555038,0.368386821821332
0.10509427962824702,4588,0.0900120958685875,2994,384,5frm,0.027407494839280844,0.3115481389686465
0.015870386734604836,4589,0.06551572307944298,2890,383,2ood,0.014556983020156622,0.1626767530106008
0.003607403952628374,4590,0.008255762979388237,865,42,7jfw,0.0017684162594377995,0.027150715235620737
0.011203562840819359,4591,0.05074058333411813,2527,342,2hfu,0.005447484087198973,0.11198413977399468
0.012869056779891253,4592,0.06139436876401305,2809,384,3o7p,0.007177456747740507,0.1331938188523054
0.02090276498347521,4593,0.0632013869471848,2483,384,1t3q,0.036461790557950735,0.3560972181148827
0.020793762058019638,4594,0.0634999549947679,2604,384,1zw1,0.021998142823576927,0.18566870409995317
0.006543201860040426,4595,0.026352132204920053,1320,188,5rvu,0.00270624877884984,0.057172095868736506
0.01520194811746478,4596,0.06591942813247442,2538,384,6c5n,0.013098185881972313,0.15349971828982234
0.012929791118949652,4597,0.06602710904553533,2386,374,3svp,0.014039155095815659,0.15233139414340258
0.059705931693315506,4598,0.0687288399785757,3069,384,1m1l,0.11639031721279025,0.31468914076685905
0.01061703683808446,4599,0.05093471612781286,2254,312,4jt9,0.0050916182808578014,0.10678266733884811
0.013876690994948149,4600,0.07999953906983137,3791,328,2fio,0.007702619303017855,0.168121422175318
0.008661140222102404,4601,0.0446734419092536,2174,247,5emp,0.0044549982994794846,0.09552934020757675
0.011920483782887459,4602,0.05512901721522212,2717,355,6isc,0.00621518911793828,0.11989679234102368
0.16587689612060785,4603,0.24567149300128222,4713,384,6xnz,0.04172975802794099,0.5947486981749535
0.01133366720750928,4604,0.06820464041084051,1691,351,6c1r,0.009228552225977182,0.12580201122909784
0.03077950794249773,4605,0.06684548873454332,3007,384,7ekm,0.02516185725107789,0.32722770143300295
0.011182614136487246,4606,0.06307302694767714,2511,351,5lrg,0.0055725970305502415,0.12369666621088982
0.03189722681418061,4607,0.06877577770501375,2952,384,3h6x,0.008120890706777573,0.162399145308882
0.013604272156953812,4608,0.07091349316760898,3486,356,4z20,0.008774924091994762,0.15522757824510336
0.01401393674314022,4609,0.07301872875541449,2518,384,2e0i,0.008478839881718159,0.1445850133895874
0.21084500895813107,4610,0.08137133391574025,3159,384,6djy,0.4584945780225098,1.6302437810227275
0.008751009125262499,4611,0.03877474367618561,2178,228,3hts,0.004803710151463747,0.08805914502590895
0.01537113543599844,4612,0.05891441321000457,2578,358,3m7p,0.011421300936490297,0.14284813636913896
0.09186694398522377,4613,0.07549296505749226,2675,384,2e74,0.02320815483108163,0.2747638667933643
0.01759858801960945,4614,0.06417308375239372,2859,384,4pjm,0.013735667336732149,0.15857229102402925
0.07172779692336917,4615,0.1244234861806035,3998,384,7b9v,2.3217003201134503,3.0194478700868785
0.021838704124093056,4616,0.05270150909200311,1828,282,3a0b,0.03940053470432758,0.2176740737631917
0.9333142107352614,4617,0.0779269551858306,3068,384,6pph,0.366779247764498,2.108220093883574
0.011099598836153746,4618,0.07084101904183626,2408,384,6oc0,0.006922760978341103,0.1345682987011969
0.007889909204095602,4619,0.033167623449116945,1740,238,5xw8,0.003472660668194294,0.07312451675534248
0.029378168284893036,4620,0.07665225211530924,2364,384,6pfl,0.007295908872038126,0.1581487599760294
0.00557837774977088,4621,0.019072793889790773,1474,140,1jgg,0.0027754087932407856,0.050330806989222765
0.028963894117623568,4622,0.07361904066056013,2595,384,4aub,0.05031273327767849,0.2829965678974986
0.17477839719504118,4623,0.09708691202104092,3010,375,7jps,0.04506962187588215,0.43924765987321734
0.01581608597189188,4624,0.059858499094843864,2703,360,5isa,0.12794576911255717,0.28328078892081976
0.03657710598781705,4625,0.06355251371860504,3029,378,1sqb,0.059877133928239346,0.3257996621541679
0.013318607583642006,4626,0.06877976516261697,2822,384,6tk8,0.00840805796906352,0.14335270132869482
0.20419869478791952,4627,0.09965694602578878,2754,384,7b0n,0.04531349800527096,0.4811536781489849
0.01010227482765913,4628,0.05956310499459505,2388,303,1dnk,0.004960882943123579,0.11486682901158929
0.015456723980605602,4629,0.060158790089190006,2774,384,2el9,0.01298777898773551,0.15106491837650537
0.01217123307287693,4630,0.05833454988896847,2396,335,3vvr,0.0072561646811664104,0.12383271101862192
0.02071884088218212,4631,0.06537351664155722,2611,370,2czc,0.020914677996188402,0.18152890680357814
0.01392137398943305,4632,0.07622617576271296,2421,373,6cic,0.014997376129031181,0.16525471303611994
0.009368463885039091,4633,0.041564750019460917,2314,302,6t7v,0.00512329675257206,0.09585524909198284
0.014999500010162592,4634,0.05731957219541073,2836,337,7c9a,0.11695456225425005,0.2603186839260161
0.05511102406308055,4635,0.2250427920371294,3710,384,7b7d,0.1415100758895278,0.7149779661558568
0.012861412949860096,4636,0.06551575427874923,2682,384,6jze,0.006730090826749802,0.13446250976994634
0.008253858890384436,4637,0.03191848797723651,1825,239,2pjs,0.003909899853169918,0.07371954992413521
0.013845983892679214,4638,0.06594318291172385,2634,365,3l31,0.008936396334320307,0.13963781530037522
0.03819704381749034,4639,0.06164389522746205,2886,373,7kng,0.009101793635636568,0.16362946573644876
0.01089075906202197,4640,0.022959619760513306,1085,150,5m3a,0.0024706493131816387,0.05415763100609183
0.030416991095989943,4641,0.07095942087471485,2832,384,3jpn,0.01044961391016841,0.16689605172723532
0.008715222124010324,4642,0.039925085846334696,2200,261,1emj,0.004554474260658026,0.0898072742857039
0.006504199001938105,4643,0.02052647201344371,1407,156,6doy,0.00322238402441144,0.053717297967523336
0.2606858108192682,4644,0.17556025041267276,6219,384,5nd9,0.34763809805735946,1.2475664401426911
0.013217187952250242,4645,0.06223155511543155,2982,374,4m4x,0.005644161254167557,0.1295890910550952
0.01972853997722268,4646,0.06116808718070388,3061,382,5ae8,0.017302443739026785,0.16775954701006413
0.01781339105218649,4647,0.037727946881204844,1763,228,3k16,0.003982103895395994,0.08866409678012133
0.013037382159382105,4648,0.05644650897011161,2753,365,2f8f,0.00717131607234478,0.12836942076683044
0.009182345122098923,4649,0.041714681312441826,2092,279,4q90,0.0048696729354560375,0.09287839522585273
0.014951039105653763,4650,0.05783002730458975,3083,384,5f6k,0.1314043952152133,0.2683679317124188
0.04425219399854541,4651,0.07807457074522972,2123,370,6pzf,0.053406347054988146,0.3227050988934934
0.02419701311737299,4652,0.07113585993647575,2400,348,6m2e,0.012525804806500673,0.15236765379086137
0.05513902520760894,4653,0.07768918108195066,3163,384,1ld7,0.015622964594513178,0.2187983482144773
0.017123761121183634,4654,0.07174167316406965,2942,384,2qjf,0.015293819829821587,0.1717003439553082
0.04384079482406378,4655,0.06453637313097715,2867,384,5t61,0.2284156158566475,0.47024058923125267
0.008455347269773483,4656,0.04238157579675317,2306,234,6ncm,0.005083893891423941,0.09542862279340625
0.033520433120429516,4657,0.08038943912833929,3107,384,7chk,0.19203685969114304,0.4683650331571698
0.014889073092490435,4658,0.06473381305113435,2751,384,2ay8,0.013687377329915762,0.15557274501770735
0.4881737660616636,4659,0.07490932382643223,3074,384,7kek,0.4438613969832659,1.5648572631180286
0.014309289399534464,4660,0.06483943993225694,2766,384,4iji,0.008277061861008406,0.141128561925143
0.026095622684806585,4661,0.06423566117882729,2447,324,6ae8,0.005785274785012007,0.14274899335578084
0.015311823692172766,4662,0.07205141196027398,2314,384,5eyg,0.010436659678816795,0.14791880687698722
0.016067957039922476,4663,0.06211380520835519,2148,340,3ae2,0.021808738820254803,0.17039711819961667
0.011740018147975206,4664,0.05034289928153157,2698,308,3eqt,0.007148994132876396,0.11687773000448942
0.23028898984193802,4665,0.10651623969897628,2398,384,6uea,0.04574482375755906,0.5145219196565449
0.012403806671500206,4666,0.06657415209338069,2767,384,5a6m,0.007246546912938356,0.13748040376231074
0.036305980291217566,4667,0.15630230959504843,5807,362,1njm,0.11337541230022907,0.5864312457852066
0.05943128000944853,4668,0.07565556932240725,2850,384,6rax,0.10541833797469735,0.4690926559269428
0.02463091490790248,4669,0.0643986752256751,2880,370,3mf5,0.019796206150203943,0.18621279299259186
0.05123621132224798,4670,0.0650828150101006,2855,384,2p7n,0.012231996282935143,0.19079432915896177
0.11028096824884415,4671,0.08228761795908213,3197,384,6sgb,0.3152559660375118,0.8517935927957296
0.010206679813563824,4672,0.043616827111691236,2376,292,6anz,0.005278267897665501,0.10019033402204514
0.014908369164913893,4673,0.058125649113208055,3044,384,1q7z,0.009812613017857075,0.14188640005886555
0.05138163222000003,4674,0.07729047490283847,2955,384,6zg0,0.20648743491619825,0.5479097156785429
0.1399983218871057,4675,0.08991615660488605,2524,384,5yyl,0.03437503892928362,0.36660594772547483
0.07510414812713861,4676,0.07801124406978488,2517,384,1ep3,0.018162723165005445,0.2418681550770998
0.06287376582622528,4677,0.04727888200432062,1635,248,6pqq,0.17715283809229732,0.4695361349731684
0.016491068992763758,4678,0.08084470871835947,3734,384,7lv9,0.0175596852786839,0.19705263758078218
0.015598990023136139,4679,0.07867434388026595,3458,384,3bm3,0.010785221122205257,0.1746082310564816
0.012173166032880545,4680,0.06921477895230055,2690,384,5rwa,0.008188297040760517,0.14097385480999947
0.04982408136129379,4681,0.06876821396872401,2659,375,5cbi,0.013680303003638983,0.19110211404040456
0.01413827994838357,4682,0.18431381508708,2708,371,4oi1,0.008265261072665453,0.25754705676808953
0.06413502292707562,4683,0.07472937786951661,2879,380,6l4q,0.01678612967953086,0.22560411179438233
0.01124874921515584,4684,0.04968278715386987,3016,296,6qil,0.006159564014524221,0.11882755625993013
0.07114086113870144,4685,0.1111386208795011,3203,384,5hp3,0.30357841681689024,0.5983352032490075
0.012621304951608181,4686,0.07000805204734206,2605,371,3g5a,0.006772168911993504,0.13606471801176667
0.009045710321515799,4687,0.04669448081403971,1790,277,3nw9,0.0039017340168356895,0.08961842209100723
0.014299410860985518,4688,0.06893045781180263,3073,384,2z23,0.009302630089223385,0.15250069368630648
0.022262718062847853,4689,0.07044626073911786,2874,382,2c6c,0.02430112799629569,0.2035982348024845
0.08431955613195896,4690,0.07069743098691106,3074,384,7mbv,0.20754713704809546,0.5562516422942281
0.03158786008134484,4691,0.056311659049242735,2668,330,6v01,0.2071925550699234,0.44211372500285506
0.015789277385920286,4692,0.06532164057716727,2924,380,3mwd,0.013663032092154026,0.15866077924147248
0.006581843830645084,4693,0.02185192983597517,1423,178,6fbx,0.0031296410597860813,0.05470403330400586
0.27460931381210685,4694,0.15051016304641962,5992,384,4v7e,0.3121806071139872,1.185184656176716
0.08611637493595481,4695,0.07350148307159543,2686,384,5lsp,0.020716547966003418,0.25803319504484534
0.01000031502917409,4696,0.04663175204768777,2378,263,2q10,0.006203186232596636,0.10497142188251019
0.010109919123351574,4697,0.0494286110624671,2383,322,7kl1,0.006232670973986387,0.10783113911747932
0.05106171406805515,4698,0.3186700092628598,7241,384,5v7q,0.1595963779836893,0.9300024411641061
0.03213067492470145,4699,0.06878970423713326,2929,384,6is9,0.007310035638511181,0.16283649485558271
0.5494955950416625,4700,0.13904862711206079,3001,384,2r6c,0.0920448168180883,1.1509603490121663
0.01292158616706729,4701,0.07381185423582792,3404,360,1wvl,0.006776538211852312,0.15381409786641598
0.04789389204233885,4702,0.06157857412472367,2519,364,6hcp,0.03215780621394515,0.24149163300171494
0.009186411742120981,4703,0.042897011153399944,2087,274,2fmz,0.004719642922282219,0.0928279422223568
0.013230662792921066,4704,0.02704159216955304,1311,180,4mzk,0.0028394078835844994,0.06495841173455119
0.0157387419603765,4705,0.028171091806143522,1431,200,5j6y,0.0031410017982125282,0.18469199212267995
0.013879526872187853,4706,0.05855122487992048,2837,384,4yzo,0.011754423379898071,0.14324041223153472
0.010602470953017473,4707,0.06745210383087397,2414,344,1aeh,0.0050946129485964775,0.12621360318735242
0.012259698007255793,4708,0.06191579485312104,2724,380,4zsk,0.006495644338428974,0.12953339889645576
0.010493977926671505,4709,0.049112631008028984,2415,326,6twn,0.00518407067283988,0.10652741184458137
0.004344772081822157,4710,0.013537035789340734,836,114,5zi6,0.0017808089032769203,0.033708694856613874
0.17227900912985206,4711,0.14335604896768928,5595,384,5nd9,0.21110174292698503,1.1076950314454734
0.0292545179836452,4712,0.08851671312004328,2660,384,1y8z,0.1354834819212556,0.33789550978690386
0.014407274313271046,4713,0.059989573899656534,3017,384,4lgc,0.008574738632887602,0.13999227108433843
2.357827744912356,4714,0.23359298193827271,2949,384,6ogd,0.5014636246487498,3.6468419381417334
0.007771547883749008,4715,0.04604496620595455,1540,253,1pmh,0.0032533216290175915,0.08369024889543653
0.008556986693292856,4716,0.03892987500876188,1654,250,4ofp,0.003722689114511013,0.0782624538987875
0.009685065131634474,4717,0.03924064617604017,2050,248,6j04,0.004037466831505299,0.08896917896345258
0.01440858468413353,4718,0.056872718036174774,2967,384,1pkq,0.010622036643326283,0.25200596917420626
0.344192102085799,4719,0.10951614892110229,2664,369,7lj9,0.09282228210940957,0.7223831508308649
0.06722459988668561,4720,0.14723668387159705,6022,384,6neq,0.0995197519659996,0.6995378131978214
0.49189156107604504,4721,0.13056120090186596,2902,384,6u0m,0.09759822022169828,0.947164517827332
0.06634199898689985,4722,0.11473285080865026,4628,384,4k0k,0.0904902620241046,0.4980481304228306
0.030622425954788923,4723,0.07017686776816845,3149,384,3mro,0.007335423957556486,0.16427128808572888
0.017604309134185314,4724,0.08509813202545047,1360,384,5swm,0.004242841154336929,0.13318003620952368
0.010542687959969044,4725,0.05395791865885258,2327,338,1b3w,0.005132756195962429,0.11114477459341288
0.4314689990133047,4726,0.1761663258075714,3072,384,4v4z,0.279024887830019,1.1962525360286236
0.1513198669999838,4727,0.0910734529606998,2374,384,1upb,0.03897424787282944,0.3861116268672049
0.03656216012313962,4728,0.08475976996123791,3049,383,1cma,0.0089160380885005,0.1881936090067029
0.03270397707819939,4729,0.07689933571964502,2940,384,7bj4,0.007652815897017717,0.17145834397524595
0.013016643933951855,4730,0.06813654396682978,3037,384,2vq2,0.007951643783599138,0.14519270276650786
0.033785958774387836,4731,0.06969526875764132,2758,378,2z3k,0.007554241921752691,0.164240641053766
0.03678058786317706,4732,0.07287306990474463,2951,383,6qz7,0.009704932104796171,0.17583338310942054
0.03267169604077935,4733,0.07972695212811232,3196,381,3gox,0.007286590989679098,0.17748331697657704
0.012295966036617756,4734,0.05950202280655503,2865,315,7bzg,0.006430683191865683,0.12724544294178486
0.14692227728664875,4735,0.09352537710219622,2951,384,4ktv,0.05087731033563614,0.4015884608961642
0.02225535362958908,4736,0.053833837155252695,2268,324,2w3k,0.005089765880256891,0.12058973172679543
0.0095165497623384,4737,0.047061216086149216,2173,255,3clz,0.004984807688742876,0.09989606635645032
0.01384981069713831,4738,0.06501379702240229,2878,384,5re4,0.009492175187915564,0.14477355033159256
0.03063921583816409,4739,0.06858824891969562,2619,384,4o2a,0.15122686373069882,0.3593172184191644
0.003838486038148403,4740,0.0054825786501169205,468,22,1kd4,0.0011488976888358593,0.018275083974003792
0.0090570617467165,4741,0.04176309099420905,2097,284,6t4o,0.004550908226519823,0.09092587698251009
0.006962144747376442,4742,0.02844403311610222,1596,204,5ces,0.003032959997653961,0.06345613393932581
0.011136559303849936,4743,0.06511520687490702,3823,182,6ny1,0.007684956304728985,0.14784687524661422
0.0038007949478924274,4744,0.011550452094525099,731,97,2cbp,0.0015597562305629253,0.029204515274614096
0.012093547731637955,4745,0.05979381920769811,2562,375,2vn8,0.00676873279735446,0.1256303139962256
0.014070493169128895,4746,0.0764672476798296,3451,384,4s05,0.009396655950695276,0.16418042872101068
0.015056275762617588,4747,0.07104039192199707,2600,380,7dfc,0.01486900495365262,0.162215034943074
0.016595983877778053,4748,0.05705883586779237,2867,384,5o3z,0.016622174065560102,0.15841816784814
0.006003543268889189,4749,0.010746601037681103,873,47,7jsb,0.0018502287566661835,0.03222996089607477
0.010479320771992207,4750,0.024232569616287947,977,154,3cbi,0.0019533508457243443,0.05304074380546808
0.005242491140961647,4751,0.015790537931025028,1050,133,3upv,0.0024913367815315723,0.04135037073865533
0.014156375080347061,4752,0.059233060106635094,2286,372,1esq,0.014681364875286818,0.1455601300112903
0.023311518132686615,4753,0.060937856789678335,2513,384,2cu0,0.029044656082987785,0.3131193956360221
0.013385301921516657,4754,0.06265629921108484,2655,384,5dw8,0.009699171874672174,0.1403541686013341
0.02170969406142831,4755,0.04366353526711464,2166,276,6xzz,0.004752433858811855,0.10745366383343935
0.02607877179980278,4756,0.05901445169001818,2619,367,4xdu,0.005588396918028593,0.137560005299747
0.013958743773400784,4757,0.05790674081072211,2662,370,1nh8,0.00975406402722001,0.13590064318850636
0.021478562150150537,4758,0.07567738089710474,3435,384,6dx0,0.02034957194700837,0.19934395467862487
0.04709684383124113,4759,0.06489445408806205,2617,371,6a8b,0.013239589985460043,0.1809895229525864
0.028950660955160856,4760,0.07704182201996446,3048,381,8ick,0.007409320212900639,0.16808157181367278
0.012917939107865095,4761,0.06267505511641502,2464,384,4zwc,0.008847048971801996,0.13321545394137502
0.0394386169500649,4762,0.067361855879426,3104,384,4cqo,0.009399290196597576,0.17476327158510685
0.019217073917388916,4763,0.05844145966693759,2874,384,3epo,0.018943794071674347,0.17027229815721512
0.027385495137423277,4764,0.0624583400785923,3124,384,3k5n,0.025755688082426786,0.20576397562399507
0.07535482803359628,4765,0.07970362901687622,2883,384,2xgw,0.018488280940800905,0.2477915221825242
0.01682025333866477,4766,0.07368672033771873,2500,384,3w1t,0.09547097329050303,0.2594148921780288
0.0996455978602171,4767,0.07291124062612653,3122,384,6w1s,0.21917421510443091,0.6282476698979735
0.02998617570847273,4768,0.0748621579259634,3145,384,6ei2,0.006706325802952051,0.1671496401540935
0.1699175452813506,4769,0.08916427474468946,3497,384,5lj5,0.15654603764414787,0.8954719509929419
0.008419088087975979,4770,0.04199632816016674,2058,275,5nf6,0.004598996601998806,0.08967148326337337
0.01766404090449214,4771,0.06291424296796322,2627,384,3uay,0.02179934224113822,0.1825596080161631
0.014433443080633879,4772,0.06308919889852405,2740,368,1x09,0.009755637031048536,0.14161890279501677
0.012862826231867075,4773,0.061270750127732754,2672,384,6ho9,0.008210799191147089,0.13357455469667912
0.0450112852267921,4774,0.05979115515947342,2866,384,3bjs,0.0479676709510386,0.2928531519137323
0.1704859076999128,4775,0.10593945300206542,1576,384,6li9,0.13583899894729257,0.510751492343843
0.031891537830233574,4776,0.06222900189459324,2762,384,6ubl,0.0076517751440405846,0.15178758325055242
0.11958244815468788,4777,0.2013447661884129,7386,363,5u4i,0.12210033508017659,0.8892066101543605
0.02254132879897952,4778,0.05931843118742108,2633,370,3cf4,0.030715168919414282,0.2073133229278028
0.03297177795320749,4779,0.07696223305538297,3238,384,1esg,0.007864442188292742,0.1763919577933848
0.021266215946525335,4780,0.0692952312529087,3002,384,2ppy,0.023849395103752613,0.19901019101962447
0.013894964940845966,4781,0.06650486495345831,2471,384,2v92,0.010533662047237158,0.14293771889060736
0.021194410976022482,4782,0.06597709795460105,2870,378,6x0o,0.017370473127812147,0.17658504890277982
0.06699555180966854,4783,0.23296895483508706,7869,384,7are,0.45406289771199226,1.3983291112817824
0.0135878911241889,4784,0.06033746525645256,2768,384,1apy,0.009265330154448748,0.13930134987458587
0.019997072871774435,4785,0.06027074018493295,3167,354,4m41,0.12156058615073562,0.2767945919185877
0.016344033181667328,4786,0.0345774800516665,1638,217,2yd1,0.0033134152181446552,0.08049763273447752
0.013373902067542076,4787,0.06182061834260821,2943,376,1d6e,0.012393357697874308,0.14809576096013188
0.011443722993135452,4788,0.06529919197782874,2948,384,2pvj,0.006047003902494907,0.13370131189003587
0.09929329995065928,4789,0.11151317413896322,4204,384,7nwi,0.3874553721398115,1.1080667320638895
0.04042983986437321,4790,0.07719104224815965,2555,384,4ksq,0.010280518792569637,0.18058542907238007
0.04119099210947752,4791,0.09755279589444399,4107,384,7aoi,0.21706213802099228,0.5958982887677848
0.04549790406599641,4792,0.06513449270278215,3081,384,3ogk,0.07618301687762141,0.3865936528891325
0.006363566033542156,4793,0.020407219883054495,1358,169,4yjw,0.0030241538770496845,0.05184338707476854
0.09625501977279782,4794,0.08381663775071502,1993,382,1eys,0.024400814902037382,0.27898302394896746
0.05593551602214575,4795,0.14036957826465368,5079,384,4v5p,0.21822902001440525,1.0072495839558542
0.00964012136682868,4796,0.04774480499327183,2408,300,5drv,0.005392360966652632,0.10427502309903502
0.02898143883794546,4797,0.07034490397199988,2407,384,5xwc,0.04640202410519123,0.26946835685521364
0.027394572272896767,4798,0.0668254541233182,3301,384,6rh3,0.06010433891788125,0.3123279591090977
0.0064416020177304745,4799,0.014900664798915386,420,76,5wmj,0.001192518975585699,0.030487363692373037
0.01796302106231451,4800,0.06672922382131219,2432,365,5amo,0.1178429969586432,0.2652833443135023
0.7866905629634857,4801,0.16023208014667034,2948,384,6w6m,0.2589174439199269,1.4850046997889876
0.08747724071145058,4802,0.07143171597272158,2048,358,7d03,0.06964594591408968,0.5335403368808329
0.013167044147849083,4803,0.06681784987449646,3088,375,6a2b,0.006465144921094179,0.14163304073736072
0.143432826269418,4804,0.17204988282173872,6465,384,7bv8,0.27305147517472506,0.9431796441785991
0.017434312030673027,4805,0.06530249677598476,2872,384,4cdg,0.014172644354403019,0.15972603391855955
0.23711201082915068,4806,0.1344510051421821,3128,384,1zbb,0.07733680494129658,0.7578956419602036
0.017187961842864752,4807,0.061590848956257105,2305,340,2nw8,0.020981693640351295,0.17145572090521455
0.013839602004736662,4808,0.06391388224437833,2659,384,4asj,0.009755415841937065,0.14161968510597944
0.01507527194917202,4809,0.08118631038814783,3506,384,3lwo,0.011529051698744297,0.1772639099508524
0.3239249619655311,4810,0.07292290311306715,2956,384,6odm,0.3590172720141709,1.473955568857491
0.05982277309522033,4811,0.1587186912074685,6079,384,5lzs,0.2950723529793322,0.8911811588332057
0.01411791192367673,4812,0.06763949617743492,2922,384,3gze,0.007883186917752028,0.14354171883314848
0.023448775988072157,4813,0.06456121196970344,2838,380,6ona,0.02669969294220209,0.20302328607067466
0.018538235686719418,4814,0.06524866679683328,2944,384,5y9n,0.019510903861373663,0.17982445703819394
0.04366260301321745,4815,0.07275126315653324,2622,384,5i7h,0.010479990858584642,0.1822690861299634
0.012010863050818443,4816,0.05498545104637742,2635,355,2xx5,0.007284649182111025,0.12303862115368247
0.013643666170537472,4817,0.06947946595028043,2918,384,1aob,0.008502754848450422,0.14748788625001907
0.027113927993923426,4818,0.05782178323715925,2795,344,3j47,0.006055070087313652,0.14046165207400918
0.01458791084587574,4819,0.060883516911417246,2955,384,5hhj,0.011113426182419062,0.14528121193870902
0.01317125279456377,4820,0.06308645475655794,2760,384,5xnk,0.008993051946163177,0.1390283117070794
0.01851147599518299,4821,0.06739769503474236,2422,384,5cps,0.018967328127473593,0.17250106716528535
0.01359364204108715,4822,0.06354454113170505,2746,384,3az9,0.016028214246034622,0.15840581618249416
0.020159536972641945,4823,0.07163903396576643,2884,384,5nd7,0.025286090094596148,0.2022741548717022
0.010795431211590767,4824,0.045883235055953264,2637,318,6hua,0.0059109400026500225,0.10648377286270261
0.21152728516608477,4825,0.10067690722644329,3912,384,6rxz,0.4175506862811744,1.3105163150466979
0.011721431277692318,4826,0.06350565934553742,2798,384,5lti,0.006022137124091387,0.13106781989336014
0.01162228686735034,4827,0.0626600980758667,2674,380,5u08,0.00551239401102066,0.12711715465411544
0.00936190178617835,4828,0.043409189209342,2050,269,6hwz,0.004947810433804989,0.09338381281122565
0.012824494857341051,4829,0.05276746395975351,2310,333,2ive,0.009132272098213434,0.12015829607844353
0.012679273262619972,4830,0.06948772119358182,2890,375,5ts8,0.0070199440233409405,0.1401101741939783
0.14719029190018773,4831,0.17376612219959497,6910,341,5j3c,0.3185031949542463,1.0556489219889045
0.01621895981952548,4832,0.06473527662456036,2660,384,7lsr,0.013723514974117279,0.15423518000170588
0.0035058041103184223,4833,0.007953028194606304,865,42,7jfv,0.0016708127222955227,0.026504146866500378
0.033232655841857195,4834,0.17794909188523889,2887,368,2rs3,0.06337631633505225,0.4464146960526705
0.07291308511048555,4835,0.10035226121544838,2829,334,6zj3,0.30446208687499166,0.8746233200654387
0.10930415475741029,4836,0.07647457392886281,3102,384,7etm,0.25410698214545846,0.7500564912334085
0.012340290006250143,4837,0.05820987792685628,2570,384,5z9y,0.007751299999654293,0.12851578975096345
0.012466886080801487,4838,0.05954156816005707,2902,384,3avn,0.006243481300771236,0.1295040580444038
0.0035133580677211285,4839,0.008493626955896616,498,65,4q6f,0.001370972953736782,0.02256921073421836
0.01763844257220626,4840,0.08764135930687189,4114,384,4u7b,0.01590553391724825,0.20439213467761874
0.06258098967373371,4841,0.0718755959533155,3097,384,3mjw,0.016965164802968502,0.2207556855864823
0.030644285958260298,4842,0.0531835020519793,2616,331,4d0m,0.05131281493231654,0.4053816990926862
0.08448034897446632,4843,0.12673746468499303,4689,384,3lel,0.026198456063866615,0.34729354782029986
0.004747494589537382,4844,0.018706359900534153,389,64,4u6l,0.00571845006197691,0.03816854301840067
0.012577883899211884,4845,0.05869674915447831,2851,384,3kci,0.006040902808308601,0.12722254171967506
0.03281716024503112,4846,0.06678546965122223,2641,384,6wbt,0.031040798872709274,0.22759011201560497
0.009603522717952728,4847,0.05933003267273307,814,212,6gda,0.029282409697771072,0.12411917187273502
0.07462287088856101,4848,0.07614433625712991,2767,384,7dh5,0.018340375740081072,0.23978596227243543
0.02130076987668872,4849,0.06451763119548559,2841,384,5h41,0.02070504706352949,0.17987111490219831
0.030682098120450974,4850,0.09291109908372164,4129,356,4xco,0.008180483244359493,0.2023487752303481
0.004369738046079874,4851,0.015182652976363897,737,108,4nmr,0.001913457177579403,0.03436583373695612
0.02328057074919343,4852,0.04994660196825862,2464,306,4j78,0.0051378351636230946,0.12099678395316005
0.0703171119093895,4853,0.0772804687730968,2748,384,3kzk,0.017452355939894915,0.23522394290193915
0.013278102036565542,4854,0.052558202762156725,2473,333,4xwz,0.014619510155171156,0.14162447582930326
0.041526881977915764,4855,0.06841136002913117,2869,384,6zjn,0.06400769809260964,0.3376276297494769
0.01307750679552555,4856,0.022540227975696325,1361,169,5u9k,0.002998645883053541,0.06042772484943271
0.022694856859743595,4857,0.05952062923461199,2180,335,6i0w,0.005079076159745455,0.1259398339316249
0.11031313193961978,4858,0.1394408238120377,5557,384,6r6p,0.23263312876224518,0.7465514931827784
0.013527970295399427,4859,0.05947390105575323,2804,374,4rgs,0.010082138236612082,0.14156293077394366
0.01452681701630354,4860,0.057247379794716835,2558,352,7s4c,0.012962372042238712,0.14365729596465826
0.012364543974399567,4861,0.059894006699323654,2783,384,5mhg,0.007501613348722458,0.13318935688585043
0.036354993004351854,4862,0.0712504182010889,2938,382,1p3d,0.008600207045674324,0.1732656266540289
0.01717497780919075,4863,0.049411502201110125,2503,330,2yev,0.1460030311718583,0.28515067836269736
0.007906550075858831,4864,0.03914526989683509,1444,241,6fa4,0.004390498157590628,0.07704960787668824
0.0352919059805572,4865,0.06865101912990212,2507,384,1e1r,0.05753726186230779,0.29262555204331875
0.177461801096797,4866,0.0732576702721417,2921,384,6rie,0.07786952098831534,0.5230550542473793
0.09510730626061559,4867,0.08435883326455951,2320,384,6rm2,0.027293521910905838,0.28693486331030726
0.02426766697317362,4868,0.06382647901773453,2864,374,3mt9,0.02690862398594618,0.31736048217862844
0.05849402071908116,4869,0.07160747470334172,2220,362,5i8h,0.20026974007487297,0.5380320809781551
0.015753098763525486,4870,0.07943845400586724,3687,384,5th3,0.009994745254516602,0.17489810893312097
0.015368080232292414,4871,0.06383150815963745,2673,384,6a40,0.009833273012191057,0.1433653705753386
0.007712448015809059,4872,0.032323977909982204,1838,179,3w6v,0.003685370087623596,0.07803745521232486
0.011119888164103031,4873,0.0626165671274066,3240,250,1m5v,0.006159184034913778,0.13458047807216644
0.012416962068527937,4874,0.05123657314106822,2692,354,7asx,0.006242889910936356,0.11680138111114502
0.04124200902879238,4875,0.06519669992849231,3124,384,6ulg,0.05019433470442891,0.2919448399916291
0.014597298111766577,4876,0.08453952008858323,3893,384,2vjv,0.009370828047394753,0.17571380408480763
0.01275980332866311,4877,0.06466004811227322,2108,342,5xje,0.012349946890026331,0.14035883080214262
0.21019125822931528,4878,0.17143953405320644,6488,384,5zlu,0.17187909502536058,1.0634088069200516
0.02670730696991086,4879,0.06482983380556107,2609,367,4mzu,0.04351966688409448,0.3397816172800958
0.01266265194863081,4880,0.0683891880325973,2630,384,4jt4,0.006876144092530012,0.13658356294035912
0.046758993063122034,4881,0.0773110082373023,2317,384,5krq,0.013191831763833761,0.1920702108182013
0.016346978954970837,4882,0.06724371667951345,2201,349,5anm,0.023914596065878868,0.1803248138166964
0.005813288036733866,4883,0.01861946703866124,1106,143,7da6,0.0025369632057845592,0.04543497692793608
0.013491512276232243,4884,0.02775462530553341,1327,178,6h9z,0.0028121783398091793,0.06593406945466995
0.01360607473179698,4885,0.07486819103360176,2477,383,1m7g,0.008464774116873741,0.14807642810046673
0.009380877017974854,4886,0.042325614020228386,2373,271,1d1u,0.005169915035367012,0.09857915667816997
0.05168915865942836,4887,0.06220434606075287,2835,373,7miz,0.19590787589550018,0.5166090838611126
0.012826207559555769,4888,0.06963305408135056,2093,357,5ixq,0.010567796416580677,0.14148475462570786
0.006545236334204674,4889,0.023452664259821177,1290,181,5s1y,0.0032440442591905594,0.054837374947965145
0.02056169882416725,4890,0.09248256916180253,4204,381,3o62,0.027429097332060337,0.24802498426288366
0.004050082061439753,4891,0.011597040109336376,875,52,7jnj,0.001969361212104559,0.031653814017772675
0.009110281709581614,4892,0.042078681755810976,1985,293,3qnt,0.004410414956510067,0.08744926983490586
0.008170173037797213,4893,0.08125326735898852,466,320,474d,0.0016222321428358555,0.10280688013881445
0.023533934727311134,4894,0.07392580900341272,2907,384,1qjy,0.048156043980270624,0.28671075496822596
0.018346347380429506,4895,0.06573860393837094,2334,358,3nz2,0.02886086329817772,0.18506058724597096
0.011579866986721754,4896,0.0659961448982358,2320,374,1e3z,0.008745930157601833,0.13367956411093473
0.013205946888774633,4897,0.06883458094671369,2400,384,3mjs,0.008405393920838833,0.13971148058772087
0.014333706349134445,4898,0.061209448147565126,3021,384,3muq,0.007615115959197283,0.13939668284729123
0.03753234399482608,4899,0.06819645874202251,2932,383,6vom,0.06250113109126687,0.32420783396810293
0.011418325826525688,4900,0.055855668149888515,2071,323,2d37,0.007029572036117315,0.11563612427562475
0.01639886712655425,4901,0.06407731818035245,2998,384,6zt5,0.012761176098138094,0.15915670292451978
0.013309311121702194,4902,0.056861759163439274,2088,335,5nit,0.011076055932790041,0.13032577512785792
0.015160322189331055,4903,0.061227650847285986,3059,384,3m99,0.012498345226049423,0.15474864235147834
0.01853072177618742,4904,0.2002224619500339,3178,384,3cax,0.012950059026479721,0.2996184160001576
0.3120442349463701,4905,0.11710111331194639,2902,384,6zjy,0.06185356108471751,0.7920529278926551
0.01430104486644268,4906,0.06487711193040013,2598,384,5byr,0.010545333847403526,0.14436944900080562
0.0027725230902433395,4907,0.023489391896873713,158,88,6uf4,0.0008024401031434536,0.03144395211711526
0.02186594670638442,4908,0.0712319128215313,2637,372,2a5h,0.02811301499605179,0.21315699210390449
0.46463931165635586,4909,0.13251261319965124,3093,384,6d6r,0.0952100888825953,1.0406824760138988
0.135101905092597,4910,0.17632462782785296,6574,384,7a01,0.25741440895944834,1.2661889060400426
0.14184866566210985,4911,0.09440191788598895,2360,379,2qjo,0.04733047215268016,0.3845770009793341
0.009367962833493948,4912,0.16475019929930568,2071,298,2dpt,0.004769696854054928,0.2146541508845985
0.01597490394487977,4913,0.03937175218015909,1558,238,2qi1,0.0036181029863655567,0.0844264286570251
0.014581950847059488,4914,0.028728325851261616,1497,195,6gln,0.0032288460060954094,0.07026482513174415
0.011986117344349623,4915,0.06445427378639579,3061,383,3uxp,0.007042625918984413,0.13694332633167505
0.016515544150024652,4916,0.06911903386935592,2766,374,2e95,0.029551293700933456,0.17813189513981342
0.005083443131297827,4917,0.02053517894819379,967,140,7npz,0.002472412306815386,0.04422656912356615
0.018728481139987707,4918,0.06013532867655158,2871,378,1i7q,0.022587355226278305,0.1834389860741794
0.014209403656423092,4919,0.06367190089076757,2668,383,2hj4,0.016075010877102613,0.1588846743106842
0.02956631174311042,4920,0.09027759823948145,4056,384,6m3v,0.052223477978259325,0.32114104088395834
0.01370382821187377,4921,0.16779140522703528,2907,384,2v3e,0.007948298007249832,0.2453428916633129
0.01873105578124523,4922,0.06176828220486641,1940,318,3gwl,0.004427938722074032,0.11762696597725153
0.04506335314363241,4923,0.07610052404925227,2969,384,1jw0,0.01075697923079133,0.19153105420991778
0.037466279696673155,4924,0.07290695421397686,3026,384,1oe5,0.009732434060424566,0.17935862811282277
0.031218321062624454,4925,0.07017315411940217,2529,384,6uv5,0.11448385007679462,0.5340271289460361
0.015176141168922186,4926,0.0820721578784287,3429,384,4x4q,0.010530105326324701,0.17356436839327216
0.011765874922275543,4927,0.06183338304981589,2204,359,4ax7,0.006734819617122412,0.1245412821881473
0.059560293797403574,4928,0.22860190691426396,4101,384,6zu9,0.12386201182380319,0.6868836749345064
0.0086806477047503,4929,0.0407414142973721,1691,276,6piv,0.004092510789632797,0.08189613977447152
0.058852430898696184,4930,0.08813831908628345,3645,384,5fur,0.09366352763026953,0.6126110074110329
0.09494429174810648,4931,0.09857454895973206,3442,384,7ctt,0.028046681080013514,0.3149567521177232
0.01376686617732048,4932,0.06506708916276693,2645,384,5hk9,0.01093309884890914,0.14468437898904085
0.006883689202368259,4933,0.025357233360409737,1581,197,5al6,0.00350496219471097,0.06190192187204957
0.006182868033647537,4934,0.022508547641336918,1342,174,6syf,0.002948121167719364,0.053326550871133804
0.004649731796234846,4935,0.03470932599157095,412,125,4u6k,0.006362304091453552,0.05626821983605623
0.02879488095641136,4936,0.09895109292119741,4333,384,6iro,0.046388649847358465,0.3205828587524593
0.01965205790475011,4937,0.07145959930494428,2752,384,6p6j,0.020184433087706566,0.18636725144460797
0.008946714922785759,4938,0.05006669694557786,1623,277,2qir,0.0049224416725337505,0.0917389988899231
0.0033697602339088917,4939,0.007740129716694355,813,39,6ia2,0.0016492330469191074,0.02559071034193039
0.010821891017258167,4940,0.04667458403855562,2724,300,4ux5,0.006089593283832073,0.10956477466970682
0.06445472268387675,4941,0.07630042871460319,2965,384,6w52,0.016304269898682833,0.22661317931488156
0.03416383685544133,4942,0.057030024006962776,2759,352,6q9b,0.05798907717689872,0.3078107316978276
0.013889245223253965,4943,0.06864694086834788,3174,384,6m6v,0.01034610066562891,0.1542484969832003
0.023833204060792923,4944,0.09166292799636722,4085,384,3tu4,0.03374237008392811,0.2699718759395182
0.4577207420952618,4945,0.3287013377994299,6998,384,5aj0,0.29463953990489244,1.681048579979688
0.18992465315386653,4946,0.09516898263245821,4017,384,6zqe,0.35349104925990105,1.2987113329581916
0.01516901794821024,4947,0.05839366419240832,3051,384,5utk,0.010032115038484335,0.1434437888674438
0.008500872179865837,4948,0.04318474093452096,1763,257,4k84,0.004003724083304405,0.08468089625239372
0.011612378992140293,4949,0.05882516968995333,2635,345,3ogd,0.006022818852216005,0.12288972409442067
0.014301065355539322,4950,0.06384730897843838,2919,384,4bpl,0.008331505116075277,0.14132184209302068
0.0065922243520617485,4951,0.022442736197263002,1701,169,4evv,0.003311038948595524,0.05947504471987486
0.008608504198491573,4952,0.044212041422724724,2115,263,6jdp,0.004690348170697689,0.09336440870538354
0.012059102766215801,4953,0.05028950283303857,2710,355,5jyl,0.005993715021759272,0.1155171119607985
0.014974675141274929,4954,0.05231927800923586,2484,340,5a04,0.013115678913891315,0.13693551206961274
0.055896163918077946,4955,0.07117817271500826,3062,384,1l1o,0.014477655291557312,0.2097192369401455
0.07608750090003014,4956,0.11831656564027071,4808,384,4v6i,0.32032872503623366,0.9276205599308014
0.0145884626545012,4957,0.06373666087165475,2858,384,1ylh,0.00909692607820034,0.14425579691305757
0.02394337998703122,4958,0.19634706992655993,7860,384,6t3s,0.016500486060976982,0.3829949661158025
0.018100246787071228,4959,0.07546210195869207,3300,384,1r0a,0.025415963027626276,0.20952454302459955
0.015518190804868937,4960,0.06243970710784197,2754,384,4fwo,0.01292202714830637,0.15248815715312958
0.02413185266777873,4961,0.05937398597598076,2807,327,3gpy,0.00633732695132494,0.1383905429393053
0.18298683408647776,4962,0.2234124969691038,7865,384,6by7,0.18166655534878373,1.1668434562161565
0.01724022999405861,4963,0.06414693873375654,2693,384,3cuu,0.015106470789760351,0.15867555513978004
0.075750851072371,4964,0.30801466619595885,6316,384,6enj,0.20351758506149054,1.0511269210837781
0.027587753254920244,4965,0.07124577043578029,3334,336,5v3j,0.007167198695242405,0.1635662680491805
1.1207239530049264,4966,0.18875337578356266,3067,384,6ogz,0.3227782458998263,2.0336837600916624
0.011926195118576288,4967,0.044336474034935236,2451,310,2y31,0.009344127960503101,0.11572197638452053
0.017316372133791447,4968,0.060600298922508955,2832,384,6i5y,0.014053602237254381,0.15497422590851784
0.009633629582822323,4969,0.04263542499393225,2401,308,3l81,0.0058945599012076855,0.09782616002485156
0.02502359915524721,4970,0.07567827729508281,3557,384,6nzo,0.04185691801831126,0.26939645083621144
0.013758740853518248,4971,0.05718949204310775,2658,384,2vos,0.008012056816369295,0.1291699050925672
0.007870081812143326,4972,0.028681308962404728,1559,202,6du3,0.0037576849572360516,0.06579956784844398
0.014130044728517532,4973,0.05994800012558699,3107,384,6ppn,0.011269818991422653,0.1490666908212006
1.774467969313264,4974,0.20469475677236915,3011,384,7eg7,0.33395590214058757,2.7915322980843484
0.02905567828565836,4975,0.06945578381419182,3125,384,6y9b,0.043123256880789995,0.40014114091172814
0.01900869468227029,4976,0.06395922834053636,3006,384,5k14,0.0172497583553195,0.17054856102913618
0.01329344091936946,4977,0.06596693117171526,2859,384,2a8q,0.010284617077559233,0.1426216228865087
0.009978754911571741,4978,0.04500923305749893,2728,266,4yj0,0.005921429954469204,0.10634015686810017
0.016061124857515097,4979,0.06958764139562845,3021,384,4ez1,0.020103370770812035,0.18174571311101317
0.016806067898869514,4980,0.06660635583102703,3093,383,4ian,0.013199175242334604,0.16148910485208035
0.02610517293214798,4981,0.06869621388614178,3011,384,5fn1,0.039107759948819876,0.2522745030000806
0.03756806068122387,4982,0.06415736861526966,2577,384,5l68,0.05421997094526887,0.305895094294101
0.08457163209095597,4983,0.07433407381176949,3227,384,7adc,0.09188801003620028,0.483729284722358
0.019466692116111517,4984,0.059991701040416956,2984,384,2dey,0.022232363000512123,0.1825358010828495
0.018448959104716778,4985,0.05917148804292083,2381,376,4qm1,0.023738577961921692,0.17952087428420782
0.005296772811561823,4986,0.016843136865645647,1101,138,2wx4,0.0024607996456325054,0.042430912144482136
0.0662744571454823,4987,0.07146881707012653,3022,384,7nnu,0.01687357435002923,0.22645591665059328
0.012856534216552973,4988,0.06564394803717732,3047,384,1u5y,0.007094632834196091,0.1395531571470201
0.01137895230203867,4989,0.054061203729361296,2890,360,3nqw,0.006405414082109928,0.12303592870011926
0.01241643214598298,4990,0.0672391802072525,3155,384,5jaa,0.007003161124885082,0.1421223501674831
0.014534951653331518,4991,0.0703121549449861,3044,384,3efz,0.009829997085034847,0.15350952791050076
0.261972124222666,4992,0.17540438007563353,6626,384,4v7e,0.18467977782711387,1.0486585218459368
0.0971831283532083,4993,0.06485492270439863,2069,341,6vv5,0.0639950749464333,0.3909988100640476
0.7191870450042188,4994,0.24619762506335974,2985,384,3jaj,0.23917368240654469,1.8057477856054902
0.012644948903471231,4995,0.059045382775366306,3137,383,7cjq,0.006956825032830238,0.13274445896968246
0.21844589337706566,4996,0.10059377504512668,2947,384,6ytv,0.04672904685139656,0.49664083402603865
0.01645863801240921,4997,0.0639611822552979,2772,384,1ycf,0.012779309879988432,0.15608035400509834
0.008601218927651644,4998,0.039550757966935635,1891,260,1uy9,0.0034308740869164467,0.0857278541661799
0.012663603760302067,4999,0.06769715715199709,3037,384,2ns8,0.006847620941698551,0.1411172510124743
0.007293684873729944,5000,0.025126191787421703,1530,203,4gvw,0.0033635077998042107,0.16455761203542352
0.029978783801198006,5001,0.07064899476245046,2887,384,1dut,0.006504269782453775,0.15765627101063728
0.03937166277319193,5002,0.0716466000303626,2908,377,6nby,0.17086897091940045,0.4426706610247493
0.019050704315304756,5003,0.061186816077679396,2865,384,5lsp,0.0211725109256804,0.1840454339981079
0.15951200015842915,5004,0.12662014039233327,3238,384,6ny6,0.17661915998905897,0.6297690621577203
0.21145517518743873,5005,0.10990585386753082,3348,384,6vdk,0.05031829793006182,0.6424142220057547
0.012047411873936653,5006,0.0616443008184433,2724,371,5jt8,0.00674791494384408,0.12859115516766906
0.06187099497765303,5007,0.07792730070650578,3470,384,5iy9,0.21883157407864928,0.590262807905674
0.016955578234046698,5008,0.06068947585299611,3090,384,5vbn,0.011651593260467052,0.15043733594939113
0.013839202001690865,5009,0.0671549029648304,2539,378,1a4i,0.010347775183618069,0.14809784200042486
0.018499372992664576,5010,0.06368164019659162,2644,384,4kxx,0.022312161047011614,0.17843958409503102
0.050082437228411436,5011,0.070303859654814,2952,384,7ngf,0.20258878916502,0.5259458003565669
0.012890178244560957,5012,0.06804915517568588,3264,384,1qaj,0.103842006996274,0.24490445712581277
0.03039378020912409,5013,0.06671308726072311,2948,384,5nhv,0.00711164390668273,0.1556753870099783
0.017398235853761435,5014,0.08015282172709703,3675,384,6erg,0.02307595917955041,0.21325187385082245
0.010948057286441326,5015,0.06021333718672395,2281,360,4bn5,0.005534726660698652,0.11738124769181013
0.005951245781034231,5016,0.02265852876007557,1397,177,6e3j,0.0029908912256360054,0.05437033297494054
0.012785131111741066,5017,0.057593466714024544,2822,384,5aq8,0.00683371489867568,0.12814553175121546
0.017002875916659832,5018,0.0709526720456779,3237,384,5v6p,0.014147027395665646,0.17165301693603396
0.01211075996980071,5019,0.06315178889781237,3444,354,2a6o,0.007357915863394737,0.14204921387135983
0.013145124074071646,5020,0.07658987119793892,3791,328,2fio,0.008384514134377241,0.16308951936662197
0.009487215895205736,5021,0.050984222907572985,1988,291,5wb6,0.005975992418825626,0.09945885417982936
0.01905464194715023,5022,0.0430370569229126,2295,247,6uep,0.004728520289063454,0.1056795627810061
0.010850325226783752,5023,0.05385801522061229,2291,323,3vtd,0.005409182980656624,0.1101272078230977
0.1546062887646258,5024,0.23450171202421188,8222,384,6spg,0.1893572248518467,1.1757025951519608
0.009469183161854744,5025,0.04715315019711852,1984,287,5qtt,0.004417337942868471,0.09399950783699751
0.015268873888999224,5026,0.056047008372843266,2732,384,3s5s,0.01175708882510662,0.14063065173104405
0.15665993001312017,5027,0.08023860305547714,3136,384,7etj,0.38144712895154953,1.1747604641132057
0.02220945991575718,5028,0.04785586381331086,2362,292,2yr2,0.0050904471427202225,0.11554432613775134
0.4777050190605223,5029,0.13317148899659514,3224,384,6fsz,0.08477002382278442,1.0548453880473971
0.40481016505509615,5030,0.18691327702254057,3518,384,4wt8,0.14816439617425203,1.1903102742508054
0.21753103518858552,5031,0.15905821323394775,6212,384,5mlc,0.1635446292348206,1.0601062127389014
0.0046198670752346516,5032,0.02385787107050419,967,140,7nqj,0.002046035137027502,0.046533793210983276
0.040107388980686665,5033,0.06241481192409992,2756,370,6pzf,0.048272313084453344,0.2898519351147115
0.028422264847904444,5034,0.05929641192778945,2626,363,6y6d,0.04132477520033717,0.2374998154118657
0.04489284614101052,5035,0.07140632113441825,2565,382,6fcs,0.011742532718926668,0.1849095202051103
0.23845337890088558,5036,0.07981593208387494,2976,384,6nym,0.24856451991945505,0.9160899417474866
0.013064432889223099,5037,0.058194261975586414,2779,384,5nyc,0.008903714828193188,0.13476375490427017
0.1256594662554562,5038,0.10239613521844149,4223,384,6hiy,0.2713774382136762,1.0278176427818835
0.019822838250547647,5039,0.06023881305009127,3127,384,5xq0,0.01591153582558036,0.1674085631966591
0.01851843995973468,5040,0.07027335418388247,3211,384,3klf,0.02113926876336336,0.18917828239500523
0.06156736705452204,5041,0.08030336396768689,3385,384,5x21,0.17436447693035007,0.48194804321974516
0.010892733000218868,5042,0.050430458039045334,2545,326,1tg2,0.005704144015908241,0.11179431527853012
0.19130548788234591,5043,0.08162380196154118,3287,384,6xij,0.13299626158550382,0.7101227873936296
0.014116491191089153,5044,0.06963293580338359,3210,370,4cgz,0.012775472830981016,0.16267359210178256
0.0048591941595077515,5045,0.0199634307064116,856,127,6bqa,0.002320328261703253,0.04231519578024745
0.01922602206468582,5046,0.044739068020135164,1977,258,5f8z,0.004611561074852943,0.10064862808212638
0.013371397741138935,5047,0.06063647707924247,3216,384,5tsn,0.009556564968079329,0.14521679701283574
0.0114873549900949,5048,0.059656516183167696,2581,350,2osc,0.0061830077320337296,0.12160863215103745
0.009001967962831259,5049,0.039417259860783815,1990,256,4gba,0.0040705399587750435,0.08434541989117861
0.01524453004822135,5050,0.06908449064940214,3042,384,4etq,0.012337434105575085,0.16098840115591884
0.008669247385114431,5051,0.0397351230494678,2046,255,5lw6,0.005185876041650772,0.08821292035281658
0.04963918775320053,5052,0.07598408916965127,3012,384,4k3q,0.01158048864454031,0.2000856320373714
0.009630884043872356,5053,0.03979213908314705,2180,285,3uz0,0.004912685137242079,0.09187885373830795
0.006055089645087719,5054,0.019042017869651318,1206,147,2d4r,0.0029545039869844913,0.04777650721371174
0.008126703090965748,5055,0.054194274824112654,1748,274,4ixg,0.003924377262592316,0.09588345093652606
0.008352646138519049,5056,0.03359166765585542,2075,193,4qr9,0.004393162205815315,0.08175149094313383
0.012083389796316624,5057,0.058314446825534105,2391,352,4jqk,0.005835869815200567,0.1190544068813324
0.06108465464785695,5058,0.08587608300149441,3340,380,4fjk,0.020633102860301733,0.24418048607185483
0.009290558286011219,5059,0.044721394777297974,2030,290,2qsi,0.004518517758697271,0.09573426144197583
0.02694251760840416,5060,0.05219267215579748,2681,337,1pqz,0.006613743957132101,0.13249887200072408
0.023594249039888382,5061,0.06403407920151949,3134,384,6x2u,0.025169964414089918,0.19775132881477475
0.010911289136856794,5062,0.019169515930116177,1114,138,3rj2,0.002442405093461275,0.05036023585125804
0.01427367515861988,5063,0.06653659697622061,2862,384,6n67,0.007976291701197624,0.14185660472139716
0.015815605875104666,5064,0.028736782260239124,1417,210,9lpr,0.003112467937171459,0.07133505819365382
0.014793975744396448,5065,0.0621843421831727,2850,384,6mni,0.0090904850512743,0.14171700505539775
0.01551860198378563,5066,0.07590530207380652,1801,351,1k4s,0.013906336855143309,0.1518881982192397
0.00949087180197239,5067,0.04509129608049989,2399,310,4pz3,0.005072983913123608,0.10079714609310031
0.027371649630367756,5068,0.0707826460711658,2974,384,1ng0,0.05117407813668251,0.29213859187439084
0.011204426176846027,5069,0.05911590391770005,2683,357,1obn,0.006111545953899622,0.12333727395161986
0.005751932971179485,5070,0.02216372499242425,1147,161,2wcl,0.0023982240818440914,0.049318389035761356
0.03771181125193834,5071,0.06081653479486704,2745,353,6u0t,0.06556569319218397,0.31930145202204585
0.03036443516612053,5072,0.06328015122562647,2974,380,7ak5,0.16080366680398583,0.39910885971039534
0.00923570478335023,5073,0.03955425601452589,2077,279,6eb3,0.004750550724565983,0.08907138463109732
0.07915767282247543,5074,0.07148211263120174,3328,384,6fec,0.23614620696753263,0.6708839926868677
0.006893347017467022,5075,0.03566125687211752,1206,226,5n7l,0.00260414881631732,0.06596771394833922
0.03888774896040559,5076,0.07247817609459162,2872,384,6ghm,0.009602461010217667,0.17798986611887813
0.06688038120046258,5077,0.06403515208512545,3029,384,1y1w,0.07015464222058654,0.390815997030586
0.23654593527317047,5078,0.12311511998996139,4927,384,6z6n,0.30832119565457106,1.3990167849697173
0.01313774986192584,5079,0.06503780605271459,2437,384,4w8b,0.007240265142172575,0.13242833130061626
0.04252927703782916,5080,0.0632457546889782,2903,358,3ipu,0.012006445787847042,0.17759092012420297
0.0024706986732780933,5081,0.005645564291626215,294,42,4rp7,0.000866791233420372,0.014716011006385088
0.02781755430623889,5082,0.07247399678453803,2965,374,4ura,0.006509087979793549,0.15878758765757084
0.010588064324110746,5083,0.05237523326650262,2330,332,1rgs,0.005120842717587948,0.10834282217547297
0.025891213212162256,5084,0.06619489891454577,3147,384,6wcq,0.026796645950526,0.21081759594380856
0.013607108034193516,5085,0.07901498582214117,3684,384,3qfq,0.008380798157304525,0.1675137411803007
0.017436466179788113,5086,0.06229149177670479,2887,384,4yfa,0.02549397014081478,0.19082164485007524
0.03885553916916251,5087,0.06136877695098519,2906,384,6bw1,0.009194068145006895,0.16554819699376822
0.05553368804976344,5088,0.061460819095373154,2989,384,6ksp,0.053111099638044834,0.3153991480357945
0.09912997018545866,5089,0.06869454169645905,2923,384,7ae3,0.21353560779243708,0.5977091761305928
0.010418548248708248,5090,0.04630134906619787,2216,303,4uub,0.005523165222257376,0.10144719202071428
0.09118666965514421,5091,0.07938386499881744,2868,384,1i7q,0.02334567392244935,0.27597325295209885
0.42076310282573104,5092,0.18426969600841403,3211,384,5umd,0.29129119915887713,1.2256599008105695
0.13738283282145858,5093,0.1459331875666976,5881,384,3ja1,0.14421236980706453,0.8868176955729723
0.041145449969917536,5094,0.06649223482236266,3020,384,6tmh,0.17812401708215475,0.45523629803210497
0.12135420879349113,5095,0.1985725248232484,7397,384,6eml,0.24570560827851295,0.9294384061358869
0.015193233732134104,5096,0.06387830805033445,3009,384,5oto,0.012827700935304165,0.15558883780613542
0.01344004599377513,5097,0.05761142214760184,2482,349,1ykb,0.01506849005818367,0.14861781615763903
0.028486384078860283,5098,0.06769218808040023,2677,374,1qqs,0.006673937197774649,0.15141102904453874
0.052263153716921806,5099,0.1873731790110469,3074,384,5iy8,0.0848767552524805,0.54065454704687
0.04744680039584637,5100,0.07106475299224257,2865,384,4muw,0.012508224230259657,0.191579672973603
0.03780658822506666,5101,0.06881463713943958,2865,384,2xbm,0.00963226705789566,0.17183069325983524
0.01537287887185812,5102,0.06339428434148431,2360,366,4nd2,0.019830473233014345,0.1694673141464591
0.012673772871494293,5103,0.056733903009444475,2976,374,6r7t,0.006567228119820356,0.12702067103236914
0.011935253161936998,5104,0.07853174209594727,1810,374,5dk2,0.009162097703665495,0.13983709132298827
0.005704374052584171,5105,0.031389550771564245,1316,138,6v9b,0.0027393708005547523,0.061055481899529696
0.2506221910007298,5106,0.0979644120670855,3082,384,6dbj,0.05911401193588972,0.5632239500992
0.13595000468194485,5107,0.06329512875527143,2636,384,5v2c,0.027656031772494316,0.316668963059783
0.03665004624053836,5108,0.061981492675840855,3021,384,4xgc,0.03974422113969922,0.2518913340754807
0.02987928781658411,5109,0.08740609278902411,1160,379,2bf1,0.008239032700657845,0.1581396060064435
0.011440387926995754,5110,0.057851340621709824,2698,353,5isl,0.005840429104864597,0.1217683027498424
0.025868830736726522,5111,0.066825688816607,2642,384,5zya,0.043212013784796,0.2566665802150965
0.010818424634635448,5112,0.053316022269427776,2427,327,3sw7,0.0055688912980258465,0.11236280901357532
0.014673392288386822,5113,0.0678094970062375,3280,384,3gyw,0.008872896898537874,0.15228704642504454
0.04216539720073342,5114,0.06560828210785985,2920,384,7jsn,0.04663879005238414,0.2782835327088833
0.008697549812495708,5115,0.04611021187156439,1632,288,5jvx,0.00328042171895504,0.08509233687072992
0.012986668385565281,5116,0.05893389508128166,2782,384,6wyk,0.006550766061991453,0.12769104493781924
0.03850649716332555,5117,0.07242625812068582,2715,384,5la7,0.008909184951335192,0.17397140432149172
0.013162816874682903,5118,0.06336623197421432,2328,347,6bw5,0.014954616781324148,0.15488906018435955
0.006945805158466101,5119,0.028475554194301367,1781,177,7n5s,0.003493119962513447,0.06599535699933767
