crop,draw,features,msa_rows,n_atoms,n_tokens,pdb,read,seconds
1.912257591728121,4480,0.13392756879329681,512,5671,384,7aoi,0.11167566198855639,2.4305765167810023
0.33075264003127813,4481,0.026909541804343462,512,734,97,4pli,0.0023700138553977013,0.3780855261720717
0.021269076969474554,4482,0.01759381126612425,16,902,114,6ty2,0.0025549600832164288,0.06252564489841461
0.6007680199109018,4483,0.060878423042595387,512,2854,367,6ucv,0.05236635496839881,0.8482081387192011
2.923296544700861,4484,0.08178183669224381,512,3069,384,7kb5,0.03164077457040548,3.1394984130747616
1.6891850181855261,4485,0.10380338318645954,512,2839,384,4eh4,0.0070373788475990295,1.8610588400624692
0.5880979332141578,4486,0.0706628211773932,512,2231,287,6di0,0.005609596613794565,0.7101909066550434
0.24336285004392266,4487,0.07117733405902982,512,2726,350,4wrl,0.019931335002183914,0.4109303243458271
4.770494238939136,4488,0.08664997620508075,512,3128,384,5oqm,0.1251281243748963,5.234897329937667
0.4858501008711755,4489,0.06967512285336852,512,2982,384,2br5,0.02466918993741274,0.6655991999432445
0.41858601989224553,4490,0.0639742249622941,512,2947,366,5ac4,0.019804386887699366,0.5827428819611669
2.118228747975081,4491,0.10355193167924881,512,2770,384,2a9w,0.008749892003834248,2.2927687889896333
0.5332817630842328,4492,0.08110962901264429,512,2320,374,1p6k,0.013835108373314142,0.6910313968546689
0.7021899372339249,4493,0.06821412919089198,512,2450,370,7c3j,0.01729534287005663,0.8571234121918678
0.1998360138386488,4494,0.04460525372996926,512,2093,285,4xt9,0.0044877370819449425,0.28793540177866817
0.014227981679141521,4495,0.008107010275125504,2,865,42,6xek,0.0017557647079229355,0.03931296104565263
6.133405890315771,4496,0.12519967975094914,512,3624,366,6ybw,0.08731198403984308,6.555321281310171
0.33498239470645785,4497,0.06183954095467925,512,2582,384,6fm1,0.013103849720209837,0.47345715295523405
3.268287159036845,4498,0.361467313952744,512,3165,384,6xu8,0.1860180888324976,4.185869621112943
0.25835688598454,4499,0.066526731941849,512,2844,384,4txm,0.009048141073435545,0.3946881634183228
0.4054705901071429,4500,0.05958334868773818,187,3215,384,6t0n,0.03604524675756693,0.615248226094991
0.3133205617778003,4501,0.061129091773182154,512,2822,383,1p6w,0.007256778888404369,0.4373814598657191
0.39193188585340977,4502,0.21392311435192823,512,2615,384,2yjd,0.008070441894233227,0.6693364442326128
1.0217225141823292,4503,0.05278135230764747,512,1666,260,1k1i,0.003920214716345072,1.1119739091955125
0.10641052108258009,4504,0.056515579111874104,512,2986,384,4ntq,0.006192788016051054,0.2232361501082778
1.1352511360310018,4505,0.08868721686303616,512,2960,384,6rmv,0.007548213005065918,1.2934802081435919
0.014205078594386578,4506,0.008103652857244015,2,865,42,7jfw,0.0017490130849182606,0.03945548692718148
2.597954500000924,4507,0.12969254609197378,512,4920,352,5uz4,0.11720267497003078,3.1083110999315977
9.789513729978353,4508,0.2781267436221242,512,5156,384,6cb1,0.19119252171367407,10.662878630217165
1.8696850501000881,4509,0.0851992517709732,512,3037,384,6la6,0.06269454210996628,2.2011776762083173
1.470100583974272,4510,0.10102481488138437,512,2707,384,5aju,0.008762847166508436,1.6442864639684558
0.0853847092948854,4511,0.07615656079724431,229,2181,384,6wvn,0.008658091071993113,0.2185404342599213
0.7384437867440283,4512,0.07422239193692803,512,3213,384,6ymg,0.011548749171197414,0.8960873438045382
0.4647212689742446,4513,0.09284869581460953,512,2997,384,6cub,0.007926912046968937,0.6242911200970411
0.08818915579468012,4514,0.07830133475363255,32,2453,384,6zv5,0.013417297042906284,0.24408165598288178
3.0636950782500207,4515,0.09346318524330854,512,2539,384,1oz0,0.02988575119525194,3.4184550307691097
0.5375694697722793,4516,0.0724886073730886,512,2689,384,3a0i,0.007682085037231445,0.6742339818738401
2.620281568262726,4517,0.10698127979412675,512,4027,384,6r0c,0.17730541666969657,3.011336544994265
0.5809591398574412,4518,0.07489904807880521,512,2722,384,2asi,0.0058162328787148,0.7150089987553656
0.021682923194020987,4519,0.06211805297061801,290,435,245,7rms,0.0016727200709283352,0.09827514877542853
0.451112846378237,4520,0.060170619282871485,512,2665,359,6kdr,0.008569945115596056,0.5763294771313667
7.937083296012133,4521,0.08321294607594609,512,3062,384,6yys,0.05952525092288852,8.244767132680863
0.37333578197285533,4522,0.22888420009985566,512,4219,363,3add,0.01761794602498412,0.7113039172254503
0.9518745937384665,4523,0.07132900832220912,512,3077,384,6dc0,0.1259633880108595,1.211616253014654
0.6818225728347898,4524,0.04380175098776817,512,1974,199,1by4,0.003808426670730114,0.7650697310455143
10.086612737271935,4525,0.24584282701835036,512,5048,384,6n1d,0.12168436124920845,10.724517117254436
0.5266364538110793,4526,0.053107252810150385,512,2092,279,4mlx,0.004617760889232159,0.6245252089574933
0.7264195010066032,4527,0.07840713299810886,512,2828,384,6xhs,0.009925513062626123,0.8740444108843803
0.7012456059455872,4528,0.08565893303602934,512,2766,384,1r87,0.006591313984245062,0.8485864261165261
3.988923749886453,4529,0.08083029789850116,512,3066,384,6q9b,0.05777985602617264,4.291444728150964
7.818504134658724,4530,0.19111294578760862,512,6182,384,7nwh,0.15572082996368408,8.507119432091713
1.803525019902736,4531,0.05847177095711231,512,2437,325,7jk9,0.05324309691786766,2.056542678270489
2.682770757935941,4532,0.08788045914843678,512,2804,384,2a5v,0.012149072717875242,2.85154034383595
0.18150703003630042,4533,0.06592240184545517,275,3093,384,2a2m,0.02338793221861124,0.3641994381323457
0.5125356898643076,4534,0.0717584821395576,512,2555,384,2q6u,0.006791037041693926,0.6452880320139229
9.618154441937804,4535,0.32646413426846266,512,6780,384,5t7v,0.18897263891994953,10.5437420187518
0.13053237786516547,4536,0.07008258579298854,512,3504,380,6fb8,0.007534828968346119,0.2746868450194597
2.0155287822708488,4537,0.07654249388724566,512,3070,341,1jgq,0.04288889188319445,2.2640754841268063
1.0147322192788124,4538,0.07380603300407529,512,3282,373,4flz,0.014552200213074684,1.179497332777828
0.08122744970023632,4539,0.06142943585291505,512,2725,378,6os6,0.007328663021326065,0.20533301308751106
0.30983616737648845,4540,0.05779495369642973,512,2753,352,5o9u,0.010518322233110666,0.43568210676312447
0.5344014978036284,4541,0.0709243519231677,512,2985,384,3npi,0.008120916318148375,0.6745011080056429
0.9549913448281586,4542,0.0695674829185009,512,2822,384,3jq3,0.01244813296943903,1.1031816550530493
0.616369906347245,4543,0.15748167503625154,512,2806,384,5i2h,0.011239270679652691,0.8493526969105005
8.852693399880081,4544,0.16573062259703875,512,6257,384,6wnt,0.14574911119416356,9.506555833853781
0.491219196934253,4545,0.06333896797150373,512,2893,384,3fi9,0.010174938943237066,0.6292316219769418
1.534876273944974,4546,0.09567945264279842,512,2939,384,5h82,0.012232799082994461,1.7120593339204788
0.5432463590987027,4547,0.0340291541069746,512,1283,200,6ela,0.0031178840436041355,0.606469321064651
3.6562100700102746,4548,0.15101362438872457,512,4116,384,5fur,0.09125891095027328,4.140823048073798
2.534498965833336,4549,0.06670810282230377,512,2482,307,5hlb,0.026488114148378372,2.7149894069880247
1.0097351619042456,4550,0.0636285599321127,512,2474,358,6d5o,0.005248931236565113,1.1268307487480342
0.744994186796248,4551,0.050429822877049446,512,1820,248,3rlq,0.0039037936367094517,0.8368955301120877
3.0357237751595676,4552,0.09999116091057658,512,3023,384,5b48,0.028513954021036625,3.262457414995879
1.7035208828747272,4553,0.09052740223705769,512,3005,384,5l22,0.019311435986310244,1.8974186819978058
0.5623725499026477,4554,0.061551293823868036,512,2992,384,5hyz,0.01183101674541831,0.7026744000613689
0.8426188011653721,4555,0.07441203808411956,512,2691,384,4csw,0.013394023291766644,0.9973083226941526
0.09382170718163252,4556,0.061045757960528135,209,3458,384,5xpa,0.012882786337286234,0.2393305809237063
8.722929865121841,4557,0.15482866438105702,512,5208,384,5v7q,0.3021370731294155,9.538058459758759
1.408141448162496,4558,0.08104742504656315,512,3476,384,1z63,0.010269136168062687,1.571963878814131
1.598939887713641,4559,0.07826676219701767,512,2934,384,6znr,0.03020214382559061,1.8129394301213324
1.292114692274481,4560,0.08392538968473673,512,2814,384,1kyw,0.01331879198551178,1.4571841368451715
1.4885797542519867,4561,0.07859144825488329,512,2072,384,6b9o,0.14852045895531774,1.8123112758621573
2.273888855241239,4562,0.06946882884949446,512,2850,367,6g3h,0.036323947831988335,2.482606624253094
0.5698179928585887,4563,0.06288201408460736,512,2349,316,5fnq,0.005330714862793684,0.6823511128313839
0.2719053248874843,4564,0.06805508257821202,512,2444,329,5uug,0.005877478048205376,0.3944932781159878
1.3466120101511478,4565,0.07205041963607073,512,2949,384,4dsa,0.024273861199617386,1.532486645039171
0.928141362965107,4566,0.07041554991155863,512,2299,370,6f7l,0.014079725835472345,1.0760346190072596
0.2784298239275813,4567,0.1673348448239267,512,3055,384,4w9r,0.012859041802585125,0.5293839452788234
1.7288340581580997,4568,0.07580328173935413,512,3068,384,3i3t,0.00712988106533885,1.872017330955714
0.5848740572109818,4569,0.11115787597373128,512,4484,384,7ox9,0.025707312859594822,0.8348116772249341
0.14802659396082163,4570,0.05732956388965249,512,2919,384,4ejr,0.00777757354080677,0.2726055453531444
1.6458225012756884,4571,0.09326517581939697,512,2700,384,3th4,0.010418686084449291,1.8122392371296883
2.13614731002599,4572,0.07167488662526011,512,2499,317,5d0m,0.005210288800299168,2.262622649781406
7.952885300852358,4573,0.13985000737011433,512,4730,384,6ywv,0.17766003496944904,8.774919973220676
1.9598994087427855,4574,0.0706999315880239,512,3375,384,1c0w,0.015760571230202913,2.1275645908899605
0.09464344475418329,4575,0.03981909016147256,512,2023,280,5t38,0.0045177829451859,0.17611956177279353
8.22634698310867,4576,0.08372340304777026,512,3266,384,6rxt,0.36182513320818543,9.311683262232691
1.8340671039186418,4577,0.08366025378927588,512,2944,383,4qei,0.026836506091058254,2.0378405721858144
0.45933291781693697,4578,0.06478449376299977,512,2851,384,6kvj,0.007685190066695213,0.5904638986103237
0.21257818397134542,4579,0.045219914987683296,512,1971,289,4whh,0.004624682944267988,0.29976206086575985
0.5509149860590696,4580,0.06819746131077409,512,2901,384,5rx2,0.007813389878720045,0.6856524250470102
0.0836978848092258,4581,0.009876931086182594,512,596,74,2xvc,0.00142970634624362,0.10717352200299501
0.7858860306441784,4582,0.04530221875756979,512,1570,252,1xer,0.003388530109077692,0.8655465110205114
0.6143394839018583,4583,0.03763652499765158,512,2032,196,6ml3,0.0038220006972551346,0.693680337164551
0.1734217037446797,4584,0.04191973991692066,512,1514,250,5epn,0.003960530739277601,0.2505864850245416
1.5834195292554796,4585,0.07395627582445741,512,2589,384,1a4r,0.12740605091676116,1.837158143054694
0.04513759119436145,4586,0.04599169874563813,93,2428,318,4v18,0.005526220891624689,0.14118435326963663
6.88648109510541,4587,0.09068808611482382,512,3062,384,5c4j,0.201896948274225,7.361208310816437
2.298771640751511,4588,0.0981128066778183,512,2994,384,5frm,0.027010540943592787,2.5194907882250845
0.7252796459943056,4589,0.06166007788851857,512,2890,383,2ood,0.015384336933493614,0.8750270009040833
0.014261845964938402,4590,0.008570216596126556,2,865,42,7jfw,0.0018737358041107655,0.04008568823337555
0.2595345382578671,4591,0.05546706961467862,512,2527,342,2hfu,0.005951266270130873,0.36881003389135003
0.5185262812301517,4592,0.06169040501117706,512,2809,384,3o7p,0.007345905993133783,0.6435177139937878
4.015337995253503,4593,0.09205627581104636,512,2483,384,1t3q,0.1584993633441627,4.387165788095444
0.5519167631864548,4594,0.06723830522969365,512,2604,384,1zw1,0.020823744125664234,0.7216500258073211
0.28222892386838794,4595,0.026894445065408945,512,1320,188,5rvu,0.0029969066381454468,0.33786034071817994
1.4248949335888028,4596,0.07639592094346881,512,2538,384,6c5n,0.013341505080461502,1.5770155400969088
0.5433380999602377,4597,0.07031144574284554,512,2386,374,3svp,0.014400054700672626,0.6917190789245069
0.5127599933184683,4598,0.06905449414625764,512,3069,384,1m1l,0.015703102573752403,0.6723556569777429
0.7367412252351642,4599,0.0732366000302136,512,2254,312,4jt9,0.005396869033575058,0.8614933313801885
0.0649106903001666,4600,0.07364171929657459,182,3791,328,2fio,0.00740393390879035,0.21253738924860954
0.7331407577730715,4601,0.047807468101382256,512,2174,247,5emp,0.004775876644998789,0.8259872430935502
0.3245736206881702,4602,0.055038746912032366,512,2717,355,6isc,0.00590682215988636,0.43627201905474067
1.5182518661022186,4603,0.13821736117824912,512,4713,384,6xnz,0.04154000896960497,1.842678802087903
0.47164458921179175,4604,0.06878371769562364,512,1691,351,6c1r,0.009686686098575592,0.5927732950076461
3.911243709269911,4605,0.09654207900166512,512,3007,384,7ekm,0.02480255113914609,4.126572852022946
0.6880748318508267,4606,0.0632097888737917,512,2511,351,5lrg,0.005682012066245079,0.8052414036355913
0.8809863268397748,4607,0.07161751016974449,512,2952,384,3h6x,0.007393775042146444,1.0179339339956641
0.23137426702305675,4608,0.06657770974561572,512,3486,356,4z20,0.007290471810847521,0.36996863409876823
0.807383683975786,4609,0.08880799682810903,512,2518,384,2e0i,0.0080837057903409,0.9588279370218515
1.932137866038829,4610,0.07964974129572511,3,3159,384,6djy,0.45097926119342446,3.320116488263011
0.6933111916296184,4611,0.03779986081644893,512,2178,228,3hts,0.004664026666432619,0.775415956042707
0.7232400546781719,4612,0.06744136568158865,512,2578,358,3m7p,0.010519043076783419,0.8627215521410108
2.263985557947308,4613,0.09898858796805143,512,2675,384,2e74,0.024958130903542042,2.482711547985673
1.3866463010199368,4614,0.07146119931712747,512,2859,384,4pjm,0.014844838064163923,1.5433748718351126
1.849761619232595,4615,0.11899148719385266,512,3998,384,7b9v,2.2909704130142927,4.712274484336376
0.8846833575516939,4616,0.04853318491950631,512,1828,282,3a0b,0.04051665496081114,1.0829474609345198
2.210284938570112,4617,0.07886420097202063,206,3068,384,6pph,0.3858363567851484,3.2125765280798078
0.8654654589481652,4618,0.09727390902116895,512,2408,384,6oc0,0.006487890146672726,1.0214637531898916
1.2979461178183556,4619,0.03640440013259649,512,1740,238,5xw8,0.0034943493083119392,1.3705651918426156
0.7074870597571135,4620,0.07027944689616561,512,2364,384,6pfl,0.006912486162036657,0.8317704792134464
0.7054910250008106,4621,0.02160072885453701,512,1474,140,1jgg,0.0029022907838225365,0.7569988570176065
3.3620434966869652,4622,0.10308453300967813,512,2595,384,4aub,0.049464899115264416,3.6479154508560896
1.0471171978861094,4623,0.09168930910527706,512,3010,375,7jps,0.04615533584728837,1.3120878310874104
1.313610902056098,4624,0.06064342614263296,512,2703,360,5isa,0.02311365958303213,1.4814112395979464
6.035745913628489,4625,0.17646140605211258,512,3029,378,1sqb,0.06327544106170535,6.448035472072661
0.7712597129866481,4626,0.06778916716575623,512,2822,384,6tk8,0.008813041262328625,0.9068026710301638
2.807431496679783,4627,0.11986215692013502,512,2754,384,7b0n,0.1557227992452681,3.2171574672684073
0.22162626823410392,4628,0.05288756266236305,512,2388,303,1dnk,0.005260983947664499,0.32559790927916765
2.5658862381242216,4629,0.08920081332325935,512,2774,384,2el9,0.013644722290337086,2.7400131658650935
0.49557501217350364,4630,0.05489846598356962,512,2396,335,3vvr,0.008051856886595488,0.6101419399492443
0.763810336124152,4631,0.05772688891738653,512,2611,370,2czc,0.021393001079559326,0.9208076191134751
0.5316347270272672,4632,0.06651262938976288,512,2421,373,6cic,0.014250216074287891,0.6792857320979238
0.6620745463296771,4633,0.05013414192944765,512,2314,302,6t7v,0.005196231883019209,0.7617184300906956
1.323355731088668,4634,0.06056230515241623,512,2836,337,7c9a,0.018663613125681877,1.4784402353689075
8.015588734764606,4635,0.12332697212696075,512,3710,384,7b7d,0.26365721598267555,8.683030938729644
0.12226921087130904,4636,0.06132318824529648,512,2682,384,6jze,0.007357136812061071,0.24332478968426585
0.4265268100425601,4637,0.030782971065491438,512,1825,239,2pjs,0.003785473760217428,0.49469726998358965
0.38177384808659554,4638,0.06120120966807008,512,2634,365,3l31,0.008608628995716572,0.5075285597704351
1.0337246330454946,4639,0.07537047425284982,512,2886,373,7kng,0.009422772098332644,1.1790096811018884
0.3280802061781287,4640,0.025813011918216944,512,1085,150,5m3a,0.002469921950250864,0.37825525272637606
0.49428081093356013,4641,0.07618491817265749,512,2832,384,3jpn,0.009978412184864283,0.6385145932435989
0.48350812401622534,4642,0.052109597716480494,512,2200,261,1emj,0.0048201498575508595,0.5821535089053214
0.135393429081887,4643,0.020711606368422508,512,1407,156,6doy,0.002995865885168314,0.18512589810416102
9.616191685199738,4644,0.19014695705845952,512,6219,384,5nd9,0.33654398331418633,10.578170248772949
0.36753086699172854,4645,0.0571514624170959,512,2982,374,4m4x,0.00645933672785759,0.4849931332282722
0.710944193881005,4646,0.06309540383517742,512,3061,382,5ae8,0.01557576609775424,0.8634859407320619
0.1245549381710589,4647,0.03531055385246873,512,1763,228,3k16,0.00373951718211174,0.1978050139732659
0.4215389071032405,4648,0.05749223008751869,512,2753,365,2f8f,0.007380740717053413,0.5417306101880968
0.511832666117698,4649,0.04805885907262564,512,2092,279,4q90,0.004746031016111374,0.6045242906548083
1.7352061127312481,4650,0.07200822187587619,512,3083,384,5f6k,0.012825259007513523,1.8905901182442904
0.369823036249727,4651,0.07324798125773668,512,2123,370,6pzf,0.0493967211805284,0.630691756028682
0.632804969791323,4652,0.06954862968996167,512,2400,348,6m2e,0.012248138897120953,0.7632773602381349
0.7149852463044226,4653,0.07123548584058881,512,3163,384,1ld7,0.014753978233784437,0.8739784550853074
0.488231522962451,4654,0.06537087168544531,512,2942,384,2qjf,0.013946527149528265,0.6373967719264328
2.2468395391479135,4655,0.07986909197643399,512,2867,384,5t61,0.16213973658159375,2.6196620068512857
0.6611793045885861,4656,0.04331690492108464,512,2306,234,6ncm,0.005676822736859322,0.7544315899722278
0.3666684338822961,4657,0.06727025704458356,41,3107,384,7chk,0.1886271508410573,0.7898762342520058
0.9611389134079218,4658,0.06773040676489472,512,2751,384,2ay8,0.10829649586230516,1.202476013917476
28.103936893865466,4659,0.09466303884983063,512,3074,384,7kek,0.420904029160738,29.290398359298706
0.7403035741299391,4660,0.07079858891665936,512,2766,384,4iji,0.007449581287801266,0.8734971969388425
0.5294698397628963,4661,0.059633065946400166,512,2447,324,6ae8,0.005317009054124355,0.6385954469442368
0.5160052450373769,4662,0.07398785604164004,512,2314,384,5eyg,0.010213632136583328,0.6541130733676255
1.584579343907535,4663,0.06809106282889843,512,2148,340,3ae2,0.019045137334614992,1.7413656641729176
0.13912349939346313,4664,0.05032843537628651,512,2698,308,3eqt,0.0056992038153111935,0.24372673407196999
1.2544939750805497,4665,0.09688409138470888,512,2398,384,6uea,0.16882726224139333,1.6561112459748983
0.3084939271211624,4666,0.06843143003061414,512,2767,384,5a6m,0.007096138782799244,0.43900961009785533
6.829835860058665,4667,0.18376623699441552,512,5807,362,1njm,0.11435721628367901,7.3947844612412155
3.186092341784388,4668,0.09458123194053769,512,2850,384,6rax,0.0949974600225687,3.7071619043126702
0.2600743039511144,4669,0.05627000331878662,512,2880,370,3mf5,0.017866732086986303,0.41163745196536183
0.16009931918233633,4670,0.06193070625886321,430,2855,384,2p7n,0.013040893245488405,0.30047895992174745
1.8107976210303605,4671,0.08523965300992131,512,3197,384,6sgb,0.26886641699820757,2.4888464962132275
0.047296701930463314,4672,0.038109059911221266,152,2376,292,6anz,0.005057243630290031,0.13200307730585337
1.014706031884998,4673,0.073370061814785,512,3044,384,1q7z,0.009486040100455284,1.1607094760984182
3.031818717252463,4674,0.08248131070286036,512,2955,384,6zg0,0.08403626922518015,3.4119556047953665
0.8514839000999928,4675,0.09300435101613402,512,2524,384,5yyl,0.030856798868626356,1.0779792806133628
3.3928165123797953,4676,0.11795761389657855,512,2517,384,1ep3,0.01833736291155219,3.60710632475093
1.7641361430287361,4677,0.04878060985356569,512,1635,248,6pqq,0.07636063685640693,2.200145391281694
0.7090997691266239,4678,0.08204950299113989,512,3734,384,7lv9,0.01734602777287364,0.8948583342134953
0.07960857497528195,4679,0.06861956184729934,96,3458,384,3bm3,0.0109114283695817,0.227141791023314
0.5568771990947425,4680,0.06974907591938972,512,2690,384,5rwa,0.007901295088231564,0.6905401512049139
0.6384245110675693,4681,0.07198302634060383,512,2659,375,5cbi,0.012323990929871798,0.7846763101406395
0.19753376860171556,4682,0.06526273116469383,512,2708,371,4oi1,0.11972228670492768,0.43921378534287214
2.9528422690927982,4683,0.10044824983924627,512,2879,380,6l4q,0.016826125793159008,3.1501058619469404
0.5651207338087261,4684,0.06065469793975353,512,3016,296,6qil,0.006708822678774595,0.6875565489754081
0.6794499410316348,4685,0.09877567086368799,512,3203,384,5hp3,0.26200669212266803,1.1546144960448146
0.18499108776450157,4686,0.06927014980465174,512,2605,371,3g5a,0.006764527875930071,0.3123629600740969
0.36501912120729685,4687,0.04518497223034501,512,1790,277,3nw9,0.003982050810009241,0.4486573156900704
0.8338889302685857,4688,0.08442504797130823,512,3073,384,2z23,0.008450523018836975,0.990069498308003
1.643040302209556,4689,0.07371098920702934,512,2874,382,2c6c,0.024860789999365807,1.833502930123359
1.7600637502036989,4690,0.06631555128842592,512,3074,384,7mbv,0.18048776220530272,2.1984476330690086
5.54791255434975,4691,0.07598404306918383,512,2668,330,6v01,0.08502827724441886,5.856239941902459
0.7324929456226528,4692,0.07387728104367852,512,2924,380,3mwd,0.013206783216446638,0.8867975049652159
0.11452644411474466,4693,0.02247526589781046,512,1423,178,6fbx,0.003188496455550194,0.1668453849852085
10.937164415139705,4694,0.19146127998828888,512,5992,384,4v7e,0.32266373513266444,11.86827499512583
3.829563982319087,4695,0.09416269976645708,512,2686,384,5lsp,0.020292622037231922,4.024345662910491
0.060017737094312906,4696,0.043306717183440924,512,2378,263,2q10,0.005471709184348583,0.1547425677999854
0.8291941373609006,4697,0.05670141102746129,512,2383,322,7kl1,0.006444549188017845,0.9396389639005065
8.414029555860907,4698,0.25866577541455626,512,7241,384,5v7q,0.26383391208946705,9.338804580736905
0.18423593742772937,4699,0.06450356123968959,512,2929,384,6is9,0.007279271259903908,0.31197572592645884
10.124399792868644,4700,0.250958242919296,512,3001,384,2r6c,0.09113963274285197,10.699082396924496
0.05713623482733965,4701,0.06694728275761008,44,3404,360,1wvl,0.006863873917609453,0.19104851502925158
0.6550298370420933,4702,0.05906143691390753,512,2519,364,6hcp,0.03187155909836292,0.8477309350855649
0.4971714890561998,4703,0.04131564125418663,512,2087,274,2fmz,0.004836119245737791,0.5826862170360982
0.24520019395276904,4704,0.028057371731847525,512,1311,180,4mzk,0.0030469009652733803,0.3015750637277961
0.08326088916510344,4705,0.027989082969725132,512,1431,200,5j6y,0.0030528628267347813,0.141862777993083
1.09420559508726,4706,0.06140770809724927,512,2837,384,4yzo,0.012060548178851604,1.2331038257107139
0.534823324996978,4707,0.06227058218792081,512,2414,344,1aeh,0.005355351138859987,0.6489324499852955
0.5765611059032381,4708,0.06471898406744003,512,2724,380,4zsk,0.006007502321153879,0.700053078122437
0.13221222907304764,4709,0.0450286790728569,512,2415,326,6twn,0.00535978889092803,0.22902241302654147
0.5708387289196253,4710,0.015235960017889738,512,836,114,5zi6,0.0019369940273463726,0.6052677636034787
9.812934138346463,4711,0.2894132719375193,512,5595,384,5nd9,0.19943424593657255,10.727724432945251
0.13097874075174332,4712,0.08020382886752486,153,2660,384,1y8z,0.11196013260632753,0.40613274835050106
0.4359459043480456,4713,0.06111185485497117,512,3017,384,4lgc,0.008970396127551794,0.5662837759591639
7.097208555787802,4714,0.25788003485649824,512,2949,384,6ogd,0.36575101409107447,8.392217996995896
0.02832010295242071,4715,0.041008615866303444,68,1540,253,1pmh,0.0033910046331584454,0.10117489099502563
0.11337484093382955,4716,0.036792486906051636,512,1654,250,4ofp,0.003575350157916546,0.18484521703794599
0.38711258582770824,4717,0.03477251762524247,512,2050,248,6j04,0.004500370007008314,0.46366239804774523
2.327916228212416,4718,0.09764615772292018,512,2967,384,1pkq,0.009527727961540222,2.5029703839682043
4.745414386037737,4719,0.11799823306500912,512,2664,369,7lj9,0.09407955408096313,5.263160909060389
3.3854437111876905,4720,0.15213108295574784,512,6022,384,6neq,0.22402884904295206,4.0350420218892395
6.77940053679049,4721,0.1501644141972065,512,2902,384,6u0m,0.22414570907130837,7.394971194677055
3.3234196417033672,4722,0.13056930666789412,512,4628,384,4k0k,0.09136827196925879,3.7747900737449527
1.0063039339147508,4723,0.088793003000319,512,3149,384,3mro,0.006904479581862688,1.1627300949767232
0.1596914199180901,4724,0.08422527555376291,512,1360,384,5swm,0.0045339749194681644,0.2800996331498027
0.6226203511469066,4725,0.06426456430926919,512,2327,338,1b3w,0.005206531845033169,0.7391020958311856
5.025453236885369,4726,0.2041011331602931,512,3072,384,4v4z,0.14789338409900665,5.676778955385089
3.1204955992288888,4727,0.09766746964305639,512,2374,384,1upb,0.13480631401762366,3.458023274783045
0.12831402476876974,4728,0.06800216902047396,403,3049,383,1cma,0.008686092682182789,0.26783342100679874
0.17561202216893435,4729,0.06484743487089872,512,2940,384,7bj4,0.007052576635032892,0.3074626363813877
0.2776024406775832,4730,0.06427090568467975,512,3037,384,2vq2,0.007670803926885128,0.4121493101119995
1.0575865376740694,4731,0.09108685608953238,512,2758,378,2z3k,0.008065291680395603,1.216258562169969
0.45015169214457273,4732,0.07812957931309938,512,2951,383,6qz7,0.009784688707441092,0.6015146179124713
0.4645768851041794,4733,0.06724703498184681,512,3196,381,3gox,0.008315670769661665,0.6038930690847337
0.8798164990730584,4734,0.0684807039797306,512,2865,315,7bzg,0.006212684791535139,1.0088912276551127
5.356387101113796,4735,0.08985220594331622,512,2951,384,4ktv,0.04873117804527283,5.608853999059647
1.2740475120954216,4736,0.0692433612421155,512,2268,324,2w3k,0.0052744499407708645,1.393832297064364
0.25169751700013876,4737,0.04604127397760749,512,2173,255,3clz,0.005003973841667175,0.3450820320285857
0.09464970184490085,4738,0.059651893097907305,313,2878,384,5re4,0.01015143608674407,0.2259985781274736
2.1240367898717523,4739,0.09816520055755973,512,2619,384,4o2a,0.04142290074378252,2.3806957411579788
0.010243427008390427,4740,0.005354088731110096,2,468,22,1kd4,0.0011794478632509708,0.026001775171607733
0.5076043312437832,4741,0.04710547626018524,512,2097,284,6t4o,0.004799450747668743,0.6003031232394278
0.2963818530552089,4742,0.02559714810922742,512,1596,204,5ces,0.0032956968061625957,0.35495120007544756
0.051983063109219074,4743,0.05741341458633542,6,3823,182,6ny1,0.007322721648961306,0.18214099016040564
0.26200063712894917,4744,0.01285790977999568,512,731,97,2cbp,0.0017735278233885765,0.291808292735368
0.5787961189635098,4745,0.06722679827362299,512,2562,375,2vn8,0.0074419560842216015,0.7077321298420429
1.6475910558365285,4746,0.11009559640660882,512,3451,384,4s05,0.010151997208595276,1.8425398231483996
1.912352700252086,4747,0.08007708471268415,512,2600,380,7dfc,0.0152678401209414,2.075979656074196
1.8145484449341893,4748,0.0691704647615552,512,2867,384,5o3z,0.01722265686839819,1.9776512309908867
0.017287289258092642,4749,0.011669476982206106,2,873,47,7jsb,0.0018672840669751167,0.04695933312177658
0.3256956059485674,4750,0.027790572959929705,512,977,154,3cbi,0.002392697148025036,0.3761114371009171
0.3712898651137948,4751,0.13183573633432388,512,1050,133,3upv,0.0023245499469339848,0.526434448082
1.2139335391111672,4752,0.06418359326198697,512,2286,372,1esq,0.0150891556404531,1.3548626312986016
4.912643217947334,4753,0.1067101419903338,512,2513,384,2cu0,0.029914407059550285,5.15197382401675
0.8360713850706816,4754,0.06882185209542513,512,2655,384,5dw8,0.009996687062084675,0.9741112818010151
0.6555810631252825,4755,0.051168528851121664,512,2166,276,6xzz,0.004736261907964945,0.7541763689368963
0.4680895209312439,4756,0.06505427183583379,512,2619,367,4xdu,0.00604129396378994,0.5918821380473673
1.1150527400895953,4757,0.07234431430697441,512,2662,370,1nh8,0.011826470028609037,1.2628792198374867
1.0911900070495903,4758,0.07866565324366093,512,3435,384,6dx0,0.02000560611486435,1.2797413929365575
1.0539429681375623,4759,0.07379559986293316,512,2617,371,6a8b,0.012839294970035553,1.2031519650481641
0.47249539475888014,4760,0.07550017908215523,512,3048,381,8ick,0.00778781296685338,0.6162235159426928
0.7932833298109472,4761,0.08988806279376149,512,2464,384,4zwc,0.009073449298739433,0.9490919257514179
0.3639391609467566,4762,0.0651099169626832,512,3104,384,4cqo,0.009451325982809067,0.503493791911751
1.703658199403435,4763,0.08389432774856687,512,2874,384,3epo,0.019881462678313255,1.888298436999321
1.0074568632990122,4764,0.06236468954011798,512,3124,384,3k5n,0.02763426024466753,1.1952026719227433
1.1829180037602782,4765,0.07435818295925856,512,2883,384,2xgw,0.020076198037713766,1.3590067899785936
0.549545225687325,4766,0.07483813120052218,512,2500,384,3w1t,0.07709405198693275,0.7794659449718893
1.1956980698741972,4767,0.06458287127315998,512,3122,384,6w1s,0.09334064414724708,1.5864852708764374
0.970418584998697,4768,0.07574774231761694,512,3145,384,6ei2,0.006511112675070763,1.1134656821377575
3.555531905964017,4769,0.08588209794834256,512,3497,384,5lj5,0.15104377130046487,4.125795171130449
0.44468108005821705,4770,0.046293897088617086,512,2058,275,5nf6,0.004871406126767397,0.5359455780126154
1.7309402939863503,4771,0.06682725017890334,512,2627,384,3uay,0.021618584170937538,1.9034076440148056
1.3637939309701324,4772,0.08469589706510305,512,2740,368,1x09,0.009039917029440403,1.5194802298210561
0.30916426284238696,4773,0.06493579130619764,512,2672,384,6ho9,0.10314366826787591,0.5348991709761322
2.452159638982266,4774,0.08150014700368047,512,2866,384,3bjs,0.048929359298199415,2.7274726992473006
5.306736803613603,4775,0.11508279014378786,512,1576,384,6li9,0.03867616318166256,5.561583466827869
0.09100303007289767,4776,0.05980543093755841,313,2762,384,6ubl,0.007095307111740112,0.21223373292014003
6.561263390816748,4777,0.19319690112024546,512,7386,363,5u4i,0.12081356206908822,7.179064705036581
1.5959213022142649,4778,0.06380484625697136,512,2633,370,3cf4,0.12526647606864572,1.8841992318630219
0.11770726973190904,4779,0.06586470920592546,512,3238,384,1esg,0.008235811721533537,0.2567557250149548
2.719426398165524,4780,0.08996011829003692,512,3002,384,2ppy,0.15567369479686022,3.063221976161003
0.6284503699280322,4781,0.06706488598138094,512,2471,384,2v92,0.011486372910439968,0.7636540089733899
0.4380588289350271,4782,0.057033773977309465,512,2870,378,6x0o,0.01729276916012168,0.5882286853156984
1.706377969123423,4783,0.2102307858876884,2,7869,384,7are,0.4337318018078804,2.9425507932901382
1.897973421961069,4784,0.06800136808305979,512,2768,384,1apy,0.009963944088667631,2.1584035521373153
0.3442925880663097,4785,0.058356699999421835,512,3167,354,4m41,0.017792523838579655,0.4964570961892605
0.3535868199542165,4786,0.032492201775312424,512,1638,217,2yd1,0.0034059840254485607,0.4203654108569026
1.0059052361175418,4787,0.0733687523752451,512,2943,376,1d6e,0.010762999765574932,1.1542787202633917
0.7985689071938396,4788,0.07338104397058487,512,2948,384,2pvj,0.006605280097573996,0.9363971776328981
13.665806204080582,4789,0.1456025019288063,512,4204,384,7nwi,0.3641051738522947,14.64865256426856
0.9892422761768103,4790,0.07482474623247981,512,2555,384,4ksq,0.010039566084742546,1.1303107310086489
0.9183410522527993,4791,0.08975262986496091,512,4107,384,7aoi,0.09344824636355042,1.3471217104233801
1.4003554861992598,4792,0.08084684517234564,512,3081,384,3ogk,0.0785592240281403,1.7598933428525925
0.030588839203119278,4793,0.020193377044051886,287,1358,169,4yjw,0.0031321709975600243,0.07795904064550996
0.6793276569806039,4794,0.08373852586373687,512,1993,382,1eys,0.02200039941817522,0.8618008107878268
4.817237618844956,4795,0.14948803139850497,512,5079,384,4v5p,0.3234580331481993,5.707319822628051
0.48687819484621286,4796,0.03955349512398243,512,2408,300,5drv,0.0052263797260820866,0.5741995149292052
1.6403452306985855,4797,0.07573530031368136,512,2407,384,5xwc,0.045048887841403484,1.889906242955476
6.2273909891955554,4798,0.09334412170574069,512,3301,384,6rh3,0.1696658879518509,6.649941562209278
0.01798024494200945,4799,0.01474482100456953,2,420,76,5wmj,0.0010975939221680164,0.04283932410180569
0.5185245936736465,4800,0.05959971575066447,512,2432,365,5amo,0.015742328017950058,0.6590299550443888
6.957907674834132,4801,0.16126157389953732,512,2948,384,6w6m,0.11532143596559763,7.659257352817804
0.6168856029398739,4802,0.06964650703594089,512,2048,358,7d03,0.2036945759318769,1.0716956499963999
0.6821517529897392,4803,0.06141671584919095,512,3088,375,6a2b,0.006631278898566961,0.8086220319382846
8.561116845812649,4804,0.18155959714204073,512,6465,384,7bv8,0.14930365607142448,9.369926533196121
2.898940816987306,4805,0.08554068999364972,512,2872,384,4cdg,0.014161488972604275,3.071634001098573
3.3850118652917445,4806,0.2737456811591983,512,3128,384,1zbb,0.07718757819384336,3.9226484051905572
1.6057956130243838,4807,0.06783414492383599,512,2305,340,2nw8,0.02064957097172737,1.77044345298782
2.287020840216428,4808,0.0902502010576427,512,2659,384,4asj,0.01013187924399972,2.4494135691784322
1.411029178649187,4809,0.1034615128301084,512,3506,384,3lwo,0.011964689940214157,1.600550854112953
1.5244408752769232,4810,0.07452862290665507,92,2956,384,6odm,0.5074578789062798,2.628444769885391
8.173878929112107,4811,0.1630318183451891,512,6079,384,5lzs,0.15966186998412013,8.849394730757922
1.1985551062971354,4812,0.07434946903958917,512,2922,384,3gze,0.008305001072585583,1.3424318977631629
0.3553097900003195,4813,0.06672844616696239,512,2838,380,6ona,0.026288972701877356,0.5434895837679505
0.5266186343505979,4814,0.060591091867536306,512,2944,384,5y9n,0.018923410680145025,0.6856074640527368
2.318443018011749,4815,0.10728400712832808,512,2622,384,5i7h,0.010520876850932837,2.5015956261195242
1.9110748344101012,4816,0.08751787897199392,512,2635,355,2xx5,0.007384137716144323,2.0630059470422566
1.5015630680136383,4817,0.0874406648799777,512,2918,384,1aob,0.00909162312746048,1.6611625808291137
0.24742728285491467,4818,0.05040622316300869,512,2795,344,3j47,0.006104553118348122,0.35446301521733403
2.1722295959480107,4819,0.07600065786391497,512,2955,384,5hhj,0.00996556831523776,2.323161259293556
0.13589214021340013,4820,0.05760123720392585,512,2760,384,5xnk,0.008463256992399693,0.2578772879205644
1.8518293928354979,4821,0.07456939900293946,512,2422,384,5cps,0.019162547774612904,2.01679426478222
2.70764787402004,4822,0.07556124497205019,512,2746,384,3az9,0.015641489066183567,2.869709295220673
3.553049812093377,4823,0.09999651089310646,512,2884,384,5nd7,0.025256612338125706,3.768343845847994
0.35436528408899903,4824,0.05415473831817508,512,2637,318,6hua,0.00657121604308486,0.4667724776081741
8.25211241422221,4825,0.12269927514716983,512,3912,384,6rxz,0.365965710952878,9.44604775402695
0.13862963300198317,4826,0.06134561402723193,512,2798,384,5lti,0.006312812678515911,0.26135469507426023
0.17965027503669262,4827,0.06227614497765899,512,2674,380,5u08,0.005835298914462328,0.29961636383086443
0.46107094874605536,4828,0.04067156836390495,512,2050,269,6hwz,0.004939082078635693,0.544827570207417
0.6876874598674476,4829,0.05904728313907981,512,2310,333,2ive,0.007854757830500603,0.8062651422806084
0.6696006548590958,4830,0.07894100015982985,512,2890,375,5ts8,0.00633655721321702,0.8098150547593832
6.242610098328441,4831,0.1726225046440959,512,6910,341,5j3c,0.2919113361276686,7.095150486100465
0.9651190410368145,4832,0.07641020510345697,512,2660,384,7lsr,0.013684227131307125,1.1229378432035446
0.013974910601973534,4833,0.007904701866209507,2,865,42,7jfv,0.0017941268160939217,0.0385811161249876
0.9220146918669343,4834,0.06074545066803694,512,2887,368,2rs3,0.06229843804612756,1.217785038985312
4.040751523338258,4835,0.11189574794843793,512,2829,334,6zj3,0.2965989070944488,4.823042014148086
0.7948322193697095,4836,0.19323408417403698,104,3102,384,7etm,0.22062555002048612,1.5029435590840876
0.9535208689048886,4837,0.0779741108417511,512,2570,384,5z9y,0.007969441823661327,1.0958673576824367
0.37108544213697314,4838,0.057612739969044924,512,2902,384,3avn,0.007216033060103655,0.49197844695299864
0.4756819009780884,4839,0.009331582114100456,512,498,65,4q6f,0.0013162032701075077,0.4972700080834329
0.7404248393140733,4840,0.08793871710076928,512,4114,384,4u7b,0.015722760930657387,0.9313874221406877
0.7921104771085083,4841,0.07657620497047901,512,3097,384,3mjw,0.01596684893593192,0.9588195350952446
2.255653752014041,4842,0.07645575003698468,512,2616,331,4d0m,0.05158009100705385,2.52677048696205
2.5418291459791362,4843,0.11383538832888007,512,4689,384,3lel,0.028053285088390112,2.8035207227803767
0.01151816314086318,4844,0.01875783083960414,2,389,64,4u6l,0.0056621963158249855,0.0457950453273952
0.7040363773703575,4845,0.06940010702237487,512,2851,384,3kci,0.006553583778440952,0.8347062771208584
0.809822381939739,4846,0.06476787803694606,512,2641,384,6wbt,0.02845598990097642,0.9981403383426368
0.5055861910805106,4847,0.06358296098187566,512,814,212,6gda,0.029039901215583086,0.6319998372346163
3.002443879377097,4848,0.08924767794087529,512,2767,384,7dh5,0.019143011886626482,3.1887426171451807
0.3379669999703765,4849,0.06299647409468889,512,2841,384,5h41,0.01852704817429185,0.49674445716664195
0.6371984551660717,4850,0.08214173978194594,512,4129,356,4xco,0.008323044050484896,0.8039088658988476
0.3540523196570575,4851,0.016276739072054625,512,737,108,4nmr,0.0017630401998758316,0.38745892187580466
0.6539685679599643,4852,0.05486015882343054,512,2464,306,4j78,0.005420302972197533,0.7623678520321846
1.065591047052294,4853,0.08575148601084948,512,2748,384,3kzk,0.142605303786695,1.368747588712722
0.3631925447843969,4854,0.049039597157388926,512,2473,333,4xwz,0.015605122316628695,0.49190059304237366
4.183574224822223,4855,0.08911230368539691,512,2869,384,6zjn,0.06335570616647601,4.509310880675912
0.07616628799587488,4856,0.022877170238643885,512,1361,169,5u9k,0.0028608134016394615,0.12730236817151308
0.5324419070966542,4857,0.06942771887406707,512,2180,335,6i0w,0.0050882515497505665,0.6512018111534417
5.785513645038009,4858,0.1369857802055776,512,5557,384,6r6p,0.20421234797686338,6.3951131869107485
0.5978234647773206,4859,0.06557357730343938,512,2804,374,4rgs,0.010422412771731615,0.7354273200035095
2.3376029427163303,4860,0.07813068479299545,512,2558,352,7s4c,0.014098463114351034,2.497953994665295
1.5150902401655912,4861,0.06534733390435576,512,2783,384,5mhg,0.007736396975815296,1.6455519897863269
0.868180469609797,4862,0.0732864486053586,512,2938,382,1p3d,0.009325400926172733,1.0119093270041049
3.50991627573967,4863,0.06587047316133976,512,2503,330,2yev,0.021677813958376646,3.677283826749772
0.5884546241723001,4864,0.04524234076961875,512,1444,241,6fa4,0.0036836941726505756,0.6672228220850229
2.86313643027097,4865,0.0765340169891715,512,2507,384,1e1r,0.14654774172231555,3.2273148098029196
0.7826366443186998,4866,0.07017096923664212,512,2921,384,6rie,0.20850865822285414,1.2598815942183137
0.729131902102381,4867,0.08766947407275438,512,2320,384,6rm2,0.026880651712417603,0.9258600557222962
2.491004064679146,4868,0.0992630603723228,512,2864,374,3mt9,0.028392409905791283,2.716324172914028
4.322488442063332,4869,0.0735460752621293,512,2220,362,5i8h,0.07328105997294188,4.8058058470487595
0.07825842406600714,4870,0.07699575088918209,108,3687,384,5th3,0.00979157304391265,0.23581491690129042
0.12092244112864137,4871,0.06638513505458832,512,2673,384,6a40,0.008739976212382317,0.2540779020637274
0.3815461709164083,4872,0.026906489860266447,512,1838,179,3w6v,0.003784682136029005,0.44485553074628115
0.36040459806099534,4873,0.05674980487674475,512,3240,250,1m5v,0.0067670331336557865,0.4819735889323056
0.21054057218134403,4874,0.05157061293721199,512,2692,354,7asx,0.005601651966571808,0.31900855666026473
0.5271862046793103,4875,0.06586549337953329,512,3124,384,6ulg,0.05000297864899039,0.7859176849015057
0.6881223130039871,4876,0.08315401477739215,512,3893,384,2vjv,0.008816017303615808,0.8549692500382662
0.7497666366398335,4877,0.06370785506442189,512,2108,342,5xje,0.011470354162156582,0.8799251499585807
9.21142588276416,4878,0.15763056417927146,512,6488,384,5zlu,0.29541832068935037,10.03314258204773
2.8433488528244197,4879,0.08365585515275598,512,2609,367,4mzu,0.043123967945575714,3.077236082870513
0.70205112779513,4880,0.06937987077981234,512,2630,384,4jt4,0.007350544910877943,0.8322182889096439
0.9054038901813328,4881,0.07351558795198798,512,2317,384,5krq,0.01327056298032403,1.0502906637266278
2.2511595962569118,4882,0.06565509922802448,512,2201,349,5anm,0.021016637794673443,2.411382559221238
0.05507155414670706,4883,0.01757705071941018,512,1106,143,7da6,0.0024489229544997215,0.09632935002446175
0.04596567479893565,4884,0.026045959908515215,500,1327,178,6h9z,0.0028322702273726463,0.09935021214187145
1.2157733608037233,4885,0.09578957036137581,512,2477,383,1m7g,0.008013786282390356,1.3745218943804502
0.377437103074044,4886,0.0467516859062016,512,2373,271,1d1u,0.10563773801550269,0.5750133036635816
2.366335356142372,4887,0.07035472430288792,512,2835,373,7miz,0.07931249588727951,2.7080821827985346
1.1978271598927677,4888,0.07331639574840665,512,2093,357,5ixq,0.010481012985110283,1.3362372950650752
0.2774476953782141,4889,0.025659595616161823,512,1290,181,5s1y,0.002874169033020735,0.33173063304275274
2.4521782738156617,4890,0.09048904106020927,512,4204,381,3o62,0.02575797075405717,2.6758371349424124
0.01494145905598998,4891,0.011234563309699297,2,875,52,7jnj,0.001981728710234165,0.04343304596841335
0.15595252206549048,4892,0.04087522905319929,512,1985,293,3qnt,0.004573918879032135,0.23814652999863029
0.015509372111409903,4893,0.08060456393286586,2,466,320,474d,0.0016878279857337475,0.11186494119465351
0.9708131519146264,4894,0.06639204919338226,512,2907,384,1qjy,0.05127471871674061,1.2375306668691337
1.5271590468473732,4895,0.07707459991797805,512,2334,358,3nz2,0.02733169635757804,1.7088804598897696
0.3888023002073169,4896,0.07103951601311564,512,2320,374,1e3z,0.008821907918900251,0.5216551069170237
1.906494743656367,4897,0.08653052384033799,512,2400,384,3mjs,0.009273584000766277,2.056624489836395
0.8160524009726942,4898,0.061311071272939444,512,3021,384,3muq,0.007506425958126783,0.9453419190831482
8.618982799816877,4899,0.0788046671077609,512,2932,383,6vom,0.18315983517095447,9.045225794892758
0.5685282410122454,4900,0.05723252799361944,512,2071,323,2d37,0.006637541111558676,0.676952303852886
1.7417647391557693,4901,0.07504182495176792,512,2998,384,6zt5,0.11240562330931425,1.997809023130685
0.7690148795954883,4902,0.05876126978546381,512,2088,335,5nit,0.010684472974389791,0.8923720866441727
1.289625003002584,4903,0.08962775999680161,512,3059,384,3m99,0.013625838328152895,1.464683529920876
0.465434402693063,4904,0.07014196598902345,512,3178,384,3cax,0.012678795959800482,0.6184582058340311
4.9555522059090436,4905,0.13489637104794383,512,2902,384,6zjy,0.1758060553111136,5.440506959334016
0.7772945649921894,4906,0.0834582350216806,512,2598,384,5byr,0.010338004678487778,0.9314046213403344
0.005712579004466534,4907,0.023727209772914648,2,158,88,6uf4,0.0007353969849646091,0.03572156606242061
2.9272981039248407,4908,0.08552525332197547,512,2637,372,2a5h,0.14700401714071631,3.257877954747528
6.202464865054935,4909,0.14291480695828795,512,3093,384,6d6r,0.09558835392817855,6.661656569223851
10.913082618732005,4910,0.18929796433076262,512,6574,384,7a01,0.38639850402250886,12.004668899811804
2.705081603024155,4911,0.10073725879192352,512,2360,379,2qjo,0.17161380918696523,3.0876474971883
0.6115943426266313,4912,0.05127968918532133,512,2071,298,2dpt,0.004887125920504332,0.7075744289904833
0.36067391699180007,4913,0.03820500196889043,512,1558,238,2qi1,0.0033669909462332726,0.4324103961698711
0.32248294120654464,4914,0.03126986464485526,512,1497,195,6gln,0.003144795075058937,0.3850807501003146
0.4618716170080006,4915,0.0775420949794352,512,3061,383,3uxp,0.0073878648690879345,0.6080975499935448
0.4874375397339463,4916,0.07331949332728982,512,2766,374,2e95,0.029682845808565617,0.659501391928643
0.3838484142906964,4917,0.026070985943078995,512,967,140,7npz,0.002267103176563978,0.4323965720832348
1.8962118262425065,4918,0.07671072892844677,512,2871,378,1i7q,0.022270604968070984,2.0821996238082647
0.4496735129505396,4919,0.06604033103212714,512,2668,383,2hj4,0.015786000061780214,0.6022864668630064
2.3635209118947387,4920,0.0939948121085763,512,4056,384,6m3v,0.05269908485934138,2.6683898619376123
0.6447887723334134,4921,0.07085144380107522,512,2907,384,2v3e,0.00901763467118144,0.7857420868240297
0.28343855775892735,4922,0.05654204683378339,512,1940,318,3gwl,0.004556045867502689,0.3820020998828113
0.7082985579036176,4923,0.08057725429534912,512,2969,384,1jw0,0.011485121678560972,0.8658102788031101
0.36566990800201893,4924,0.08031400199979544,512,3026,384,1oe5,0.009726291056722403,0.5181129439733922
2.9695040532387793,4925,0.07944726012647152,512,2529,384,6uv5,0.09285613102838397,3.325356259010732
0.2300306549295783,4926,0.0701513341628015,512,3429,384,4x4q,0.010620363056659698,0.3797486526891589
0.34669497003778815,4927,0.0600706497207284,512,2204,359,4ax7,0.006691962946206331,0.45949062425643206
5.815747713204473,4928,0.10837837914004922,512,4101,384,6zu9,0.22501966916024685,6.424002900719643
0.17658001417294145,4929,0.04249114356935024,512,1691,276,6piv,0.003718579187989235,0.2551574460230768
1.2421475411392748,4930,0.19952203566208482,512,3645,384,5fur,0.0948592103086412,1.7730877585709095
0.327230216935277,4931,0.0884653851389885,512,3442,384,7ctt,0.02748472196981311,0.5374812879599631
1.0482050362043083,4932,0.0854291939176619,512,2645,384,5hk9,0.010384975001215935,1.2059344155713916
0.030470549128949642,4933,0.02366030588746071,40,1581,197,5al6,0.003113234881311655,0.08519061701372266
0.49293986801058054,4934,0.025807985104620457,512,1342,174,6syf,0.0027001132257282734,0.5471725636161864
0.011557238176465034,4935,0.03395101195201278,2,412,125,4u6k,0.005936108063906431,0.06234398391097784
1.8515917658805847,4936,0.22197061404585838,512,4333,384,6iro,0.04447503620758653,2.2649353058077395
3.579262633342296,4937,0.07445849385112524,512,2752,384,6p6j,0.01909055421128869,3.751270321197808
0.1860384438186884,4938,0.048250080086290836,512,1623,277,2qir,0.004953369963914156,0.27223172690719366
0.013394074980169535,4939,0.00776358786970377,2,813,39,6ia2,0.0017695613205432892,0.03755651926621795
0.2040031417272985,4940,0.047231584787368774,512,2724,300,4ux5,0.006180505268275738,0.3093713279813528
1.7337077111005783,4941,0.09247124195098877,512,2965,384,6w52,0.016027642879635096,1.9179475391283631
2.6830153851769865,4942,0.08018781617283821,512,2759,352,6q9b,0.05945635074749589,2.9892385797575116
1.0518961660563946,4943,0.06396432593464851,512,3174,384,6m6v,0.009899073746055365,1.1911174110136926
2.1884787371382117,4944,0.08397353999316692,512,4085,384,3tu4,0.034115409944206476,2.427994533907622
10.992030082736164,4945,0.33869924303144217,512,6998,384,5aj0,0.2849092213436961,12.189563958905637
7.55308518698439,4946,0.131708478089422,512,4017,384,6zqe,0.3715251060202718,8.533252569846809
0.15418523782864213,4947,0.05604630010202527,512,3051,384,5utk,0.010577884037047625,0.2831941023468971
0.09566321410238743,4948,0.03826127899810672,512,1763,257,4k84,0.0037793931551277637,0.17127199191600084
0.4936845637857914,4949,0.07068148627877235,512,2635,345,3ogd,0.00578593835234642,0.6228490201756358
0.526290079113096,4950,0.06880743009969592,512,2919,384,4bpl,0.008165318984538317,0.6621838980354369
0.21995135536417365,4951,0.023986526764929295,512,1701,169,4evv,0.0038702418096363544,0.27926967898383737
0.0422850688919425,4952,0.14539843471720815,225,2115,263,6jdp,0.004755509085953236,0.22972131799906492
1.0997073780745268,4953,0.061017241794615984,512,2710,355,5jyl,0.006340255029499531,1.2188595090992749
1.1236060010269284,4954,0.06131207337602973,512,2484,340,5a04,0.012778912670910358,1.2579395598731935
0.9080418241210282,4955,0.07112889410927892,512,3062,384,1l1o,0.013913807924836874,1.0654910602606833
9.464004813227803,4956,0.12154462886974216,512,4808,384,4v6i,0.310054917819798,10.319005883298814
0.8659628620371222,4957,0.07166462717577815,512,2858,384,1ylh,0.009728254284709692,1.008524838835001
0.14266612194478512,4958,0.19313887087628245,512,7860,384,6t3s,0.01687819417566061,0.4958994798362255
0.7993641551584005,4959,0.07064442709088326,512,3300,384,1r0a,0.026681560091674328,0.9949839003384113
1.6002101562917233,4960,0.07668828824535012,512,2754,384,4fwo,0.013386831153184175,1.7571270549669862
0.58752496028319,4961,0.07166876411065459,512,2807,327,3gpy,0.006166019011288881,0.7191117480397224
1.2196825621649623,4962,0.20304182404652238,2,7865,384,6by7,0.2792352349497378,2.0980363520793617
1.2692703558132052,4963,0.07611407293006778,512,2693,384,3cuu,0.0145864961668849,1.4270588071085513
8.653827622067183,4964,0.16771135199815035,512,6316,384,6enj,0.3410754771903157,9.59778751526028
1.5343320579268038,4965,0.0874778376892209,512,3334,336,5v3j,0.007108983118087053,1.6904320800676942
2.0288629229180515,4966,0.1784765450283885,209,3067,384,6ogz,0.295911171939224,2.8626982970163226
0.8657795009203255,4967,0.0484647317789495,512,2451,310,2y31,0.009657331276685,0.9777476079761982
1.8160428190603852,4968,0.07834019884467125,512,2832,384,6i5y,0.014001450967043638,1.9768788339570165
0.22331149503588676,4969,0.04504410130903125,512,2401,308,3l81,0.005319664254784584,0.3180218171328306
4.803312610834837,4970,0.11928448919206858,512,3557,384,6nzo,0.042235786095261574,5.099857138004154
0.7412604591809213,4971,0.06960188690572977,512,2658,384,2vos,0.008725779131054878,0.8767699189484119
0.5849262094125152,4972,0.0324054011143744,512,1559,202,6du3,0.0033988910727202892,0.6506964159198105
2.1804676479659975,4973,0.06924850586801767,512,3107,384,6ppn,0.012643078807741404,2.3299723179079592
8.059259525034577,4974,0.21738844411447644,512,3011,384,7eg7,0.3291554427705705,9.209823813289404
3.906343588139862,4975,0.0748484549112618,512,3125,384,6y9b,0.04051016829907894,4.150140116922557
0.7004765719175339,4976,0.06584454700350761,512,3006,384,5k14,0.016657281201332808,0.8591749449260533
0.31149325193837285,4977,0.06503929756581783,512,2859,384,2a8q,0.010178938042372465,0.4460110371001065
0.23828664934262633,4978,0.0462123672477901,512,2728,266,4yj0,0.005934595130383968,0.3413249058648944
0.8547139093279839,4979,0.06637050909921527,512,3021,384,4ez1,0.019372211769223213,1.0194027940742671
1.3507583248429,4980,0.06646968610584736,512,3093,383,4ian,0.014953573700040579,1.5055043534375727
0.37171482713893056,4981,0.06619633501395583,512,3011,384,5fn1,0.14666070882230997,0.7062916462309659
2.3815419101156294,4982,0.07226609298959374,512,2577,384,5l68,0.05595771409571171,2.665435174945742
6.381997713819146,4983,0.07919295504689217,512,3227,384,7adc,0.2197434902191162,6.919772380962968
0.6391503931954503,4984,0.0665816362015903,512,2984,384,2dey,0.021254954859614372,0.8121949248015881
4.580333477817476,4985,0.07134734373539686,512,2381,376,4qm1,0.14295771904289722,4.880981236230582
0.07494352385401726,4986,0.01700688526034355,512,1101,138,2wx4,0.0026702862232923508,0.11581003805622458
1.801124086137861,4987,0.07979437196627259,512,3022,384,7nnu,0.01608873810619116,1.9742675530724227
0.137122159358114,4988,0.0633662580512464,512,3047,384,1u5y,0.0072425128892064095,0.2677871538326144
0.8030745182186365,4989,0.06343379430472851,512,2890,360,3nqw,0.006152022164314985,0.9293661289848387
1.4546232242137194,4990,0.0708600408397615,512,3155,384,5jaa,0.007140592206269503,1.5918885711580515
0.1509663462638855,4991,0.05652137007564306,512,3044,384,3efz,0.009422621689736843,0.27624716702848673
10.418559846933931,4992,0.17675968492403626,512,6626,384,4v7e,0.33321840688586235,11.352808146271855
0.5797167960554361,4993,0.06325326720252633,512,2069,341,6vv5,0.19467972731217742,1.0097162523306906
3.95192215917632,4994,0.26670385990291834,512,2985,384,3jaj,0.3545968341641128,5.0116798668168485
0.9709903029724956,4995,0.070083889644593,512,3137,383,7cjq,0.006773034110665321,1.106774560175836
0.8381758756004274,4996,0.0985862361267209,512,2947,384,6ytv,0.04458901099860668,1.1116707012988627
0.9229288557544351,4997,0.07495236909016967,512,2772,384,1ycf,0.012784262653440237,1.0790000949054956
0.7506814859807491,4998,0.043285882100462914,512,1891,260,1uy9,0.004028288181871176,0.8330532400868833
0.7413109112530947,4999,0.06684740306809545,512,3037,384,2ns8,0.007405487820506096,0.8750358130782843
0.3799301413819194,5000,0.028894600924104452,512,1530,203,4gvw,0.0035221814177930355,0.44188213301822543
0.9186693360097706,5001,0.060585265047848225,512,2887,384,1dut,0.006849879398941994,1.0396195040084422
4.578764404170215,5002,0.08048322005197406,512,2908,377,6nby,0.06357638165354729,4.894338677171618
3.3595637721009552,5003,0.07295239809900522,512,2865,384,5lsp,0.021030785981565714,3.5350252580828965
3.590395155828446,5004,0.13062568381428719,512,3238,384,6ny6,0.07078112522140145,3.953592616133392
1.015632316004485,5005,0.09963490907102823,512,3348,384,6vdk,0.04916019458323717,1.3014414478093386
0.6571886516176164,5006,0.07941363798454404,512,2724,371,5jt8,0.0064487578347325325,0.7957135471515357
7.29331738082692,5007,0.09050664771348238,512,3470,384,5iy9,0.08645846089348197,7.692507455125451
0.40026544593274593,5008,0.059011299163103104,512,3090,384,5vbn,0.011714311316609383,0.5375087028369308
1.6063200780190527,5009,0.07894496200606227,512,2539,378,1a4i,0.011017658282071352,1.7576195178553462
3.454706246033311,5010,0.0872175726108253,512,2644,384,4kxx,0.021038330160081387,3.764756870921701
5.280808255076408,5011,0.07890477683395147,512,2952,384,7ngf,0.08194065699353814,5.641471653711051
0.6987826600670815,5012,0.06600057799369097,512,3264,384,1qaj,0.00905925314873457,0.8390332846902311
1.1724927481263876,5013,0.07441439433023334,512,2948,384,5nhv,0.007172491867095232,1.311952140647918
0.44867047900334,5014,0.06854566186666489,512,3675,384,6erg,0.11963686905801296,0.7266460442915559
0.7790520410053432,5015,0.07222213223576546,512,2281,360,4bn5,0.005236328113824129,0.9019893282093108
0.10353426588699222,5016,0.023024445865303278,512,1397,177,6e3j,0.0031931456178426743,0.1563471369445324
1.4225735920481384,5017,0.06712549412623048,512,2822,384,5aq8,0.1260568741708994,1.6727025862783194
1.282569709699601,5018,0.06848691124469042,512,3237,384,5v6p,0.013383244164288044,1.438025298062712
0.666468852199614,5019,0.06604969082400203,512,3444,354,2a6o,0.007969874422997236,0.8043012320995331
0.06647117901593447,5020,0.07576270680874586,182,3791,328,2fio,0.008583442773669958,0.21684380574151874
0.754416462033987,5021,0.05380532843992114,512,1988,291,5wb6,0.004718068987131119,0.8510597632266581
0.3422213988378644,5022,0.03956721303984523,512,2295,247,6uep,0.005171738099306822,0.4286377923563123
0.20173922972753644,5023,0.048251744359731674,512,2291,323,3vtd,0.005190142896026373,0.298966524656862
5.964663234073669,5024,0.256807001773268,512,8222,384,6spg,0.18906146613880992,6.981722278986126
0.7341993590816855,5025,0.05134088592603803,512,1984,287,5qtt,0.005383294075727463,0.8288636668585241
0.8909416752867401,5026,0.06480472115799785,512,2732,384,3s5s,0.011700956150889397,1.0300075630657375
1.429501811042428,5027,0.07624385692179203,112,3136,384,7etj,0.3703894796781242,2.407986579928547
0.4617740409448743,5028,0.04512077663093805,512,2362,292,2yr2,0.005183921195566654,0.5553593002259731
3.3047510581091046,5029,0.14965358097106218,512,3224,384,6fsz,0.08339663222432137,3.7579483310692012
5.661228037904948,5030,0.1917413123883307,512,3518,384,4wt8,0.138913381844759,6.281547793652862
10.515184605959803,5031,0.1582649191841483,512,6212,384,5mlc,0.15767342783510685,11.316509313881397
0.3784409277141094,5032,0.022786380723118782,512,967,140,7nqj,0.0024709338322281837,0.42312225233763456
0.3978661186993122,5033,0.06405839510262012,512,2756,370,6pzf,0.04944373480975628,0.656762049999088
1.0163361122831702,5034,0.07299392577260733,512,2626,363,6y6d,0.04048071289435029,1.2452440559864044
1.0561215346679091,5035,0.09473369922488928,512,2565,382,6fcs,0.010785173159092665,1.222487430088222
1.0783452736213803,5036,0.06551438011229038,454,2976,384,6nym,0.14004776626825333,1.7576741040684283
0.6096634939312935,5037,0.066648512147367,512,2779,384,5nyc,0.008823241107165813,0.7438903567381203
1.0521891680546105,5038,0.08989943098276854,512,4223,384,6hiy,0.28823364106938243,1.9447474121116102
0.2896504532545805,5039,0.05785401398316026,512,3127,384,5xq0,0.11433946713805199,0.5384223768487573
0.73968192236498,5040,0.06325612310320139,512,3211,384,3klf,0.01979623595252633,0.9070313693955541
8.19039109814912,5041,0.08800221187993884,512,3385,384,5x21,0.05737884482368827,8.505950464867055
0.4866372011601925,5042,0.05884003918617964,512,2545,326,1tg2,0.005562179256230593,0.5999524113722146
7.258431877940893,5043,0.10058607067912817,512,3287,384,6xij,0.13400108087807894,7.934537169057876
2.1113139782100916,5044,0.21162371896207333,512,3210,370,4cgz,0.012509078718721867,2.4073708998039365
0.23278780281543732,5045,0.020866387989372015,512,856,127,6bqa,0.0020459392108023167,0.273189309053123
0.9169507729820907,5046,0.050845499150455,512,1977,258,5f8z,0.004532831721007824,1.0106191178783774
0.1090817078948021,5047,0.06499960599467158,512,3216,384,5tsn,0.008941172156482935,0.24636505264788866
0.6763039520010352,5048,0.06682579312473536,512,2581,350,2osc,0.005714914295822382,0.797788068652153
0.29990562377497554,5049,0.03966135997325182,512,1990,256,4gba,0.004790123086422682,0.3827349357306957
1.8178891758434474,5050,0.07498645503073931,512,3042,384,4etq,0.11611694376915693,2.076993886847049
0.1464088410139084,5051,0.03438724111765623,512,2046,255,5lw6,0.004965872969478369,0.22310885088518262
1.283368996810168,5052,0.082117710262537,512,3012,384,4k3q,0.012284799013286829,1.4449556809850037
0.5970386508852243,5053,0.04244755394756794,512,2180,285,3uz0,0.005137434229254723,0.6852737190201879
0.0919662001542747,5054,0.01836128020659089,512,1206,147,2d4r,0.002862907014787197,0.13619835302233696
0.4352785428054631,5055,0.04956411197781563,512,1748,274,4ixg,0.004269029013812542,0.5242249816656113
0.5895475130528212,5056,0.03426241734996438,512,2075,193,4qr9,0.004566144198179245,0.6661064587533474
0.5806980021297932,5057,0.06914377165958285,512,2391,352,4jqk,0.005567628890275955,0.7030062121339142
0.3834860920906067,5058,0.0802917331457138,512,3340,380,4fjk,0.13646251801401377,0.6824556747451425
0.09810053883120418,5059,0.03824808495119214,512,2030,290,2qsi,0.00455968314781785,0.17836387967690825
0.3911340953782201,5060,0.05329234804958105,512,2681,337,1pqz,0.0059692212380468845,0.501055033877492
1.0300375302322209,5061,0.06476343423128128,512,3134,384,6x2u,0.024853669106960297,1.2124103317037225
0.024441468063741922,5062,0.017875932157039642,15,1114,138,3rj2,0.00251678004860878,0.06512065324932337
0.1232158187776804,5063,0.061769811902195215,512,2862,384,6n67,0.008794327732175589,0.25634469790384173
0.39152079820632935,5064,0.030571719631552696,512,1417,210,9lpr,0.0033743740059435368,0.4534700969234109
0.2553414199501276,5065,0.06307217990979552,512,2850,384,6mni,0.009544962085783482,0.3880408760160208
0.4325640141032636,5066,0.07079478120431304,512,1801,351,1k4s,0.013071911875158548,0.5681244428269565
0.4402325041592121,5067,0.04159745294600725,512,2399,310,4pz3,0.005531832110136747,0.5314091970212758
0.30716274585574865,5068,0.06444487906992435,38,2974,384,1ng0,0.0504120378755033,0.5662614479660988
0.22736449679359794,5069,0.05429247906431556,512,2683,357,1obn,0.006240749265998602,0.3382029221393168
0.03397881565615535,5070,0.02190851792693138,406,1147,161,2wcl,0.0026436373591423035,0.08084784401580691
2.9365643546916544,5071,0.07856761710718274,512,2745,353,6u0t,0.06258668098598719,3.238880030810833
1.7840307499282062,5072,0.07572126993909478,512,2974,380,7ak5,0.050581596326082945,2.0593734099529684
0.4548390689305961,5073,0.0432273019105196,512,2077,279,6eb3,0.004853341728448868,0.5419852677732706
7.464052857365459,5074,0.0793022932484746,512,3328,384,6fec,0.12685115216299891,8.082470207009465
0.12392469588667154,5075,0.03715183399617672,512,1206,226,5n7l,0.0027377125807106495,0.18837896222248673
1.8204375496134162,5076,0.08538689790293574,512,2872,384,6ghm,0.010410502087324858,1.9801808651536703
6.805064890999347,5077,0.07157431123778224,512,3029,384,1y1w,0.0697876769118011,7.13155319262296
7.659950057975948,5078,0.16414209827780724,512,4927,384,6z6n,0.44910339592024684,8.839855927973986
0.37920278776437044,5079,0.0803653309121728,512,2437,384,4w8b,0.007090799044817686,0.5185380526818335
0.5850936709903181,5080,0.06283892365172505,512,2903,358,3ipu,0.014006671961396933,0.727991552092135
0.011888267006725073,5081,0.005727998912334442,2,294,42,4rp7,0.0009170058183372021,0.02543276408687234
0.4214506377466023,5082,0.06797043699771166,512,2965,374,4ura,0.0066677569411695,0.5527516379952431
0.6576653080992401,5083,0.054643627256155014,512,2330,332,1rgs,0.005247178953140974,0.761200147215277
2.310571275651455,5084,0.08415698679164052,512,3147,384,6wcq,0.025501512922346592,2.5166275179944932
0.08388968603685498,5085,0.06585106998682022,207,3684,384,3qfq,0.008810799103230238,0.22802658611908555
1.164148773998022,5086,0.06186367804184556,512,2887,384,4yfa,0.02396110026165843,1.3396571199409664
0.5067298063077033,5087,0.06598100299015641,512,2906,384,6bw1,0.008981587830930948,0.6424127859063447
1.8698255489580333,5088,0.06580240884795785,512,2989,384,6ksp,0.049704674165695906,2.131320355925709
4.9356672670692205,5089,0.07211795775219798,512,2923,384,7ae3,0.07935756538063288,5.28856983082369
0.9989577047526836,5090,0.06522982800379395,512,2216,303,4uub,0.005342177115380764,1.1131025087088346
4.328411543741822,5091,0.09488505311310291,512,2868,384,1i7q,0.022327463142573833,4.530703022144735
3.3296572286635637,5092,0.20812979387119412,512,3211,384,5umd,0.30140342889353633,4.150151750072837
8.347537253983319,5093,0.1509715123102069,512,5881,384,3ja1,0.14423109591007233,8.97283234121278
2.3679227880202234,5094,0.0885568200610578,512,3020,384,6tmh,0.20245199697092175,2.8338777706958354
5.6811832040548325,5095,0.17744733719155192,512,7397,384,6eml,0.24106773175299168,6.4425939209759235
1.5128101678565145,5096,0.07711278507485986,512,3009,384,5oto,0.012341424822807312,1.6721303910017014
0.1400778153911233,5097,0.06020965380594134,404,2482,349,1ykb,0.01478559896349907,0.28047160990536213
0.13578318804502487,5098,0.07243779487907887,512,2677,374,1qqs,0.006620960310101509,0.26799918012693524
6.718986785970628,5099,0.08110968489199877,512,3074,384,5iy8,0.08573872735723853,7.240582725033164
0.8245754907839,5100,0.07920350832864642,512,2865,384,4muw,0.012383605353534222,0.9829142168164253
0.16110376128926873,5101,0.06471573514863849,512,2865,384,2xbm,0.009603671729564667,0.29740247409790754
1.753166131209582,5102,0.06535010319203138,512,2360,366,4nd2,0.020083483774214983,1.9137487984262407
0.8672428857535124,5103,0.06913277180865407,512,2976,374,6r7t,0.006378357298672199,0.9993487522006035
0.5848469249904156,5104,0.07370341476053,512,1810,374,5dk2,0.008835535030812025,0.7126692947931588
0.022754702251404524,5105,0.032257945742458105,2,1316,138,6v9b,0.002818363718688488,0.08157388400286436
1.748776787891984,5106,0.10119500197470188,512,3082,384,6dbj,0.05566236423328519,2.0620992849580944
1.1622244617901742,5107,0.07235483080148697,512,2636,384,5v2c,0.025913804303854704,1.355357401072979
1.0618783389218152,5108,0.06339366175234318,512,3021,384,4xgc,0.15767757967114449,1.4026480480097234
0.787701356690377,5109,0.11940441792830825,512,1160,379,2bf1,0.00786295486614108,0.9543748418800533
0.45315635576844215,5110,0.06031204620376229,512,2698,353,5isl,0.006326429080218077,0.5717092896811664
1.379268010146916,5111,0.06776419002562761,512,2642,384,5zya,0.041646295227110386,1.60990542313084
0.9414039491675794,5112,0.06272930791601539,512,2427,327,3sw7,0.005922422744333744,1.0567443231120706
0.4787418460473418,5113,0.06203135196119547,512,3280,384,3gyw,0.00868993066251278,0.6132920063100755
2.2296811849810183,5114,0.08924327604472637,512,2920,384,7jsn,0.048538764007389545,2.4979826021008193
0.3986451462842524,5115,0.050824510864913464,512,1632,288,5jvx,0.003534154035151005,0.48581627383828163
0.7598893833346665,5116,0.07074361620470881,512,2782,384,6wyk,0.006977938115596771,0.8924968880601227
0.2463450892828405,5117,0.07243600394576788,512,2715,384,5la7,0.008913540281355381,0.385855162050575
0.40767650678753853,5118,0.055043385829776525,512,2328,347,6bw5,0.014910994097590446,0.5386645924299955
0.5337342666462064,5119,0.02951073506847024,512,1781,177,7n5s,0.0036410531029105186,0.598948354832828
