draw,pdb,tokens,msa,time,loss,mse,lddt,grad_norm_double,seconds,count
0,2d2h,380,True,431,1.1885654926300049,0.023360339924693108,0.2632817029953003,3.925706837178606,2.844495987519622,0
1,3beg,379,True,196,1.2174081802368164,0.025736501440405846,0.26661980152130127,0.8224668299535451,2.146163422614336,0
2,2fsx,148,True,384,1.1884310245513916,0.03213708847761154,0.25010859966278076,0.8110854230528369,3.1766358204185963,0
3,5y6p,373,True,774,1.6672483682632446,0.10381065309047699,0.2945312261581421,2.743866618254535,2.143598947674036,0
4,5jbh,384,True,367,1.663948655128479,0.11309055984020233,0.2953348755836487,0.7845017010707813,2.04506953433156,0
5,2bvj,384,False,330,2.6770706176757812,0.20977328717708588,0.438289999961853,1.7649548365214685,1.853527057915926,0
6,5ahj,384,True,228,1.183929681777954,0.018661268055438995,0.2703741192817688,0.8501217062542059,2.1483907252550125,0
7,4y6d,384,True,415,1.0932177305221558,0.010752423666417599,0.25292056798934937,0.5859123325001439,1.9383189473301172,0
8,4qnp,384,True,997,1.157495379447937,0.02412893995642662,0.2568892240524292,0.6534785671356546,2.15696563385427,0
9,4r1l,378,True,997,1.3727712631225586,0.08310124278068542,0.2487660050392151,4.495815548575212,1.9509647767990828,0
10,5yek,384,False,1000,1.6493760347366333,0.0432751290500164,0.3552638292312622,1.8925797216031757,1.8192810416221619,0
11,4ug5,331,True,927,1.7929298877716064,0.09039535373449326,0.33718717098236084,147.14816444147928,2.2618275079876184,0
12,4j6d,384,True,194,1.2680119276046753,0.05684860795736313,0.24836790561676025,0.5741116928779237,1.9738841876387596,0
13,7c7l,384,True,1000,2.2910542488098145,0.30111950635910034,0.26111966371536255,0.8309532241293294,2.194581091403961,0
14,6h8b,350,True,561,2.355024576187134,0.25978121161460876,0.3019633889198303,3.805053756626898,1.7752510458230972,0
15,4k0e,384,True,64,1.4075086116790771,0.04955848306417465,0.2917746305465698,0.6136757524857622,1.94689548201859,0
16,5txp,383,True,1000,1.4761981964111328,0.0568222776055336,0.29739081859588623,0.6505161348654707,2.144641811028123,0
17,3dn4,195,True,896,1.3087577819824219,0.0671396255493164,0.2448028326034546,108.17808052781056,2.2910813596099615,0
18,6od4,146,True,1000,1.1781489849090576,0.04277961701154709,0.23619627952575684,19.314946208241803,1.3324075303971767,0
19,6m0x,384,True,377,1.4132260084152222,0.06874790042638779,0.2739131450653076,0.6885312648251745,2.1257162746042013,0
20,5r8v,379,True,998,1.2506186962127686,0.05535831302404404,0.24653422832489014,0.9511371216711179,1.9343835953623056,0
21,3kfc,384,True,146,1.1997665166854858,0.0304343830794096,0.2585015296936035,0.6330603313852367,2.113241955637932,0
22,3bnj,252,True,725,1.3479431867599487,0.07726822793483734,0.24574172496795654,0.6920527086489674,2.4778141789138317,0
23,4h39,366,True,1000,1.4089317321777344,0.10554935038089752,0.23749899864196777,4.199003286024376,2.0591308884322643,0
24,3sii,312,False,1000,2.526914596557617,0.23220866918563843,0.37459051609039307,2.1369069732874477,2.327401354908943,0
25,6ot3,363,True,1000,1.4242172241210938,0.07045596837997437,0.2781153917312622,46.20828355980797,2.0145269334316254,0
26,4h2o,384,False,999,2.8353540897369385,0.1980041265487671,0.492053747177124,2.199077292249808,1.9340980388224125,0
27,5c4a,384,True,630,1.3876526355743408,0.030264005064964294,0.3056418299674988,0.6286665460244569,1.9672361258417368,0
28,6osi,384,True,261,1.9850735664367676,0.20137695968151093,0.28636741638183594,0.8395257324447569,2.022062838077545,0
29,4of3,360,True,0,1.3588207960128784,0.0880088359117508,0.24550944566726685,17.74944621669883,2.082655366510153,0
30,4jzz,377,True,0,1.6590855121612549,0.11772435903549194,0.2863561511039734,15.216723479637892,1.9512920454144478,0
31,4d30,384,True,0,1.5110596418380737,0.1314801126718521,0.2404974102973938,1.3894562496580931,2.080127377063036,0
