rank,preflight_step,loss,grad_norm,seconds,gpu_gb
6,1,1.663468837738037,37.361751556396484,14.368555303663015,47.173330944
1,1,1.4308407306671143,37.361751556396484,14.371935788542032,47.806974976
7,1,1.51706862449646,37.361751556396484,14.376914546824992,47.399587328
5,1,1.3480545282363892,37.361751556396484,14.385711746290326,47.704022528
2,1,2.8378520011901855,37.361751556396484,14.380981813184917,47.206856192
3,1,1.3942700624465942,37.361751556396484,14.382433489896357,47.52287232
4,1,1.986743688583374,37.361751556396484,14.385526981204748,47.875694592
0,1,2.517869234085083,37.361751556396484,14.386549899354577,47.436690432
7,2,1.202066421508789,59.58987045288086,7.35421469155699,50.247687168
6,2,1.4610679149627686,59.58987045288086,7.365242252126336,50.089014784
5,2,1.2387967109680176,59.58987045288086,7.3516507195308805,50.513704448
1,2,2.664865493774414,59.58987045288086,7.36256742104888,50.4153344
3,2,1.530762791633606,59.58987045288086,7.351429648697376,50.367001088
0,2,1.167681097984314,59.58987045288086,7.3472174890339375,50.38181888
4,2,1.7697287797927856,59.58987045288086,7.351877326145768,50.782373888
2,2,1.4700756072998047,59.58987045288086,7.373580590821803,50.318724096
