step,train/loss,train/mse,train/smooth_lddt,train/distogram,train/contact_bce,train/observed_bce,train/msa_fraction,train/contact_time,train/lr,train/grad_norm,train/step_seconds,train/examples_seen,train/gpu_memory_gb
2,1.4797432273626328,0.07745297317160293,0.2805032692849636,1.0743988016620278,0.14487820770591497,0.1198481279425323,0.875,755.59375,8e-08,127.64108276367188,20.94662912399508,64,51.999548416
3,1.680059377104044,0.13724374306912068,0.2723135109990835,0.9392539570108056,0.12595680449157953,0.10570593783631921,0.9375,698.125,1.2000000000000002e-07,61.20109558105469,15.343848021933809,96,52.188381184
4,1.604979082942009,0.10311305650975555,0.2872554063796997,0.9053110769018531,0.1543045067228377,0.09154787007719278,0.90625,832.75,1.6e-07,25.027563095092773,15.704062032978982,128,52.336964608
5,1.6924150548875332,0.10070929495850578,0.30781592056155205,1.2519757058471441,0.18823082698509097,0.19318388774991035,0.71875,598.28125,2.0000000000000002e-07,7.443387508392334,15.381828360958025,160,52.336964608
10,1.6060384325683117,0.0954715324769495,0.2929679714143276,1.2115964679978788,0.1480041677132249,0.11320994142442942,0.8125,718.59375,4.0000000000000003e-07,23.95709991455078,14.948842420941219,320,53.567560192
20,1.452138502150774,0.0710138019057922,0.2797711882740259,1.106074540875852,0.14556283596903086,0.12600063369609416,0.9375,660.3125,8.000000000000001e-07,21.55814552307129,14.46988939982839,640,53.567560192
30,1.8589874133467674,0.174515581689775,0.2781598959118128,1.119267335627228,0.13526265998370945,0.11811532615683973,0.90625,782.4375,1.2000000000000002e-06,67.04679870605469,14.98227111902088,960,53.567560192
40,1.5518788993358612,0.07267963359481655,0.30273557640612125,1.1943170493468642,0.1332429584581405,0.10642286716029048,0.8125,765.71875,1.6000000000000001e-06,28.442615509033203,14.919781737029552,1280,53.567560192
50,1.654911246150732,0.10363461219822057,0.2987984661012888,1.1317360745742917,0.10338745033368468,0.08881107904016972,0.75,624.40625,2.0000000000000003e-06,9.659972190856934,14.680841659894213,1600,53.567560192
60,1.587029818445444,0.0893026182311587,0.29569297283887863,1.227088250219822,0.0930697291623801,0.09278356679715216,0.75,639.125,2.4000000000000003e-06,19.76279640197754,13.782503593014553,1920,54.175787008
70,1.5241734273731709,0.08338021541567286,0.2868429645895958,1.068018184043467,0.1032103361794725,0.09191365423612297,0.84375,642.78125,2.8000000000000003e-06,23.65496826171875,14.700872092042118,2240,54.175787008
80,1.7837250642478466,0.1416322786535602,0.2923281863331795,1.2570175752043724,0.09477955102920532,0.06947071384638548,0.625,739.4375,3.2000000000000003e-06,105.68427276611328,15.550217570038512,2560,54.175787008
90,1.7317485883831978,0.12582056698738597,0.2955128476023674,1.2471441705711186,0.0836103989277035,0.0639558031107299,0.78125,786.65625,3.6000000000000003e-06,94.28572082519531,14.37479489785619,2880,54.175787008
100,1.4922537580132484,0.08134441816946492,0.28195329010486603,1.0542980767786503,0.06849324645008892,0.05846777791157365,0.8125,688.65625,4.000000000000001e-06,5.993764400482178,14.679036159999669,3200,54.175787008
110,1.506909690797329,0.08345611879121861,0.2814827151596546,1.2774595515802503,0.08057950157672167,0.07725969993043691,0.8125,698.0625,4.4e-06,394.55377197265625,14.105912961997092,3520,54.175787008
120,1.5642836578190327,0.08836083665664773,0.2921751569956541,1.1582664623856544,0.06892165273893625,0.04995110566960648,0.75,760.96875,4.800000000000001e-06,5.307047367095947,14.735537753207609,3840,54.175787008
130,1.7328600361943245,0.11381725675892085,0.30834965221583843,1.185232212767005,0.07955012179445475,0.0680393137736246,0.6875,677.53125,5.2e-06,12.665996551513672,14.744465206982568,4160,54.175787008
140,1.5269992277026176,0.08554966701194644,0.28707173839211464,1.046681405045092,0.04644037946127355,0.046912155114114285,0.78125,579.0,5.600000000000001e-06,9.163412094116211,14.441271391930059,4480,54.175787008
150,1.5063067078590393,0.07460709747829242,0.2912450358271599,1.2139055388979614,0.058684233226813376,0.061258204688783735,0.78125,615.0,6e-06,2.795403480529785,16.209009926067665,4800,54.175787008
160,1.3947338461875916,0.06904059150838293,0.2707543708384037,1.0159677537158132,0.047298017190769315,0.034517181280534714,0.96875,654.5,6.4000000000000006e-06,21.15864372253418,14.90928964689374,5120,54.175787008
