category,n_total,n_predicted,success_pct,mean_lddt,mean_dockq
interface_antibody_antigen,7,7,0.0,0.5622615549233012,0.1093723392318305
interface_protein_dna,7,3,0.0,0.6957863066698332,0.0
interface_protein_ligand,7,5,0.0,0.6036326990238376,nan
interface_protein_peptide,7,7,0.0,0.6045926625467368,0.02881991961977324
interface_protein_protein,7,6,16.666666666666668,0.677285504959399,0.18290448762882336
interface_protein_rna,7,3,0.0,0.5250385354536582,0.13347701413809485
monomer_dna,4,4,nan,0.4527549799751132,nan
monomer_protein,7,7,nan,0.7412738957842822,nan
monomer_rna,7,7,nan,0.4476652204910971,nan
