dataset,stem,n_residues,n_true,marinfold_exp199,px_ss_structure,px_ss_distogram,px_msa_structure,px_msa_distogram
cameo_hard,8j4i_A,190,127,0.4645669291338583,0.1338582677165354,0.1338582677165354,0.4409448818897638,0.3307086614173228
cameo_hard,8jvx_B,39,14,0.42857142857142855,0.5714285714285714,0.3571428571428571,0.6428571428571429,0.4285714285714285
cameo_hard,8raj_A,62,13,0.8461538461538461,0.2307692307692307,0.5384615384615384,0.3076923076923077,0.5384615384615384
cameo_hard,8s3m_A,345,369,0.32791327913279134,0.084010840108401,0.1084010840108401,0.7588075880758808,0.4173441734417344
cameo_hard,8s89_A,401,341,0.25806451612903225,0.8973607038123167,0.5601173020527859,0.9002932551319648,0.5513196480938416
cameo_hard,8u1a_A,324,453,0.2052980132450331,0.6666666666666666,0.2538631346578366,0.6644591611479028,0.2516556291390728
cameo_hard,8v4w_A,207,216,0.21296296296296297,0.2268518518518518,0.2685185185185185,0.7222222222222222,0.5601851851851852
cameo_hard,8vd6_A,174,114,0.4649122807017544,0.5964912280701754,0.4122807017543859,0.5964912280701754,0.4210526315789473
cameo_hard,8vej_B,242,176,0.3409090909090909,0.7613636363636364,0.3636363636363636,0.7670454545454546,0.3636363636363636
cameo_hard,8wwc_C,113,97,0.27835051546391754,0.6597938144329897,0.4123711340206185,0.6391752577319587,0.4329896907216495
cameo_hard,8xtn_A,33,7,0.14285714285714285,0.1428571428571428,0.0,0.1428571428571428,0.0
cameo_hard,8yl4_B,207,175,0.30857142857142855,0.7428571428571429,0.4628571428571428,0.7428571428571429,0.4457142857142857
cameo_hard,8yoz_A,79,59,0.6271186440677966,0.7627118644067796,0.4576271186440678,0.7627118644067796,0.4915254237288136
cameo_hard,8zaf_A,353,389,0.18251928020565553,0.1053984575835475,0.1182519280205655,0.8277634961439588,0.480719794344473
cameo_hard,9b7d_D,192,141,0.16312056737588654,0.0283687943262411,0.1347517730496454,0.851063829787234,0.475177304964539
cameo_hard,9bch_A,198,173,0.20809248554913296,0.4046242774566474,0.3121387283236994,0.6069364161849711,0.3583815028901734
cameo_hard,9de9_B,81,62,0.45161290322580644,0.8387096774193549,0.5483870967741935,0.8548387096774194,0.5483870967741935
cameo_hard,9deb_E,83,57,0.6491228070175439,0.8421052631578947,0.5789473684210527,0.8421052631578947,0.5789473684210527
cameo_hard,9def_A,151,115,0.34782608695652173,0.8434782608695652,0.4608695652173913,0.8260869565217391,0.4608695652173913
cameo_hard,9deg_A,157,142,0.33098591549295775,0.7746478873239436,0.5492957746478874,0.795774647887324,0.5422535211267606
cameo_hard,9dl1_D,124,34,0.08823529411764706,0.1176470588235294,0.0588235294117647,0.1764705882352941,0.1470588235294117
cameo_hard,9emy_B,379,459,0.5098039215686274,0.0610021786492374,0.0718954248366013,0.8148148148148148,0.55119825708061
cameo_hard,9eqn_A,72,33,0.3333333333333333,0.2424242424242424,0.303030303030303,0.696969696969697,0.5151515151515151
cameo_hard,9eum_A,176,138,0.572463768115942,0.0942028985507246,0.0869565217391304,0.644927536231884,0.3333333333333333
cameo_hard,9f4c_A,141,65,0.2923076923076923,0.1846153846153846,0.1692307692307692,0.4615384615384615,0.3538461538461538
cameo_hard,9fdg_A,179,148,0.6959459459459459,0.6824324324324325,0.3581081081081081,0.668918918918919,0.3445945945945945
cameo_hard,9hac_B,127,111,0.3153153153153153,0.7387387387387387,0.5765765765765766,0.7297297297297297,0.5675675675675675
cameo_hard,9had_C,108,96,0.84375,0.8958333333333334,0.6770833333333334,0.90625,0.6875
cameo_hard,9isp_A,156,166,0.1566265060240964,0.0602409638554216,0.0180722891566265,0.8795180722891566,0.4457831325301205
cameo_hard,9j46_F,124,95,0.17894736842105263,0.1894736842105263,0.231578947368421,0.7684210526315789,0.4421052631578947
cameo_hard,9j5h_A,35,15,0.5333333333333333,0.4,0.6,0.3333333333333333,0.5333333333333333
cameo_hard,9k3e_C,116,116,0.1896551724137931,0.1637931034482758,0.1034482758620689,0.9310344827586208,0.4482758620689655
casp_fm,T1027-D1,168,129,0.08527131782945736,0.1317829457364341,0.1085271317829457,0.3720930232558139,0.2945736434108527
casp_fm,T1029-D1,125,92,0.2717391304347826,0.25,0.2282608695652173,0.358695652173913,0.2282608695652173
casp_fm,T1031-D1,95,87,0.22988505747126436,0.1149425287356321,0.1379310344827586,0.6206896551724138,0.5057471264367817
casp_fm,T1033-D1,100,83,0.10843373493975904,0.0240963855421686,0.0481927710843373,0.7831325301204819,0.6746987951807228
casp_fm,T1035-D1,102,70,0.18571428571428572,0.3,0.2428571428571428,0.7571428571428571,0.5857142857142857
casp_fm,T1037-D1,404,406,0.10591133004926108,0.0886699507389162,0.1231527093596059,0.6403940886699507,0.4729064039408867
casp_fm,T1038-D1,114,82,0.17073170731707318,0.1585365853658536,0.1707317073170731,0.8292682926829268,0.4512195121951219
casp_fm,T1038-D2,76,60,0.4666666666666667,0.35,0.2,0.7333333333333333,0.4333333333333333
casp_fm,T1039-D1,161,148,0.11486486486486487,0.3648648648648648,0.3716216216216216,0.777027027027027,0.6283783783783784
casp_fm,T1040-D1,130,79,0.1518987341772152,0.2025316455696202,0.2151898734177215,0.6708860759493671,0.4556962025316455
casp_fm,T1041-D1,242,219,0.091324200913242,0.0182648401826484,0.0228310502283105,0.817351598173516,0.4840182648401826
casp_fm,T1042-D1,276,210,0.09523809523809523,0.1142857142857142,0.1380952380952381,0.6333333333333333,0.5238095238095238
casp_fm,T1043-D1,148,128,0.0859375,0.046875,0.0625,0.046875,0.078125
casp_fm,T1049-D1,134,127,0.11811023622047244,0.1574803149606299,0.1653543307086614,0.9291338582677166,0.4330708661417323
casp_fm,T1104-D1,117,96,0.28125,0.5520833333333334,0.4270833333333333,0.8125,0.5104166666666666
casp_fm,T1112-D1,460,406,0.3916256157635468,0.3571428571428571,0.3054187192118227,0.8472906403940886,0.396551724137931
casp_fm,T1113-D1,167,107,0.29906542056074764,0.0747663551401869,0.1682242990654205,0.2149532710280373,0.2803738317757009
casp_fm,T1120-D1,118,65,0.3076923076923077,0.3538461538461538,0.3538461538461538,0.8769230769230769,0.4461538461538462
casp_fm,T1120-D2,110,64,0.234375,0.125,0.203125,0.671875,0.4375
casp_fm,T1121-D1,196,156,0.15384615384615385,0.0512820512820512,0.0833333333333333,0.8205128205128205,0.4487179487179487
casp_fm,T1122-D1,230,152,0.05921052631578947,0.3421052631578947,0.3881578947368421,0.2894736842105263,0.3881578947368421
casp_fm,T1123-D1,214,248,0.11290322580645161,0.189516129032258,0.1693548387096774,0.7137096774193549,0.4112903225806452
casp_fm,T1125-D1,134,93,0.25806451612903225,0.1075268817204301,0.1397849462365591,0.0967741935483871,0.1505376344086021
casp_fm,T1125-D2,148,137,0.1678832116788321,0.4014598540145985,0.291970802919708,0.4671532846715328,0.3211678832116788
casp_fm,T1125-D4,141,94,0.2978723404255319,0.3829787234042553,0.3723404255319149,0.4042553191489361,0.4361702127659574
casp_fm,T1125-D5,150,93,0.3118279569892473,0.2258064516129032,0.3333333333333333,0.3225806451612903,0.3763440860215054
denovo_pdb,1mj0_A,156,107,0.9252336448598131,0.9065420560747663,0.3644859813084112,0.897196261682243,0.3925233644859813
denovo_pdb,1qys_A,92,76,0.5921052631578947,0.7763157894736842,0.4473684210526316,0.7894736842105263,0.4210526315789473
denovo_pdb,1uw1_A,67,56,0.3392857142857143,0.8571428571428571,0.4285714285714285,0.8392857142857143,0.4464285714285714
denovo_pdb,2af5_A,292,251,0.5139442231075697,0.4382470119521912,0.3147410358565737,0.8725099601593626,0.4820717131474104
denovo_pdb,2avp_A,68,52,0.9807692307692307,0.9230769230769232,0.5,0.903846153846154,0.5384615384615384
denovo_pdb,2fkg_A,315,273,0.5347985347985348,0.4652014652014652,0.326007326007326,0.8901098901098901,0.4981684981684982
denovo_pdb,2fo7_A,136,113,0.911504424778761,0.9203539823008848,0.504424778761062,0.9203539823008848,0.5398230088495575
denovo_pdb,2hkd_A,315,273,0.5311355311355311,0.5164835164835165,0.3516483516483517,0.9304029304029304,0.4871794871794871
denovo_pdb,2hyz_A,136,121,0.9173553719008265,0.9421487603305784,0.5619834710743802,0.9173553719008264,0.5619834710743802
denovo_pdb,2i5v_O,246,205,0.43414634146341463,0.1317073170731707,0.1317073170731707,0.902439024390244,0.5073170731707317
denovo_pdb,2i5z_O,246,200,0.405,0.255,0.2,0.9,0.465
denovo_pdb,2p05_A,63,55,0.32727272727272727,0.8363636363636363,0.4181818181818181,0.8727272727272727,0.4181818181818181
denovo_pdb,2p09_A,69,51,0.35294117647058826,0.6470588235294118,0.4313725490196078,0.803921568627451,0.4117647058823529
denovo_pdb,2qyj_A,154,119,0.9159663865546218,0.9495798319327732,0.3697478991596639,0.9411764705882352,0.3529411764705882
denovo_pdb,2wqh_A,104,87,0.9540229885057471,0.942528735632184,0.5747126436781609,0.9195402298850576,0.5517241379310345
denovo_pdb,2xen_A,91,60,0.9166666666666666,0.95,0.35,0.95,0.35
denovo_pdb,2zgd_A,97,74,0.7837837837837838,0.7567567567567568,0.3918918918918919,0.7567567567567568,0.4189189189189189
denovo_pdb,2zgg_A,88,63,0.873015873015873,0.9047619047619048,0.3968253968253968,0.9047619047619048,0.3968253968253968
denovo_pdb,3dgl_A,69,53,0.22641509433962265,0.7358490566037735,0.4716981132075472,0.7735849056603774,0.4339622641509434
denovo_pdb,3dgm_A,69,53,0.2830188679245283,0.7169811320754716,0.4716981132075472,0.7924528301886793,0.4528301886792453
denovo_pdb,3dgn_A,69,49,0.32653061224489793,0.7142857142857143,0.4489795918367347,0.7755102040816326,0.4285714285714285
denovo_pdb,3dgo_A,69,52,0.3269230769230769,0.75,0.4615384615384615,0.8076923076923077,0.4230769230769231
denovo_pdb,3lt8_A,69,56,0.2857142857142857,0.8035714285714286,0.4642857142857143,0.7678571428571429,0.4464285714285714
denovo_pdb,3lt9_A,69,56,0.30357142857142855,0.8035714285714286,0.4642857142857143,0.75,0.4464285714285714
denovo_pdb,3lta_A,69,53,0.24528301886792453,0.7735849056603774,0.4528301886792453,0.8113207547169812,0.4150943396226415
denovo_pdb,3ltb_A,69,50,0.28,0.68,0.42,0.76,0.4
denovo_pdb,3ltc_A,69,53,0.2641509433962264,0.7169811320754716,0.4716981132075472,0.7924528301886793,0.4339622641509434
denovo_pdb,3ltd_A,69,49,0.2857142857142857,0.7346938775510204,0.3877551020408163,0.8367346938775511,0.3673469387755102
denovo_pdb,3o49_A,123,134,0.8582089552238806,0.417910447761194,0.2611940298507462,0.9552238805970148,0.4850746268656716
denovo_pdb,3o4b_A,123,145,0.8413793103448276,0.1862068965517241,0.2758620689655172,0.9655172413793104,0.503448275862069
denovo_pdb,3o4c_A,124,142,0.8450704225352113,0.1478873239436619,0.2323943661971831,0.943661971830986,0.5
denovo_pdb,3o4d_A,123,148,0.8581081081081081,0.25,0.2229729729729729,0.945945945945946,0.5067567567567568
denovo_pdb,3og3_A,242,231,0.7402597402597403,0.0779220779220779,0.1255411255411255,0.8008658008658008,0.4025974025974026
denovo_pdb,3p6i_A,127,153,0.7254901960784313,0.2026143790849673,0.2745098039215686,0.934640522875817,0.5424836601307189
denovo_pdb,3p6j_A,125,141,0.7659574468085106,0.3687943262411347,0.2836879432624113,0.5957446808510638,0.3546099290780142
denovo_pdb,3pg0_A,140,184,0.8967391304347826,0.2282608695652173,0.2391304347826087,0.9239130434782608,0.5217391304347826
denovo_pdb,3q7w_A,124,139,0.8705035971223022,0.9280575539568344,0.4964028776978417,0.920863309352518,0.4748201438848921
denovo_pdb,3q7x_A,125,130,0.8384615384615385,0.9076923076923076,0.4769230769230769,0.9230769230769232,0.4769230769230769
denovo_pdb,3q7y_A,124,137,0.8102189781021898,0.8978102189781022,0.5109489051094891,0.8978102189781022,0.5255474452554745
denovo_pdb,3qa9_A,142,144,0.7222222222222222,0.4583333333333333,0.3541666666666667,0.875,0.4791666666666667
denovo_pdb,3rfn_A,151,145,0.6068965517241379,0.193103448275862,0.193103448275862,0.9103448275862068,0.4689655172413793
denovo_pdb,3teu_A,98,74,0.8378378378378378,0.7972972972972973,0.3648648648648648,0.8243243243243243,0.3783783783783784
denovo_pdb,3v1a_A,48,24,0.8333333333333334,0.7916666666666666,0.7916666666666666,0.8333333333333334,0.7916666666666666
denovo_pdb,3v45_A,166,126,0.6746031746031746,0.3571428571428571,0.2619047619047619,0.8095238095238095,0.3015873015873015
denovo_pdb,3ww9_A,251,233,0.8197424892703863,0.8884120171673819,0.3776824034334764,0.8884120171673819,0.3905579399141631
denovo_pdb,3wwa_A,251,227,0.8061674008810573,0.8854625550660793,0.2819383259911894,0.8898678414096917,0.3788546255506608
denovo_pdb,4a29_A,247,284,0.5845070422535211,0.7147887323943662,0.4894366197183099,0.897887323943662,0.454225352112676
denovo_pdb,4d8h_A,124,126,0.3968253968253968,0.1825396825396825,0.238095238095238,0.9126984126984128,0.492063492063492
denovo_pdb,4db6_A,197,156,0.8333333333333334,0.8846153846153846,0.5512820512820513,0.8846153846153846,0.5512820512820513
denovo_pdb,4drt_A,352,317,0.6719242902208202,0.1577287066246056,0.1861198738170347,0.8359621451104101,0.4290220820189274
denovo_pdb,4dui_A,165,109,0.926605504587156,0.8532110091743119,0.3853211009174312,0.8440366972477065,0.4128440366972477
denovo_pdb,4ess_A,158,124,0.75,0.3548387096774194,0.25,0.8548387096774194,0.3225806451612903
denovo_pdb,4etj_A,164,113,0.7168141592920354,0.3274336283185841,0.2743362831858407,0.8584070796460177,0.3539823008849557
denovo_pdb,4gvw_A,192,163,0.7668711656441718,0.1104294478527607,0.1226993865030674,0.9263803680981596,0.4049079754601227
denovo_pdb,4hxt_A,247,199,0.8592964824120602,0.9045226130653268,0.4824120603015075,0.8994974874371859,0.4623115577889447
denovo_pdb,4ijb_A,244,237,0.5738396624472574,0.6877637130801688,0.4177215189873418,0.8016877637130801,0.3966244725738396
denovo_pdb,4j8y_A,157,106,0.9150943396226415,0.8867924528301887,0.3867924528301887,0.9056603773584906,0.3867924528301887
denovo_pdb,4lny_A,248,268,0.582089552238806,0.3283582089552239,0.2761194029850746,0.8694029850746269,0.4365671641791044
denovo_pdb,4lpx_A,97,70,0.7857142857142857,0.6428571428571429,0.4857142857142857,0.6571428571428571,0.4428571428571428
denovo_pdb,4lt9_A,250,236,0.5211864406779662,0.6567796610169492,0.4279661016949153,0.7330508474576272,0.4194915254237288
denovo_pdb,4n6t_A,79,83,0.8192771084337349,0.891566265060241,0.5060240963855421,0.891566265060241,0.4819277108433735
denovo_pdb,4n6u_A,79,83,0.8192771084337349,0.891566265060241,0.4698795180722891,0.891566265060241,0.4457831325301205
denovo_pdb,4ndj_A,280,285,0.14035087719298245,0.0561403508771929,0.0701754385964912,0.8280701754385965,0.4701754385964912
denovo_pdb,4nez_A,160,120,0.6333333333333333,0.2083333333333333,0.2333333333333333,0.225,0.2
denovo_pdb,4oxw_A,106,103,0.8446601941747572,0.8446601941747572,0.5533980582524272,0.8058252427184466,0.5631067961165048
denovo_pdb,4oza_A,57,43,0.5581395348837209,0.813953488372093,0.4418604651162791,0.7906976744186046,0.4418604651162791
denovo_pdb,4ozc_A,57,36,0.5833333333333334,0.9166666666666666,0.4722222222222222,0.8888888888888888,0.4722222222222222
denovo_pdb,4pjr_A,175,126,0.753968253968254,0.8412698412698413,0.5238095238095238,0.8412698412698413,0.5396825396825397
denovo_pdb,4pjs_A,175,107,0.7383177570093458,0.7570093457943925,0.4205607476635514,0.7757009345794392,0.4205607476635514
denovo_pdb,4pq8_A,241,242,0.8636363636363636,0.9380165289256198,0.5454545454545454,0.9132231404958676,0.4834710743801653
denovo_pdb,4psj_A,255,241,0.7717842323651453,0.8257261410788381,0.5020746887966805,0.8547717842323651,0.4813278008298755
denovo_pdb,4pww_A,85,87,0.7701149425287356,0.7011494252873564,0.5057471264367817,0.6781609195402298,0.5287356321839081
denovo_pdb,4qkr_A,125,141,0.8652482269503546,0.9219858156028368,0.4680851063829787,0.9078014184397164,0.4964539007092198
denovo_pdb,4qks_A,124,139,0.8489208633093526,0.2589928057553957,0.2302158273381295,0.9064748201438848,0.5323741007194245
denovo_pdb,4r5c_A,304,314,0.8662420382165605,0.9140127388535032,0.5063694267515924,0.910828025477707,0.4872611464968153
denovo_pdb,4r6f_A,329,345,0.7942028985507247,0.8289855072463768,0.472463768115942,0.9130434782608696,0.4753623188405797
denovo_pdb,4u3h_A,100,72,0.8194444444444444,0.8055555555555556,0.4444444444444444,0.8194444444444444,0.4027777777777778
denovo_pdb,4uos_A,188,149,0.6577181208053692,0.8456375838926175,0.6644295302013423,0.8456375838926175,0.6644295302013423
denovo_pdb,4wpy_A,88,42,0.5238095238095238,0.3095238095238095,0.3333333333333333,0.7857142857142857,0.2857142857142857
denovo_pdb,4wsp_A,79,41,0.6097560975609756,0.5853658536585366,0.3902439024390244,0.8292682926829268,0.2682926829268293
denovo_pdb,4yxx_A,208,180,0.5888888888888889,0.8777777777777778,0.3944444444444444,0.8833333333333333,0.3888888888888889
denovo_pdb,4yxz_A,278,191,0.4869109947643979,0.8219895287958116,0.4607329842931937,0.837696335078534,0.450261780104712
denovo_pdb,4z08_A,253,244,0.7172131147540983,0.7663934426229508,0.4180327868852459,0.9098360655737704,0.3893442622950819
denovo_pdb,5bvl_A,180,235,0.6978723404255319,0.8425531914893617,0.502127659574468,0.851063829787234,0.502127659574468
denovo_pdb,5cwb_A,197,188,0.7180851063829787,0.8617021276595744,0.5585106382978723,0.8723404255319149,0.5638297872340425
denovo_pdb,5cwc_A,196,182,0.6318681318681318,0.934065934065934,0.4065934065934066,0.9395604395604396,0.4065934065934066
denovo_pdb,5cwd_A,171,124,0.532258064516129,0.8306451612903226,0.2580645161290322,0.8306451612903226,0.25
denovo_pdb,5cwg_A,195,174,0.6264367816091954,0.896551724137931,0.4137931034482758,0.9022988505747126,0.4080459770114942
denovo_pdb,5cwh_A,159,115,0.7565217391304347,0.8695652173913043,0.5478260869565217,0.8695652173913043,0.5565217391304348
denovo_pdb,5cwi_A,233,170,0.5058823529411764,0.8588235294117647,0.3058823529411765,0.8705882352941177,0.3
denovo_pdb,5cwj_A,160,157,0.7961783439490446,0.8980891719745223,0.4840764331210191,0.8853503184713376,0.4840764331210191
denovo_pdb,5cwk_A,172,149,0.8456375838926175,0.9261744966442952,0.5033557046979866,0.9328859060402684,0.4899328859060403
denovo_pdb,5cwm_A,226,206,0.7912621359223301,0.8495145631067961,0.3446601941747573,0.8592233009708737,0.3398058252427184
denovo_pdb,5cwn_A,207,165,0.7818181818181819,0.9151515151515152,0.3212121212121212,0.9151515151515152,0.3090909090909091
denovo_pdb,5cwp_A,229,204,0.29411764705882354,0.8970588235294118,0.4166666666666667,0.8872549019607843,0.3970588235294117
denovo_pdb,5cwq_A,233,239,0.7824267782426778,0.8661087866108786,0.4769874476987448,0.8619246861924686,0.4728033472803347
denovo_pdb,5d2t_A,251,244,0.6926229508196722,0.7909836065573771,0.4098360655737705,0.8975409836065574,0.3852459016393442
denovo_pdb,5d2v_A,251,236,0.7076271186440678,0.7711864406779662,0.3898305084745763,0.9067796610169492,0.3898305084745763
denovo_pdb,5d2w_A,250,246,0.7113821138211383,0.7845528455284553,0.4268292682926829,0.9105691056910568,0.3983739837398374
denovo_pdb,5d2x_A,250,257,0.6848249027237354,0.3929961089494163,0.2801556420233463,0.9182879377431906,0.4163424124513619
denovo_pdb,5d2y_A,250,254,0.6456692913385826,0.2913385826771653,0.2519685039370078,0.9094488188976378,0.4094488188976378
denovo_pdb,5d30_A,250,269,0.6802973977695167,0.3754646840148699,0.3048327137546468,0.8884758364312267,0.4386617100371747
denovo_pdb,5di5_A,191,151,0.8211920529801324,0.933774834437086,0.4701986754966887,0.9205298013245032,0.5496688741721855
denovo_pdb,5dra_A,190,167,0.844311377245509,0.8562874251497006,0.4790419161676646,0.9101796407185628,0.4790419161676646
denovo_pdb,5f53_A,84,57,0.8070175438596491,0.2631578947368421,0.1403508771929824,0.8947368421052632,0.3859649122807017
denovo_pdb,5hrz_A,122,105,0.9523809523809523,0.9428571428571428,0.4952380952380952,0.9428571428571428,0.5142857142857142
denovo_pdb,5ieo_A,118,102,0.7647058823529411,0.0392156862745098,0.0196078431372549,0.8725490196078431,0.5490196078431373
denovo_pdb,5iep_A,121,100,0.82,0.13,0.12,0.86,0.56
denovo_pdb,5j0i_A,73,27,0.5555555555555556,0.7037037037037037,0.4074074074074074,0.8148148148148148,0.4074074074074074
denovo_pdb,5l0p_A,311,299,0.42474916387959866,0.1906354515050167,0.2107023411371237,0.6956521739130435,0.4280936454849498
denovo_pdb,5l33_A,106,119,0.8151260504201681,0.8991596638655462,0.6050420168067226,0.9243697478991596,0.6134453781512605
denovo_pdb,5le4_A,313,229,0.8908296943231441,0.8951965065502183,0.4323144104803493,0.9039301310043668,0.4497816593886463
denovo_pdb,5le9_A,315,233,0.8454935622317596,0.8369098712446352,0.4334763948497854,0.8583690987124464,0.4377682403433476
denovo_pdb,5lea_A,316,225,0.8888888888888888,0.88,0.4266666666666667,0.8888888888888888,0.44
denovo_pdb,5lw2_A,155,112,0.875,0.8928571428571429,0.4017857142857143,0.9107142857142856,0.3928571428571428
denovo_pdb,5od1_A,94,57,0.7543859649122807,0.7017543859649122,0.631578947368421,0.6666666666666666,0.631578947368421
denovo_pdb,5oos_A,161,122,0.8770491803278688,0.8852459016393442,0.3688524590163934,0.8934426229508197,0.3770491803278688
denovo_pdb,5oou_A,165,120,0.85,0.85,0.3583333333333333,0.875,0.3583333333333333
denovo_pdb,5op3_A,157,111,0.8918918918918919,0.8738738738738738,0.4234234234234234,0.8738738738738738,0.4234234234234234
denovo_pdb,5orm_A,350,231,0.7489177489177489,0.7705627705627706,0.3852813852813853,0.7748917748917749,0.4285714285714285
denovo_pdb,5trv_A,118,113,0.7345132743362832,0.6460176991150443,0.415929203539823,0.7610619469026548,0.504424778761062
denovo_pdb,5vjs_A,196,155,0.567741935483871,0.8516129032258064,0.6193548387096774,0.8709677419354839,0.6
denovo_pdb,5vjt_A,196,163,0.5398773006134969,0.8588957055214724,0.656441717791411,0.8895705521472392,0.6441717791411042
denovo_pdb,5vju_A,196,152,0.5,0.8092105263157895,0.625,0.7828947368421053,0.6052631578947368
denovo_pdb,5vnv_A,120,116,0.7672413793103449,0.1206896551724138,0.1551724137931034,0.7931034482758621,0.4482758620689655
denovo_pdb,5xg5_A,145,180,0.7944444444444444,0.1666666666666666,0.1888888888888888,0.95,0.5055555555555555
denovo_pdb,5ys7_A,315,274,0.5547445255474452,0.5620437956204379,0.3941605839416058,0.8978102189781022,0.5
denovo_pdb,6ais_O,244,204,0.46568627450980393,0.284313725490196,0.2058823529411764,0.8970588235294118,0.4754901960784313
denovo_pdb,6ds9_A,93,87,0.6551724137931034,0.9310344827586208,0.7126436781609196,0.9540229885057472,0.7126436781609196
denovo_pdb,6ee5_A,352,369,0.7317073170731707,0.2845528455284553,0.2520325203252032,0.8292682926829268,0.4552845528455284
denovo_pdb,6egc_A,147,159,0.7924528301886793,0.89937106918239,0.660377358490566,0.8805031446540881,0.6540880503144654
denovo_pdb,6f0s_A,251,199,0.7788944723618091,0.9045226130653268,0.321608040201005,0.9195979899497488,0.3467336683417085
denovo_pdb,6ff6_A,222,194,0.7371134020618557,0.2371134020618556,0.2010309278350515,0.7989690721649485,0.6907216494845361
denovo_pdb,6fpb_A,160,114,0.8947368421052632,0.9210526315789472,0.3859649122807017,0.9298245614035088,0.4035087719298245
denovo_pdb,6g6m_A,320,323,0.8111455108359134,0.9102167182662538,0.3962848297213622,0.8606811145510835,0.3808049535603715
denovo_pdb,6g6p_A,318,324,0.7314814814814815,0.7777777777777778,0.3055555555555556,0.7746913580246914,0.3086419753086419
denovo_pdb,6i37_A,251,205,0.7804878048780488,0.8975609756097561,0.3024390243902439,0.902439024390244,0.3170731707317073
denovo_pdb,6i38_A,251,211,0.7867298578199052,0.914691943127962,0.3554502369668246,0.9004739336492891,0.3744075829383886
denovo_pdb,6i39_A,251,202,0.7871287128712872,0.9306930693069309,0.3415841584158416,0.905940594059406,0.3564356435643564
denovo_pdb,6i3a_A,251,211,0.7393364928909952,0.1943127962085308,0.1421800947867298,0.8862559241706162,0.3791469194312796
denovo_pdb,6ics_O,242,203,0.4729064039408867,0.2857142857142857,0.2068965517241379,0.9211822660098522,0.4630541871921182
denovo_pdb,6idc_A,251,172,0.47674418604651164,0.2267441860465116,0.2209302325581395,0.8255813953488372,0.4302325581395348
denovo_pdb,6iei_A,250,169,0.5088757396449705,0.2307692307692307,0.1893491124260355,0.8047337278106509,0.4260355029585799
denovo_pdb,6jcc_A,97,79,0.4936708860759494,0.6962025316455697,0.6455696202531646,0.7974683544303798,0.6708860759493671
denovo_pdb,6mrr_A,68,54,0.6481481481481481,0.8888888888888888,0.5925925925925926,0.8888888888888888,0.5925925925925926
denovo_pdb,6mrs_A,77,66,0.7727272727272727,0.8484848484848485,0.5757575757575758,0.8484848484848485,0.5909090909090909
denovo_pdb,6n9h_A,75,39,0.8205128205128205,0.8461538461538461,0.717948717948718,0.8461538461538461,0.717948717948718
denovo_pdb,6naf_A,74,35,0.8,0.8571428571428571,0.7142857142857143,0.8571428571428571,0.7142857142857143
denovo_pdb,6nek_A,86,32,0.46875,0.40625,0.28125,0.4375,0.34375
denovo_pdb,6nla_A,56,34,0.7941176470588235,0.8529411764705882,0.4411764705882353,0.7941176470588235,0.4411764705882353
denovo_pdb,6qb2_A,95,104,0.4519230769230769,0.5096153846153846,0.4038461538461538,0.8173076923076923,0.5096153846153846
denovo_pdb,6qsd_A,250,222,0.8018018018018018,0.9234234234234234,0.3513513513513513,0.918918918918919,0.3828828828828828
denovo_pdb,6qse_A,251,201,0.7761194029850746,0.900497512437811,0.3283582089552239,0.9253731343283582,0.3432835820895522
denovo_pdb,6qsg_A,251,203,0.8177339901477833,0.9261083743842364,0.334975369458128,0.9458128078817734,0.3497536945812808
denovo_pdb,6qsh_A,246,212,0.7924528301886793,0.8537735849056604,0.2877358490566037,0.8773584905660378,0.3066037735849056
denovo_pdb,6rej_A,250,223,0.8071748878923767,0.9147982062780268,0.3228699551569506,0.9237668161434978,0.3542600896860987
denovo_pdb,6rek_A,251,224,0.8125,0.8839285714285714,0.3303571428571428,0.8928571428571429,0.3616071428571428
denovo_pdb,6rem_A,251,223,0.7937219730941704,0.8834080717488789,0.3452914798206278,0.8789237668161435,0.3677130044843049
denovo_pdb,6reo_A,251,205,0.7902439024390244,0.902439024390244,0.3317073170731707,0.8731707317073171,0.3658536585365853
denovo_pdb,6rlh_A,248,214,0.8084112149532711,0.2149532710280373,0.1121495327102803,0.897196261682243,0.3551401869158878
denovo_pdb,6rli_A,250,214,0.794392523364486,0.8598130841121495,0.322429906542056,0.9065420560747663,0.3411214953271028
denovo_pdb,6sa6_A,395,313,0.7987220447284346,0.853035143769968,0.4185303514376997,0.8626198083067093,0.4249201277955272
denovo_pdb,6tjg_A,320,357,0.865546218487395,0.927170868347339,0.4593837535014005,0.9299719887955182,0.4369747899159664
denovo_pdb,6veh_A,180,128,0.7890625,0.046875,0.078125,0.7578125,0.3828125
denovo_pdb,6w3w_A,107,108,0.7592592592592593,0.8981481481481481,0.5092592592592593,0.9166666666666666,0.5092592592592593
denovo_pdb,6w90_A,130,128,0.71875,0.703125,0.4453125,0.6796875,0.4140625
denovo_pdb,6wvs_A,182,196,0.7193877551020408,0.8928571428571429,0.5408163265306123,0.8877551020408163,0.5459183673469388
denovo_pdb,6x9z_A,120,105,0.7523809523809524,0.9047619047619048,0.2666666666666666,0.819047619047619,0.2761904761904762
denovo_pdb,6xi6_A,269,199,0.4120603015075377,0.8592964824120602,0.4170854271356783,0.864321608040201,0.4170854271356783
denovo_pdb,6xt4_A,235,169,0.5621301775147929,0.6627218934911243,0.4023668639053254,0.6627218934911243,0.4142011834319526
denovo_pdb,6y7p_A,319,322,0.8198757763975155,0.8695652173913043,0.3975155279503105,0.8664596273291926,0.3788819875776397
denovo_pdb,6ypi_A,87,57,0.6666666666666666,0.6842105263157895,0.5964912280701754,0.7017543859649122,0.6140350877192983
denovo_pdb,6yqx_A,181,221,0.6380090497737556,0.8868778280542986,0.5203619909502263,0.8506787330316742,0.4841628959276018
denovo_pdb,6yqy_A,178,237,0.70042194092827,0.8354430379746836,0.510548523206751,0.8354430379746836,0.5021097046413502
denovo_pdb,6z2i_A,168,210,0.5047619047619047,0.7714285714285715,0.4809523809523809,0.7476190476190476,0.5095238095238095
denovo_pdb,7a8s_A,190,237,0.6413502109704642,0.7341772151898734,0.4894514767932489,0.7468354430379747,0.4810126582278481
denovo_pdb,7ah0_A,104,66,0.22727272727272727,0.5909090909090909,0.3939393939393939,0.6060606060606061,0.4242424242424242
denovo_pdb,7awy_A,311,367,0.7602179836512262,0.7983651226158038,0.438692098092643,0.8010899182561307,0.4741144414168937
denovo_pdb,7awz_A,313,351,0.7834757834757835,0.8062678062678063,0.4472934472934473,0.7948717948717948,0.452991452991453
denovo_pdb,7ax0_A,317,362,0.8121546961325967,0.856353591160221,0.4447513812154696,0.8453038674033149,0.4668508287292817
denovo_pdb,7ax2_A,311,356,0.7640449438202247,0.8146067415730337,0.3707865168539326,0.8089887640449438,0.4101123595505618
denovo_pdb,7bid_A,286,292,0.8013698630136986,0.928082191780822,0.363013698630137,0.9246575342465754,0.3732876712328767
denovo_pdb,7dgu_A,97,79,0.7848101265822784,0.9113924050632912,0.6075949367088608,0.8987341772151899,0.6075949367088608
denovo_pdb,7dgw_A,94,60,0.65,0.7333333333333333,0.35,0.75,0.35
denovo_pdb,7dgy_A,99,64,0.5,0.890625,0.484375,0.890625,0.5
denovo_pdb,7dmf_A,189,159,0.3836477987421384,0.610062893081761,0.5283018867924528,0.8490566037735849,0.5723270440251572
denovo_pdb,7f1h_A,189,235,0.5106382978723404,0.0936170212765957,0.0851063829787234,0.9148936170212766,0.4340425531914894
denovo_pdb,7f1i_A,191,228,0.4956140350877193,0.1096491228070175,0.0701754385964912,0.8947368421052632,0.4385964912280701
denovo_pdb,7f1j_A,190,230,0.4652173913043478,0.0956521739130434,0.0913043478260869,0.8956521739130435,0.4304347826086956
denovo_pdb,7f1k_A,193,240,0.45,0.0708333333333333,0.075,0.8875,0.4208333333333333
denovo_pdb,7f1l_A,194,251,0.4342629482071713,0.0597609561752988,0.0836653386454183,0.900398406374502,0.4063745019920319
denovo_pdb,7hiy_A,126,93,0.8709677419354839,0.9032258064516128,0.6236559139784946,0.9032258064516128,0.5913978494623656
denovo_pdb,7hiz_A,126,91,0.8461538461538461,0.912087912087912,0.6153846153846154,0.912087912087912,0.5714285714285714
denovo_pdb,7hj0_A,126,90,0.8555555555555555,0.9111111111111112,0.6333333333333333,0.9111111111111112,0.5888888888888889
denovo_pdb,7hj1_A,126,93,0.8172043010752689,0.9032258064516128,0.6021505376344086,0.9032258064516128,0.5698924731182796
denovo_pdb,7hj2_A,126,87,0.8275862068965517,0.9080459770114944,0.5862068965517241,0.8735632183908046,0.5517241379310345
denovo_pdb,7hj3_A,126,90,0.8666666666666667,0.9111111111111112,0.6111111111111112,0.9,0.5666666666666667
denovo_pdb,7hj4_A,126,93,0.8602150537634409,0.9032258064516128,0.6021505376344086,0.913978494623656,0.5698924731182796
denovo_pdb,7hj5_A,126,91,0.8571428571428571,0.912087912087912,0.6263736263736264,0.912087912087912,0.5714285714285714
denovo_pdb,7hj6_A,126,96,0.875,0.9270833333333334,0.5833333333333334,0.9166666666666666,0.5729166666666666
denovo_pdb,7hj7_A,126,93,0.8494623655913979,0.913978494623656,0.6021505376344086,0.9032258064516128,0.5698924731182796
denovo_pdb,7hj8_A,126,94,0.851063829787234,0.9148936170212766,0.5851063829787234,0.8936170212765957,0.5531914893617021
denovo_pdb,7hj9_A,126,92,0.8369565217391305,0.9130434782608696,0.6086956521739131,0.9239130434782608,0.5760869565217391
denovo_pdb,7hja_A,126,90,0.8555555555555555,0.8888888888888888,0.6222222222222222,0.8888888888888888,0.5777777777777777
denovo_pdb,7hjb_A,126,95,0.8421052631578947,0.9052631578947368,0.6,0.8947368421052632,0.5684210526315789
denovo_pdb,7hjc_A,126,93,0.8279569892473119,0.9247311827956988,0.6129032258064516,0.913978494623656,0.5806451612903226
denovo_pdb,7hjd_A,126,93,0.8387096774193549,0.8924731182795699,0.6021505376344086,0.9032258064516128,0.5698924731182796
denovo_pdb,7hje_A,126,93,0.8602150537634409,0.913978494623656,0.6129032258064516,0.913978494623656,0.5806451612903226
denovo_pdb,7hjf_A,126,93,0.8172043010752689,0.9032258064516128,0.6021505376344086,0.913978494623656,0.5698924731182796
denovo_pdb,7hjg_A,126,98,0.8673469387755102,0.9183673469387756,0.5918367346938775,0.8979591836734694,0.5816326530612245
denovo_pdb,7hjh_A,126,92,0.8369565217391305,0.9021739130434784,0.6086956521739131,0.9130434782608696,0.5652173913043478
denovo_pdb,7hji_A,126,95,0.8631578947368421,0.8947368421052632,0.5894736842105263,0.8842105263157894,0.5578947368421052
denovo_pdb,7hjj_A,126,93,0.8387096774193549,0.913978494623656,0.6129032258064516,0.8924731182795699,0.5806451612903226
denovo_pdb,7hjk_A,126,92,0.8586956521739131,0.9021739130434784,0.6195652173913043,0.9130434782608696,0.5760869565217391
denovo_pdb,7hjl_A,126,91,0.8461538461538461,0.912087912087912,0.6043956043956044,0.9010989010989012,0.5604395604395604
denovo_pdb,7hjm_A,126,94,0.8404255319148937,0.9148936170212766,0.6063829787234043,0.925531914893617,0.5638297872340425
denovo_pdb,7hjn_A,126,90,0.8222222222222222,0.9333333333333332,0.6222222222222222,0.9,0.5666666666666667
denovo_pdb,7hjo_A,126,90,0.8222222222222222,0.9222222222222224,0.6222222222222222,0.9111111111111112,0.5777777777777777
denovo_pdb,7hjp_A,126,93,0.8709677419354839,0.913978494623656,0.6021505376344086,0.913978494623656,0.5698924731182796
denovo_pdb,7hjq_A,126,93,0.8494623655913979,0.9032258064516128,0.6021505376344086,0.8817204301075269,0.5591397849462365
denovo_pdb,7hjr_A,126,94,0.8404255319148937,0.9148936170212766,0.6063829787234043,0.9148936170212766,0.574468085106383
denovo_pdb,7hjs_A,126,90,0.8333333333333334,0.9111111111111112,0.6222222222222222,0.9111111111111112,0.5888888888888889
denovo_pdb,7hjt_A,126,90,0.8444444444444444,0.9111111111111112,0.6222222222222222,0.9111111111111112,0.5666666666666667
denovo_pdb,7hju_A,126,93,0.8602150537634409,0.913978494623656,0.6129032258064516,0.913978494623656,0.5806451612903226
denovo_pdb,7hjv_A,126,92,0.8152173913043478,0.9130434782608696,0.6086956521739131,0.9021739130434784,0.5760869565217391
denovo_pdb,7hjw_A,126,97,0.8762886597938144,0.9175257731958762,0.5876288659793815,0.9175257731958762,0.5670103092783505
denovo_pdb,7hjx_A,126,93,0.8279569892473119,0.9032258064516128,0.6129032258064516,0.8924731182795699,0.5698924731182796
denovo_pdb,7hjy_A,126,91,0.8241758241758241,0.9010989010989012,0.6153846153846154,0.9010989010989012,0.5714285714285714
denovo_pdb,7hjz_A,126,95,0.8526315789473684,0.8842105263157894,0.6,0.8842105263157894,0.5789473684210527
denovo_pdb,7hk0_A,126,96,0.8854166666666666,0.9166666666666666,0.6145833333333334,0.9166666666666666,0.59375
denovo_pdb,7hk1_A,126,90,0.8333333333333334,0.9111111111111112,0.6222222222222222,0.9111111111111112,0.5777777777777777
denovo_pdb,7hk2_A,126,95,0.8631578947368421,0.8947368421052632,0.6105263157894737,0.8947368421052632,0.5894736842105263
denovo_pdb,7hk3_A,126,92,0.8478260869565217,0.8913043478260869,0.6195652173913043,0.8695652173913043,0.5760869565217391
denovo_pdb,7hk4_A,126,96,0.875,0.90625,0.59375,0.875,0.5833333333333334
denovo_pdb,7jrq_A,127,95,0.7052631578947368,0.7052631578947368,0.5157894736842106,0.7157894736842105,0.5052631578947369
denovo_pdb,7kuw_A,62,13,0.46153846153846156,0.6923076923076923,0.1538461538461538,0.6923076923076923,0.2307692307692307
denovo_pdb,7mcc_A,190,173,0.3988439306358382,0.6820809248554913,0.4566473988439306,0.7167630057803468,0.4566473988439306
denovo_pdb,7ocm_A,174,159,0.8301886792452831,0.0754716981132075,0.0943396226415094,0.8553459119496856,0.4276729559748428
denovo_pdb,7osu_A,183,242,0.71900826446281,0.7768595041322314,0.4752066115702479,0.7892561983471075,0.4834710743801653
denovo_pdb,7osv_A,173,214,0.6869158878504673,0.8551401869158879,0.5373831775700935,0.7616822429906542,0.5327102803738317
denovo_pdb,7ot7_A,183,242,0.6900826446280992,0.8223140495867769,0.5082644628099173,0.8016528925619835,0.5
denovo_pdb,7p12_A,184,219,0.7123287671232876,0.908675799086758,0.5114155251141552,0.8264840182648402,0.4885844748858447
denovo_pdb,7qnl_AAA,240,166,0.8975903614457831,0.9397590361445785,0.4096385542168674,0.9457831325301204,0.4156626506024096
denovo_pdb,7rmx_A,229,231,0.5584415584415584,0.8614718614718615,0.5930735930735931,0.8917748917748918,0.6190476190476191
denovo_pdb,7smj_A,174,166,0.42168674698795183,0.891566265060241,0.4578313253012048,0.8734939759036144,0.463855421686747
denovo_pdb,7sq3_A,146,110,0.14545454545454545,0.7818181818181819,0.5727272727272728,0.7818181818181819,0.5818181818181818
denovo_pdb,7sq4_A,48,3,1.0,0.0,1.0,0.0,1.0
denovo_pdb,7sq5_A,140,114,0.14035087719298245,0.8508771929824561,0.5789473684210527,0.8771929824561403,0.5701754385964912
denovo_pdb,7tal_A,196,194,0.7628865979381443,0.4690721649484536,0.3917525773195876,0.8556701030927835,0.5360824742268041
denovo_pdb,7tjl_A,85,58,0.3793103448275862,0.3448275862068966,0.2586206896551724,0.3448275862068966,0.2586206896551724
denovo_pdb,7udo_A,172,148,0.5337837837837838,0.8918918918918919,0.5202702702702703,0.8918918918918919,0.5337837837837838
denovo_pdb,7uek_A,228,299,0.6555183946488294,0.862876254180602,0.6187290969899666,0.862876254180602,0.6220735785953178
denovo_pdb,7ur7_A,63,60,0.85,0.7833333333333333,0.65,0.7833333333333333,0.65
denovo_pdb,7ur8_A,71,44,0.75,0.5681818181818182,0.5,0.5909090909090909,0.4772727272727273
denovo_pdb,7vql_A,115,95,0.8210526315789474,0.7894736842105263,0.4,0.7578947368421053,0.4105263157894737
denovo_pdb,7vqv_A,115,108,0.8425925925925926,0.7592592592592593,0.3981481481481481,0.7777777777777778,0.4166666666666667
denovo_pdb,7vty_A,90,82,0.7926829268292683,0.8536585365853658,0.6463414634146342,0.8536585365853658,0.6341463414634146
denovo_pdb,7vu4_A,117,102,0.8529411764705882,0.8137254901960784,0.5196078431372549,0.8431372549019608,0.4705882352941176
denovo_pdb,8a3k_UNK,127,104,0.4326923076923077,0.8846153846153846,0.5384615384615384,0.1057692307692307,0.1923076923076923
denovo_pdb,8ah9_A,115,132,0.8560606060606061,0.9318181818181818,0.5378787878787878,0.9318181818181818,0.553030303030303
denovo_pdb,8bcs_A,49,21,0.8571428571428571,0.9523809523809524,0.7619047619047619,0.9523809523809524,0.7619047619047619
denovo_pdb,8bl3_A,141,163,0.6809815950920245,0.9263803680981596,0.50920245398773,0.9263803680981596,0.5153374233128835
denovo_pdb,8bl5_A,117,110,0.6090909090909091,0.7909090909090909,0.4818181818181818,0.8909090909090909,0.4909090909090909
denovo_pdb,8bl6_A,139,155,0.6838709677419355,0.832258064516129,0.5096774193548387,0.8709677419354839,0.5032258064516129
denovo_pdb,8bl9_A,116,108,0.6851851851851852,0.5277777777777778,0.3796296296296296,0.8148148148148148,0.4444444444444444
denovo_pdb,8bu0_A,136,124,0.9435483870967742,0.9596774193548387,0.5483870967741935,0.9435483870967742,0.5403225806451613
denovo_pdb,8ch0_A,136,125,0.944,0.944,0.536,0.928,0.544
denovo_pdb,8chy_A,272,267,0.9325842696629213,0.9438202247191012,0.5730337078651685,0.9288389513108616,0.5692883895131086
denovo_pdb,8cig_A,136,121,0.9586776859504132,0.950413223140496,0.5454545454545454,0.9586776859504132,0.5537190082644629
denovo_pdb,8ckr_A,136,127,0.9448818897637795,0.952755905511811,0.5826771653543307,0.9606299212598424,0.5905511811023622
denovo_pdb,8cmq_A,136,122,0.9262295081967213,0.9344262295081968,0.5409836065573771,0.9262295081967212,0.5327868852459017
denovo_pdb,8cqq_A,272,257,0.933852140077821,0.9455252918287936,0.556420233463035,0.9455252918287936,0.5719844357976653
denovo_pdb,8cux_B,119,99,0.32323232323232326,0.0202020202020202,0.0404040404040404,0.8383838383838383,0.4343434343434343
denovo_pdb,8d03_A,65,44,0.18181818181818182,0.6136363636363636,0.4090909090909091,0.6136363636363636,0.4090909090909091
denovo_pdb,8d05_A,60,48,0.6875,0.8333333333333334,0.4791666666666667,0.875,0.4791666666666667
denovo_pdb,8d9o_A,194,169,0.5384615384615384,0.8994082840236687,0.6568047337278107,0.8698224852071006,0.6331360946745562
denovo_pdb,8d9p_A,195,160,0.51875,0.875,0.6375,0.875,0.63125
denovo_pdb,8eov_A,139,145,0.7448275862068966,0.8551724137931035,0.7241379310344828,0.8620689655172413,0.7310344827586207
denovo_pdb,8eoz_B,227,215,0.06046511627906977,0.8372093023255814,0.6325581395348837,0.8325581395348837,0.6325581395348837
denovo_pdb,8etq_A,277,300,0.26,0.2266666666666666,0.16,0.2266666666666666,0.16
denovo_pdb,8fjf_A,127,94,0.6276595744680851,0.8297872340425532,0.4361702127659574,0.8085106382978723,0.4361702127659574
denovo_pdb,8fjg_A,104,92,0.7282608695652174,0.8043478260869565,0.6195652173913043,0.8043478260869565,0.6304347826086957
denovo_pdb,8g9j_A,201,153,0.6601307189542484,0.8562091503267973,0.4836601307189542,0.8496732026143791,0.4836601307189542
denovo_pdb,8gl3_A,189,155,0.3225806451612903,0.5548387096774193,0.4193548387096774,0.5741935483870968,0.3806451612903225
denovo_pdb,8j1w_A,175,152,0.19078947368421054,0.5394736842105263,0.4671052631578947,0.5657894736842105,0.4868421052631579
denovo_pdb,8j1x_A,174,159,0.22641509433962265,0.5786163522012578,0.4779874213836478,0.5534591194968553,0.4591194968553459
denovo_pdb,8j98_A,184,172,0.19767441860465115,0.7151162790697675,0.5348837209302325,0.7441860465116279,0.5755813953488372
denovo_pdb,8ju8_A,139,93,0.6774193548387096,0.7849462365591398,0.2150537634408602,0.7849462365591398,0.2150537634408602
denovo_pdb,8k7o_A,233,204,0.6176470588235294,0.8235294117647058,0.4068627450980392,0.8431372549019608,0.4019607843137255
denovo_pdb,8k7z_A,172,91,0.2087912087912088,0.8241758241758241,0.3956043956043956,0.8021978021978022,0.4065934065934066
denovo_pdb,8k8f_A,179,122,0.5573770491803278,0.8852459016393442,0.3278688524590163,0.8852459016393442,0.3278688524590163
denovo_pdb,8k8g_A,209,140,0.2642857142857143,0.8285714285714286,0.3642857142857142,0.8357142857142857,0.35
denovo_pdb,8k8i_A,211,91,0.4175824175824176,0.7692307692307693,0.2527472527472527,0.7692307692307693,0.2637362637362637
denovo_pdb,8ka7_A,115,87,0.39080459770114945,0.6781609195402298,0.3793103448275862,0.6896551724137931,0.3448275862068966
denovo_pdb,8kac_A,121,103,0.5436893203883495,0.8640776699029126,0.4660194174757281,0.4466019417475728,0.3689320388349514
denovo_pdb,8kc0_A,115,111,0.5495495495495496,0.8018018018018018,0.4504504504504504,0.8018018018018018,0.4414414414414414
denovo_pdb,8kc1_A,83,45,0.35555555555555557,0.7111111111111111,0.3777777777777777,0.7111111111111111,0.3777777777777777
denovo_pdb,8kc4_A,151,125,0.664,0.768,0.496,0.776,0.488
denovo_pdb,8kc8_A,227,160,0.68125,0.7,0.33125,0.6875,0.325
denovo_pdb,8kcj_A,179,122,0.5655737704918032,0.9016393442622952,0.3278688524590163,0.9016393442622952,0.3278688524590163
denovo_pdb,8kck_A,206,137,0.291970802919708,0.8540145985401459,0.3576642335766423,0.8540145985401459,0.3503649635036496
denovo_pdb,8kdq_A,233,204,0.6274509803921569,0.8235294117647058,0.4166666666666667,0.8480392156862745,0.4068627450980392
denovo_pdb,8oys_A,190,148,0.6351351351351351,0.7702702702702703,0.4189189189189189,0.7567567567567568,0.3986486486486486
denovo_pdb,8oyw_A,178,167,0.30538922155688625,0.8383233532934131,0.5149700598802395,0.8383233532934131,0.5209580838323353
denovo_pdb,8p4y_A,192,172,0.029069767441860465,0.6976744186046512,0.5755813953488372,0.7965116279069767,0.5813953488372093
denovo_pdb,8pf0_A,153,136,0.6838235294117647,0.7720588235294118,0.4632352941176471,0.6102941176470589,0.4485294117647059
denovo_pdb,8q52_A,320,296,0.6925675675675675,0.5033783783783784,0.3547297297297297,0.7736486486486487,0.429054054054054
denovo_pdb,8qad_A,145,134,0.23134328358208955,0.3805970149253731,0.3432835820895522,0.3582089552238806,0.3358208955223881
denovo_pdb,8qaf_A,59,39,0.38461538461538464,0.0769230769230769,0.2051282051282051,0.0769230769230769,0.2051282051282051
denovo_pdb,8qkd_A,281,239,0.5230125523012552,0.895397489539749,0.4142259414225941,0.895397489539749,0.405857740585774
denovo_pdb,8qup_A,114,93,0.6774193548387096,0.8172043010752689,0.6021505376344086,0.8064516129032258,0.6236559139784946
denovo_pdb,8qzn_A,346,283,0.7879858657243817,0.8904593639575972,0.4664310954063604,0.8798586572438163,0.4452296819787986
denovo_pdb,8r8o_A,262,327,0.5535168195718655,0.7798165137614679,0.4617737003058104,0.7737003058103975,0.4587155963302752
denovo_pdb,8sjf_A,107,76,0.6710526315789473,0.8026315789473685,0.4736842105263157,0.8289473684210527,0.4736842105263157
denovo_pdb,8tnm_A,136,115,0.43478260869565216,0.8260869565217391,0.5391304347826087,0.8173913043478261,0.5304347826086957
denovo_pdb,8vc8_A,197,147,0.29931972789115646,0.8843537414965986,0.4897959183673469,0.8843537414965986,0.4965986394557823
denovo_pdb,8vei_A,117,95,0.5052631578947369,0.8526315789473684,0.5368421052631579,0.8421052631578947,0.5473684210526316
denovo_pdb,8vez_A,115,107,0.822429906542056,0.8691588785046729,0.4953271028037383,0.8878504672897196,0.4859813084112149
denovo_pdb,8w97_A,135,116,0.31896551724137934,0.7931034482758621,0.4310344827586206,0.8017241379310345,0.4224137931034483
denovo_pdb,8xyr_A,165,187,0.6310160427807486,0.106951871657754,0.106951871657754,0.93048128342246,0.46524064171123
denovo_pdb,8xyu_A,169,190,0.6736842105263158,0.1,0.1,0.9263157894736842,0.4421052631578947
denovo_pdb,8xyw_A,105,106,0.7830188679245284,0.8301886792452831,0.4528301886792453,0.8584905660377359,0.4339622641509434
denovo_pdb,8y33_A,184,163,0.17791411042944785,0.7116564417177914,0.5153374233128835,0.7423312883435583,0.5521472392638037
denovo_pdb,9bk7_A,102,59,0.559322033898305,0.7288135593220338,0.3050847457627119,0.7457627118644068,0.288135593220339
denovo_pdb,9cte_A,110,84,0.7142857142857143,0.75,0.5714285714285714,0.7619047619047619,0.6190476190476191
denovo_pdb,9d01_A,369,398,0.3015075376884422,0.9020100502512562,0.5904522613065326,0.907035175879397,0.5904522613065326
denovo_pdb,9db8_A,107,74,0.6756756756756757,0.8108108108108109,0.4459459459459459,0.8108108108108109,0.4459459459459459
denovo_pdb,9db9_A,107,75,0.68,0.7866666666666666,0.44,0.7866666666666666,0.44
denovo_pdb,9dba_A,107,77,0.6233766233766234,0.7402597402597403,0.4155844155844156,0.7792207792207793,0.4025974025974026
denovo_pdb,9dbb_A,107,76,0.6710526315789473,0.8289473684210527,0.4473684210526316,0.8157894736842105,0.4473684210526316
denovo_pdb,9dbc_A,109,74,0.6081081081081081,0.7972972972972973,0.4189189189189189,0.7837837837837838,0.4459459459459459
denovo_pdb,9dbd_A,326,286,0.3986013986013986,0.5524475524475524,0.3496503496503496,0.5559440559440559,0.3426573426573426
denovo_pdb,9dbu_A,106,67,0.5671641791044776,0.8507462686567164,0.4328358208955223,0.835820895522388,0.417910447761194
denovo_pdb,9dbv_A,107,67,0.5373134328358209,0.8507462686567164,0.4029850746268656,0.8507462686567164,0.417910447761194
denovo_pdb,9dbw_A,107,70,0.5571428571428572,0.8714285714285714,0.4142857142857143,0.8571428571428571,0.4142857142857143
denovo_pdb,9dcx_A,257,231,0.329004329004329,0.9047619047619048,0.4891774891774891,0.9177489177489178,0.4718614718614718
denovo_pdb,9dd2_A,258,236,0.3305084745762712,0.8389830508474576,0.4449152542372881,0.8305084745762712,0.4449152542372881
denovo_pdb,9de4_A,106,65,0.5076923076923077,0.8307692307692308,0.4615384615384615,0.8461538461538461,0.4461538461538462
denovo_pdb,9dea_A,79,51,0.1568627450980392,0.803921568627451,0.4705882352941176,0.7843137254901961,0.4313725490196078
denovo_pdb,9ded_A,114,125,0.776,0.872,0.504,0.872,0.496
denovo_pdb,9dw2_A,126,95,0.8421052631578947,0.9052631578947368,0.6,0.9052631578947368,0.5684210526315789
denovo_pdb,9fw5_A,197,168,0.4107142857142857,0.8928571428571429,0.5297619047619048,0.8988095238095238,0.5357142857142857
denovo_pdb,9fw7_A,199,202,0.3465346534653465,0.7574257425742574,0.5148514851485149,0.7524752475247525,0.5198019801980198
denovo_pdb,9fwa_A,202,166,0.21084337349397592,0.8012048192771084,0.4698795180722891,0.8373493975903614,0.4698795180722891
denovo_pdb,9gvf_A,211,144,0.5486111111111112,0.8402777777777778,0.2847222222222222,0.8611111111111112,0.3472222222222222
denovo_pdb,9h10_A,208,142,0.5774647887323944,0.8661971830985915,0.2957746478873239,0.8661971830985915,0.2887323943661972
denovo_pdb,9h3c_A,212,142,0.528169014084507,0.8169014084507042,0.2957746478873239,0.8169014084507042,0.2887323943661972
denovo_pdb,9h4c_A,106,67,0.26865671641791045,0.5671641791044776,0.3283582089552239,0.5373134328358209,0.3134328358208955
denovo_pdb,9hag_A,112,81,0.654320987654321,0.6172839506172839,0.3086419753086419,0.6172839506172839,0.3333333333333333
denovo_pdb,9hnh_A,151,158,0.7088607594936709,0.810126582278481,0.5632911392405063,0.8164556962025317,0.5759493670886076
denovo_pdb,9jl8_A,166,182,0.7527472527472527,0.1153846153846153,0.1043956043956044,0.9175824175824177,0.4065934065934066
denovo_pdb,9jl9_A,165,184,0.7336956521739131,0.1576086956521739,0.1358695652173913,0.9184782608695652,0.4347826086956521
denovo_pdb,9jla_A,166,176,0.7329545454545454,0.1193181818181818,0.1363636363636363,0.9090909090909092,0.4261363636363636
denovo_pdb,9jwo_A,280,257,0.7509727626459144,0.7003891050583657,0.3696498054474708,0.8560311284046692,0.3929961089494163
denovo_pdb,9jwq_A,286,254,0.7322834645669292,0.6811023622047244,0.3779527559055118,0.9015748031496064,0.3858267716535433
denovo_pdb,9jwt_A,292,272,0.7242647058823529,0.6433823529411765,0.3639705882352941,0.8308823529411765,0.4191176470588235
denovo_pdb,9kgz_A,125,147,0.48299319727891155,0.8639455782312925,0.5918367346938775,0.8707482993197279,0.5986394557823129
denovo_pdb,9lm8_A,381,315,0.4222222222222222,0.7904761904761904,0.4285714285714285,0.780952380952381,0.4095238095238095
denovo_pdb,9lni_A,212,220,0.4681818181818182,0.8272727272727273,0.6181818181818182,0.8090909090909091,0.6227272727272727
denovo_pdb,9lns_A,64,41,0.8048780487804879,0.8780487804878049,0.5609756097560976,0.8780487804878049,0.5609756097560976
denovo_pdb,9mrb_A,141,105,0.21904761904761905,0.7523809523809524,0.5047619047619047,0.7619047619047619,0.4952380952380952
denovo_pdb,9mxx_A,149,166,0.41566265060240964,0.7891566265060241,0.4216867469879518,0.8132530120481928,0.4518072289156626
denovo_pdb,9n0j_A,126,104,0.8942307692307693,0.9230769230769232,0.6634615384615384,0.9326923076923076,0.6730769230769231
denovo_pdb,9qdp_A,206,140,0.21428571428571427,0.8571428571428571,0.3785714285714285,0.8571428571428571,0.3714285714285714
denovo_pdb,9qrf_A,202,215,0.7255813953488373,0.1627906976744186,0.1441860465116279,0.8697674418604651,0.5906976744186047
denovo_pdb,9quc_A,171,164,0.3353658536585366,0.5487804878048781,0.4390243902439024,0.725609756097561,0.5
denovo_pdb,9qud_A,170,154,0.3181818181818182,0.7077922077922078,0.4675324675324675,0.7662337662337663,0.5194805194805194
denovo_pdb,9qui_A,170,153,0.3202614379084967,0.7124183006535948,0.4509803921568627,0.7712418300653595,0.5098039215686274
denovo_pdb,9qul_A,169,159,0.3584905660377358,0.5723270440251572,0.4150943396226415,0.7547169811320755,0.490566037735849
denovo_pdb,9quo_A,170,162,0.345679012345679,0.7283950617283951,0.4567901234567901,0.7469135802469136,0.5061728395061729
denovo_pdb,9r00_A,129,163,0.7239263803680982,0.8466257668711656,0.5521472392638037,0.8650306748466258,0.5766871165644172
denovo_pdb,9r0z_A,100,98,0.7857142857142857,0.8571428571428571,0.5204081632653061,0.8775510204081632,0.5408163265306123
denovo_pdb,9r17_A,105,86,0.7441860465116279,0.813953488372093,0.5,0.7906976744186046,0.4651162790697674
denovo_pdb,9r1j_A,132,115,0.19130434782608696,0.1652173913043478,0.208695652173913,0.1652173913043478,0.208695652173913
denovo_pdb,9r1k_A,126,104,0.18269230769230768,0.1442307692307692,0.173076923076923,0.1442307692307692,0.173076923076923
denovo_pdb,9r1l_A,133,108,0.2777777777777778,0.8703703703703703,0.5185185185185185,0.8518518518518519,0.5092592592592593
denovo_pdb,9r1m_A,129,108,0.19444444444444445,0.1388888888888889,0.1759259259259259,0.1203703703703703,0.1759259259259259
denovo_pdb,9r1n_A,132,54,0.5740740740740741,0.5185185185185185,0.4074074074074074,0.5185185185185185,0.4074074074074074
denovo_pdb,9r2k_A,177,222,0.4009009009009009,0.8918918918918919,0.5945945945945946,0.9054054054054054,0.5990990990990991
denovo_pdb,9r7f_A,202,137,0.27007299270072993,0.8686131386861314,0.4744525547445255,0.8686131386861314,0.4817518248175182
denovo_pdb,9raa_A,208,136,0.5808823529411765,0.875,0.3088235294117647,0.875,0.3161764705882353
denovo_pdb,9raq_A,208,144,0.5763888888888888,0.8541666666666666,0.3402777777777778,0.8472222222222222,0.3472222222222222
denovo_pdb,9rar_A,208,144,0.5555555555555556,0.8541666666666666,0.3055555555555556,0.8472222222222222,0.3055555555555556
denovo_pdb,9rb0_A,208,141,0.5531914893617021,0.8581560283687943,0.3333333333333333,0.851063829787234,0.3475177304964539
denovo_pdb,9rbe_A,208,138,0.6014492753623188,0.8840579710144928,0.3405797101449275,0.8840579710144928,0.3333333333333333
denovo_pdb,9szu_A,322,336,0.30952380952380953,0.8065476190476191,0.4761904761904761,0.7976190476190477,0.4821428571428571
denovo_pdb,9tas_A,126,95,0.8315789473684211,0.9263157894736842,0.5684210526315789,0.9263157894736842,0.5684210526315789
denovo_pdb,9tau_A,120,79,0.8354430379746836,0.8354430379746836,0.5949367088607594,0.8987341772151899,0.6075949367088608
denovo_pdb,9ugr_A,181,150,0.06666666666666667,0.0266666666666666,0.0,0.02,0.0
denovo_pdb,9v3a_A,120,85,0.49411764705882355,0.8352941176470589,0.5647058823529412,0.8470588235294118,0.5529411764705883
denovo_pdb,9v4l_A,68,58,0.5344827586206896,0.8793103448275862,0.7413793103448276,0.8793103448275862,0.7413793103448276
denovo_pdb,9vp8_A,129,119,0.6554621848739496,0.226890756302521,0.2436974789915966,0.8991596638655462,0.4873949579831932
denovo_pdb,9vvn_A,167,122,0.39344262295081966,0.7213114754098361,0.3852459016393442,0.7213114754098361,0.3852459016393442
denovo_pdb,9x1w_A,88,43,0.813953488372093,0.9302325581395348,0.5348837209302325,0.9302325581395348,0.5116279069767442
denovo_pdb,9x1x_A,90,44,0.7954545454545454,0.8863636363636364,0.5227272727272727,0.8863636363636364,0.5227272727272727
denovo_pdb,9xzo_A,120,112,0.7410714285714286,0.7589285714285714,0.4553571428571428,0.7678571428571429,0.4642857142857143
foldbench100,5sbj_A,30,17,0.9411764705882353,0.8823529411764706,0.8235294117647058,0.8823529411764706,0.7647058823529411
foldbench100,7pv5_A,81,64,0.765625,0.796875,0.421875,0.859375,0.484375
foldbench100,7qp5_A,245,241,0.1950207468879668,0.1410788381742738,0.1369294605809128,0.8630705394190872,0.5062240663900415
foldbench100,7qsj_A,373,347,0.579250720461095,0.4438040345821326,0.3487031700288184,0.9279538904899136,0.4322766570605187
foldbench100,7t9r_A,38,24,0.4583333333333333,0.0,0.0416666666666666,0.75,0.4166666666666667
foldbench100,7tjb_A,227,201,0.6318407960199005,0.5522388059701493,0.3681592039800995,0.8955223880597015,0.4776119402985074
foldbench100,7tlh_A,136,114,0.5350877192982456,0.131578947368421,0.1228070175438596,0.8333333333333334,0.4122807017543859
foldbench100,7uba_A,213,208,0.27884615384615385,0.0865384615384615,0.0769230769230769,0.8894230769230769,0.5721153846153846
foldbench100,7uk8_A,394,526,0.45817490494296575,0.0969581749049429,0.1387832699619771,0.8307984790874525,0.5247148288973384
foldbench100,7ur2_A,195,137,0.5620437956204379,0.2043795620437956,0.1970802919708029,0.7591240875912408,0.3795620437956204
foldbench100,7ur7_A,70,60,0.8666666666666667,0.8333333333333334,0.65,0.8333333333333334,0.65
foldbench100,7urp_A,160,134,0.4253731343283582,0.0746268656716417,0.0373134328358208,0.917910447761194,0.4328358208955223
foldbench100,7uvg_A,183,178,0.3202247191011236,0.3202247191011236,0.2752808988764045,0.8876404494382022,0.449438202247191
foldbench100,7uww_A,635,693,0.3852813852813853,0.1861471861471861,0.2092352092352092,0.84992784992785,0.4025974025974026
foldbench100,7v3o_A,328,272,0.3860294117647059,0.0735294117647058,0.0772058823529411,0.8529411764705882,0.4301470588235294
foldbench100,7w15_A,302,303,0.636963696369637,0.1749174917491749,0.1914191419141914,0.8712871287128713,0.5115511551155115
foldbench100,7wz5_A,161,113,0.035398230088495575,0.0973451327433628,0.0530973451327433,0.8672566371681416,0.5221238938053098
foldbench100,7wzm_A,492,456,0.6907894736842105,0.2631578947368421,0.2302631578947368,0.8618421052631579,0.3837719298245614
foldbench100,7x3h_A,290,296,0.5236486486486487,0.1013513513513513,0.1554054054054054,0.7297297297297297,0.4222972972972973
foldbench100,7x4p_A,307,333,0.4954954954954955,0.051051051051051,0.081081081081081,0.8258258258258259,0.5315315315315315
foldbench100,7x8l_A,514,580,0.6551724137931034,0.0551724137931034,0.0741379310344827,0.9051724137931034,0.4172413793103448
foldbench100,7xcd_A,178,148,0.12837837837837837,0.1216216216216216,0.1486486486486486,0.7905405405405406,0.6148648648648649
foldbench100,7xg9_A,288,241,0.3941908713692946,0.4190871369294606,0.3817427385892116,0.8257261410788381,0.4605809128630705
foldbench100,7xi5_A,65,42,0.7857142857142857,0.2619047619047619,0.119047619047619,0.9047619047619048,0.5714285714285714
foldbench100,7xjr_A,337,354,0.5649717514124294,0.2542372881355932,0.2259887005649717,0.9067796610169492,0.4322033898305085
foldbench100,7xlz_A,266,265,0.5622641509433962,0.1245283018867924,0.1358490566037735,0.9132075471698112,0.460377358490566
foldbench100,7xp9_A,84,45,0.24444444444444444,0.3555555555555555,0.3555555555555555,0.7555555555555555,0.5111111111111111
foldbench100,7xq4_A,514,472,0.4597457627118644,0.7033898305084746,0.3940677966101695,0.8665254237288136,0.3940677966101695
foldbench100,7xrx_A,398,396,0.1388888888888889,0.2348484848484848,0.2121212121212121,0.8813131313131313,0.5
foldbench100,7xyr_A,591,707,0.628005657708628,0.1923620933521923,0.1994342291371994,0.8826025459688827,0.4625176803394625
foldbench100,7xz3_A,325,316,0.12974683544303797,0.110759493670886,0.0886075949367088,0.8512658227848101,0.439873417721519
foldbench100,7y3h_A,413,312,0.6538461538461539,0.1506410256410256,0.1762820512820513,0.8365384615384616,0.4775641025641026
foldbench100,7y4h_A,338,320,0.546875,0.33125,0.309375,0.896875,0.36875
foldbench100,7y54_A,100,105,0.8,0.6,0.4571428571428571,0.8857142857142857,0.5619047619047619
foldbench100,7y5j_A,102,91,0.7692307692307693,0.1098901098901098,0.1758241758241758,0.8131868131868132,0.5164835164835165
foldbench100,7y5m_A,170,148,0.5675675675675675,0.0878378378378378,0.0675675675675675,0.831081081081081,0.4527027027027027
foldbench100,7y5r_A,105,97,0.7422680412371134,0.7938144329896907,0.4536082474226804,0.8762886597938144,0.3402061855670103
foldbench100,7y8h_A,100,83,0.7951807228915663,0.8072289156626506,0.3734939759036144,0.8072289156626506,0.4096385542168674
foldbench100,7y8i_A,97,83,0.7951807228915663,0.8192771084337349,0.4216867469879518,0.8192771084337349,0.4457831325301205
foldbench100,7yd4_A,185,142,0.23943661971830985,0.0774647887323943,0.1197183098591549,0.8732394366197183,0.352112676056338
foldbench100,7yhr_A,60,41,0.3902439024390244,0.3414634146341463,0.2195121951219512,0.8048780487804879,0.6097560975609756
foldbench100,7ykm_A,105,55,0.7090909090909091,0.8181818181818182,0.4727272727272727,0.8181818181818182,0.509090909090909
foldbench100,7ylr_A,330,364,0.7417582417582418,0.4010989010989011,0.2884615384615384,0.8983516483516484,0.456043956043956
foldbench100,7yug_A,118,94,0.2978723404255319,0.3936170212765957,0.3936170212765957,0.8829787234042553,0.5106382978723404
foldbench100,7yyg_A,365,221,0.18099547511312217,0.2850678733031674,0.1990950226244343,0.8642533936651584,0.4841628959276018
foldbench100,7z65_A,283,320,0.5125,0.340625,0.26875,0.89375,0.453125
foldbench100,7znz_A,761,932,0.5568669527896996,0.259656652360515,0.2660944206008583,0.9012875536480688,0.4506437768240343
foldbench100,7zoi_A,151,110,0.7363636363636363,0.3,0.2636363636363636,0.9090909090909092,0.4
foldbench100,7zs2_A,316,223,0.6905829596412556,0.2152466367713004,0.2197309417040358,0.8340807174887892,0.3991031390134529
foldbench100,7zu3_A,132,92,0.2826086956521739,0.4673913043478261,0.4347826086956521,0.4891304347826087,0.3804347826086957
foldbench100,7zv1_A,136,111,0.46846846846846846,0.2972972972972973,0.2432432432432432,0.8018018018018018,0.4774774774774775
foldbench100,8adc_A,215,170,0.3058823529411765,0.2058823529411764,0.2411764705882353,0.6705882352941176,0.4
foldbench100,8add_A,213,210,0.1761904761904762,0.0666666666666666,0.1142857142857142,0.8047619047619048,0.3904761904761905
foldbench100,8ah9_A,120,132,0.8560606060606061,0.9166666666666666,0.5303030303030303,0.9318181818181818,0.5454545454545454
foldbench100,8ak2_A,297,314,0.697452229299363,0.0573248407643312,0.0764331210191082,0.8885350318471338,0.4968152866242038
foldbench100,8akh_A,374,321,0.6417445482866043,0.190031152647975,0.1869158878504672,0.912772585669782,0.4423676012461059
foldbench100,8amo_A,399,362,0.6629834254143646,0.2154696132596685,0.1906077348066298,0.8674033149171271,0.4889502762430939
foldbench100,8arl_A,246,260,0.07692307692307693,0.2538461538461538,0.1961538461538461,0.8461538461538461,0.5846153846153846
foldbench100,8au6_A,321,168,0.16666666666666666,0.1904761904761904,0.2023809523809523,0.8095238095238095,0.3630952380952381
foldbench100,8axj_A,162,143,0.7622377622377622,0.0909090909090909,0.0839160839160839,0.8881118881118881,0.5594405594405595
foldbench100,8azb_A,521,587,0.7155025553662692,0.2470187393526405,0.2333901192504258,0.8722316865417377,0.4940374787052811
foldbench100,8b2e_A,143,130,0.5384615384615384,0.1538461538461538,0.2153846153846154,0.9,0.4846153846153846
foldbench100,8b2g_A,74,59,0.7627118644067796,0.0338983050847457,0.1016949152542373,0.8983050847457628,0.4406779661016949
foldbench100,8b2s_A,245,186,0.6559139784946236,0.1559139784946236,0.1451612903225806,0.8387096774193549,0.4946236559139785
foldbench100,8b4u_A,277,273,0.7838827838827839,0.0769230769230769,0.0952380952380952,0.8974358974358975,0.4249084249084249
foldbench100,8b5w_A,459,370,0.14054054054054055,0.1486486486486486,0.1,0.8675675675675676,0.5027027027027027
foldbench100,8b61_A,238,212,0.42924528301886794,0.1886792452830188,0.2122641509433962,0.8679245283018868,0.4292452830188679
foldbench100,8b6a_A,214,195,0.6205128205128205,0.1333333333333333,0.1538461538461538,0.917948717948718,0.4666666666666667
foldbench100,8b6e_A,66,44,0.7954545454545454,0.7727272727272727,0.4545454545454545,0.75,0.4545454545454545
foldbench100,8baq_A,208,190,0.37894736842105264,0.0368421052631578,0.0210526315789473,0.8368421052631579,0.4631578947368421
foldbench100,8bau_A,189,209,0.5885167464114832,0.0526315789473684,0.0765550239234449,0.8899521531100478,0.5263157894736842
foldbench100,8bfy_A,426,359,0.5654596100278552,0.1504178272980501,0.1699164345403899,0.8272980501392758,0.3927576601671309
foldbench100,8bgb_A,131,101,0.7722772277227723,0.4554455445544554,0.2376237623762376,0.8514851485148515,0.2574257425742574
foldbench100,8bke_A,638,494,0.4959514170040486,0.6012145748987854,0.3846153846153846,0.8866396761133604,0.4412955465587044
foldbench100,8bsb_A,177,115,0.5043478260869565,0.7652173913043478,0.6782608695652174,0.8521739130434782,0.6869565217391305
foldbench100,8bux_A,334,240,0.0875,0.0666666666666666,0.0625,0.8166666666666667,0.4375
foldbench100,8c4d_A,330,229,0.611353711790393,0.0305676855895196,0.0393013100436681,0.9213973799126638,0.5327510917030568
foldbench100,8c4y_A,314,373,0.6434316353887399,0.1796246648793565,0.2010723860589812,0.9222520107238604,0.4664879356568364
foldbench100,8cba_A,214,245,0.17142857142857143,0.236734693877551,0.2163265306122449,0.8653061224489796,0.6
foldbench100,8ci9_A,312,337,0.6439169139465876,0.0830860534124629,0.1216617210682492,0.8664688427299704,0.4807121661721068
foldbench100,8cih_A,214,158,0.27848101265822783,0.6012658227848101,0.4746835443037974,0.810126582278481,0.5949367088607594
foldbench100,8cpk_A,384,353,0.7110481586402266,0.6770538243626062,0.3257790368271954,0.9008498583569404,0.3654390934844193
foldbench100,8cpn_A,207,168,0.25595238095238093,0.5416666666666666,0.3630952380952381,0.7857142857142857,0.4880952380952381
foldbench100,8d2z_A,327,312,0.6378205128205128,0.4230769230769231,0.3493589743589743,0.8653846153846154,0.3974358974358974
foldbench100,8daj_A,302,299,0.6688963210702341,0.2809364548494983,0.2374581939799331,0.9264214046822744,0.4347826086956521
foldbench100,8dez_A,173,182,0.2032967032967033,0.3846153846153846,0.2362637362637362,0.8956043956043956,0.4395604395604395
foldbench100,8dge_A,738,914,0.5459518599562363,0.0798687089715536,0.1061269146608315,0.887308533916849,0.4989059080962801
foldbench100,8dhj_A,249,267,0.6816479400749064,0.0561797752808988,0.0636704119850187,0.9101123595505618,0.4868913857677903
foldbench100,8dmu_A,489,571,0.14010507880910683,0.0840630472854641,0.0858143607705779,0.8949211908931699,0.4711033274956217
foldbench100,8dp9_A,148,146,0.6917808219178082,0.0547945205479452,0.0273972602739726,0.815068493150685,0.4589041095890411
foldbench100,8dqd_A,377,395,0.6329113924050633,0.1569620253164557,0.1924050632911392,0.8886075949367088,0.4683544303797468
foldbench100,8dx0_A,154,135,0.7703703703703704,0.5777777777777777,0.4444444444444444,0.8222222222222222,0.5259259259259259
foldbench100,8e0r_A,468,496,0.24596774193548387,0.0564516129032258,0.125,0.8629032258064516,0.4637096774193548
foldbench100,8e5h_A,372,344,0.6424418604651163,0.3633720930232558,0.2936046511627907,0.9069767441860463,0.3343023255813953
foldbench100,8eb9_A,95,71,0.14084507042253522,0.0704225352112676,0.1126760563380281,0.1408450704225352,0.1549295774647887
foldbench100,8ec3_A,168,126,0.1746031746031746,0.2936507936507936,0.2539682539682539,0.8492063492063492,0.4603174603174603
foldbench100,8eo5_A,290,253,0.7905138339920948,0.150197628458498,0.150197628458498,0.8814229249011858,0.4545454545454545
foldbench100,8gmy_A,236,254,0.3779527559055118,0.1732283464566929,0.1850393700787401,0.7598425196850394,0.5039370078740157
foldbench100,8q8i_A,282,376,0.5106382978723404,0.0159574468085106,0.0398936170212766,0.901595744680851,0.5452127659574468
foldbench100,8ycm_A,229,196,0.4336734693877551,0.1224489795918367,0.1326530612244898,0.8316326530612245,0.4387755102040816
