pdb_id,L,n_true,n_pred,precision,recall
5sbj-assembly1,30,23,22,0.9090909090909091,0.8695652173913043
7qp5-assembly1,241,241,233,0.0815450643776824,0.07883817427385892
7qsj-assembly1,346,347,335,0.3611940298507463,0.34870317002881845
7tjb-assembly1,222,201,206,0.41262135922330095,0.4228855721393035
7tlh-assembly1,124,114,84,0.05952380952380952,0.043859649122807015
7uba-assembly1,187,207,199,0.03015075376884422,0.028985507246376812
7uk8-assembly1,383,525,505,0.10495049504950495,0.10095238095238095
7ur2-assembly1,160,136,148,0.1891891891891892,0.20588235294117646
7ur7-assembly1,63,60,63,0.8412698412698413,0.8833333333333333
7urp-assembly1,159,134,139,0.07913669064748201,0.08208955223880597
7uvg-assembly1,166,177,181,0.1270718232044199,0.12994350282485875
7uww-assembly1,632,693,872,0.1353211009174312,0.17027417027417027
7w15-assembly1,293,303,334,0.17664670658682635,0.19471947194719472
7wz5-assembly1,161,113,128,0.0859375,0.09734513274336283
7wzm-assembly1,458,454,460,0.3282608695652174,0.33259911894273125
7x3h-assembly1,276,296,324,0.16666666666666666,0.18243243243243243
7x4p-assembly1,306,333,360,0.08888888888888889,0.0960960960960961
7x8l-assembly1,511,580,569,0.06678383128295255,0.06551724137931035
7xg9-assembly1,286,241,277,0.45126353790613716,0.5186721991701245
7xi5-assembly1,57,42,21,0.14285714285714285,0.07142857142857142
7xjr-assembly1,306,354,346,0.24277456647398843,0.23728813559322035
7xlz-assembly1,241,264,282,0.1276595744680851,0.13636363636363635
7xp9-assembly1,76,45,46,0.34782608695652173,0.35555555555555557
7xq4-assembly1,489,472,447,0.6666666666666666,0.6313559322033898
7xyr-assembly1,546,705,786,0.18829516539440203,0.2099290780141844
7xz3-assembly1,273,311,311,0.08681672025723473,0.08681672025723473
7y3h-assembly1,396,312,347,0.1930835734870317,0.21474358974358973
7y4h-assembly1,329,318,363,0.3333333333333333,0.3805031446540881
7y54-assembly1,100,105,93,0.13978494623655913,0.12380952380952381
7y5j-assembly1,95,91,91,0.14285714285714285,0.14285714285714285
7y5m-assembly1,155,148,165,0.03636363636363636,0.04054054054054054
7y5r-assembly1,105,97,100,0.7,0.7216494845360825
7y8h-assembly1,92,81,80,0.4625,0.4567901234567901
7y8i-assembly1,82,82,73,0.4657534246575342,0.4146341463414634
7yd4-assembly1,179,142,152,0.16447368421052633,0.176056338028169
7yhr-assembly1,59,41,39,0.2564102564102564,0.24390243902439024
7ykm-assembly1,81,55,66,0.6666666666666666,0.8
7ylr-assembly1,326,364,377,0.3156498673740053,0.3269230769230769
7yug-assembly1,117,94,99,0.42424242424242425,0.44680851063829785
7yyg-assembly1,275,221,229,0.2794759825327511,0.2895927601809955
7z65-assembly1,283,320,341,0.17888563049853373,0.190625
7znz-assembly1,761,932,921,0.30184581976112923,0.2982832618025751
7zoi-assembly1,124,110,126,0.21428571428571427,0.24545454545454545
7zs2-assembly1,278,230,268,0.20522388059701493,0.2391304347826087
7zv1-assembly1,109,111,84,0.2619047619047619,0.1981981981981982
8ah9-assembly1,115,132,121,0.9421487603305785,0.8636363636363636
8ak2-assembly1,289,314,327,0.024464831804281346,0.025477707006369428
8akh-assembly1,321,321,320,0.2,0.19937694704049844
8amo-assembly1,385,362,388,0.20618556701030927,0.22099447513812154
8arl-assembly1,232,260,259,0.33976833976833976,0.3384615384615385
8axj-assembly1,161,143,146,0.06164383561643835,0.06293706293706294
8azb-assembly1,501,587,666,0.2222222222222222,0.252129471890971
8b2e-assembly1,141,130,76,0.17105263157894737,0.1
8b2g-assembly1,74,59,56,0.08928571428571429,0.0847457627118644
8b2s-assembly1,240,186,241,0.04979253112033195,0.06451612903225806
8b4u-assembly1,269,273,262,0.14122137404580154,0.13553113553113552
8b5w-assembly1,346,367,340,0.06764705882352941,0.06267029972752043
8b61-assembly1,197,210,225,0.16,0.17142857142857143
8b6a-assembly1,175,195,182,0.09340659340659341,0.08717948717948718
8b6e-assembly1,52,44,43,0.7441860465116279,0.7272727272727273
8baq-assembly1,208,190,218,0.04128440366972477,0.04736842105263158
8bau-assembly1,189,209,203,0.08374384236453201,0.08133971291866028
8bfy-assembly1,393,359,396,0.13383838383838384,0.14763231197771587
8bgb-assembly1,130,101,97,0.44329896907216493,0.42574257425742573
8bke-assembly1,428,494,526,0.6254752851711026,0.6659919028340081
8bsb-assembly1,159,115,121,0.743801652892562,0.782608695652174
8c4d-assembly1,184,229,222,0.43243243243243246,0.4192139737991266
8c4y-assembly1,312,373,343,0.20116618075801748,0.18498659517426275
8cba-assembly1,195,245,230,0.23478260869565218,0.22040816326530613
8ci9-assembly1,306,337,316,0.0981012658227848,0.09198813056379822
8cih-assembly1,188,158,137,0.6496350364963503,0.5632911392405063
8cpk-assembly1,384,353,340,0.7147058823529412,0.6883852691218131
8cpn-assembly1,159,165,164,0.15853658536585366,0.15757575757575756
8d2z-assembly1,306,312,330,0.3696969696969697,0.391025641025641
8daj-assembly1,302,299,320,0.321875,0.34448160535117056
8dez-assembly1,173,182,167,0.39520958083832336,0.3626373626373626
8dge-assembly1,707,913,1057,0.12015137180700095,0.13910186199342825
8dhj-assembly1,236,267,265,0.07169811320754717,0.07116104868913857
8dmu-assembly1,476,570,612,0.07026143790849673,0.07543859649122807
8dp9-assembly1,133,144,124,0.11290322580645161,0.09722222222222222
8dqd-assembly1,370,395,391,0.19948849104859334,0.19746835443037974
8dx0-assembly1,139,134,129,0.24031007751937986,0.23134328358208955
8e0r-assembly1,418,496,588,0.08333333333333333,0.09879032258064516
8e5h-assembly1,368,344,382,0.36910994764397903,0.40988372093023256
8eb9-assembly1,89,71,55,0.05454545454545454,0.04225352112676056
8ec3-assembly1,155,125,107,0.40186915887850466,0.344
8eo5-assembly1,270,253,273,0.10622710622710622,0.11462450592885376
8gmy-assembly1,219,253,211,0.07582938388625593,0.06324110671936758
8q8i-assembly1,279,376,383,0.05483028720626632,0.05585106382978723
8ycm-assembly1,222,196,210,0.17142857142857143,0.1836734693877551
