pdb_id,stem,L,n_gt
5sbj-assembly1,5sbj_A,30,17
7qp5-assembly1,7qp5_A,241,241
7qsj-assembly1,7qsj_A,346,347
7t9r-assembly1,7t9r_A,38,24
7tjb-assembly1,7tjb_A,222,201
7tlh-assembly1,7tlh_A,124,114
7uba-assembly1,7uba_A,187,208
7uk8-assembly1,7uk8_A,383,526
7ur2-assembly1,7ur2_A,160,137
7ur7-assembly1,7ur7_A,63,60
7urp-assembly1,7urp_A,159,134
7uvg-assembly1,7uvg_A,166,178
7uww-assembly1,7uww_A,632,693
7v3o-assembly1,7v3o_A,277,272
7w15-assembly1,7w15_A,293,303
7wz5-assembly1,7wz5_A,161,113
7wzm-assembly1,7wzm_A,458,456
7x3h-assembly1,7x3h_A,276,296
7x4p-assembly1,7x4p_A,306,333
7x8l-assembly1,7x8l_A,511,580
7xcd-assembly1,7xcd_A,178,148
7xg9-assembly1,7xg9_A,286,241
7xi5-assembly1,7xi5_A,57,42
7xjr-assembly1,7xjr_A,306,354
7xlz-assembly1,7xlz_A,241,265
7xp9-assembly1,7xp9_A,76,45
7xq4-assembly1,7xq4_A,489,472
7xrx-assembly1,7xrx_A,398,396
7xyr-assembly1,7xyr_A,546,707
7xz3-assembly1,7xz3_A,273,316
7y3h-assembly1,7y3h_A,396,312
7y4h-assembly1,7y4h_A,329,320
7y54-assembly1,7y54_A,100,105
7y5j-assembly1,7y5j_A,95,91
7y5m-assembly1,7y5m_A,155,148
7y5r-assembly1,7y5r_A,105,97
7y8h-assembly1,7y8h_A,92,83
7y8i-assembly1,7y8i_A,82,83
7yd4-assembly1,7yd4_A,179,142
7yhr-assembly1,7yhr_A,59,41
7ykm-assembly1,7ykm_A,81,55
7ylr-assembly1,7ylr_A,326,364
7yug-assembly1,7yug_A,117,94
7yyg-assembly1,7yyg_A,275,221
7z65-assembly1,7z65_A,283,320
7znz-assembly1,7znz_A,761,932
7zoi-assembly1,7zoi_A,124,110
7zs2-assembly1,7zs2_A,278,223
7zu3-assembly1,7zu3_A,126,92
7zv1-assembly1,7zv1_A,109,111
8adc-assembly1,8adc_A,207,170
8ah9-assembly1,8ah9_A,115,132
8ak2-assembly1,8ak2_A,289,314
8akh-assembly1,8akh_A,321,321
8amo-assembly1,8amo_A,385,362
8arl-assembly1,8arl_A,232,260
8au6-assembly1,8au6_A,248,168
8axj-assembly1,8axj_A,161,143
8azb-assembly1,8azb_A,501,587
8b2e-assembly1,8b2e_A,141,130
8b2g-assembly1,8b2g_A,74,59
8b2s-assembly1,8b2s_A,240,186
8b4u-assembly1,8b4u_A,269,273
8b5w-assembly1,8b5w_A,346,370
8b61-assembly1,8b61_A,197,212
8b6a-assembly1,8b6a_A,175,195
8b6e-assembly1,8b6e_A,52,44
8baq-assembly1,8baq_A,208,190
8bau-assembly1,8bau_A,189,209
8bfy-assembly1,8bfy_A,393,359
8bgb-assembly1,8bgb_A,130,101
8bke-assembly1,8bke_A,428,494
8bsb-assembly1,8bsb_A,159,115
8bux-assembly1,8bux_A,289,240
8c4d-assembly1,8c4d_A,184,229
8c4y-assembly1,8c4y_A,312,373
8cba-assembly1,8cba_A,195,245
8ci9-assembly1,8ci9_A,306,337
8cih-assembly1,8cih_A,188,158
8cpk-assembly1,8cpk_A,384,353
8cpn-assembly1,8cpn_A,159,168
8d2z-assembly1,8d2z_A,306,312
8daj-assembly1,8daj_A,302,299
8dez-assembly1,8dez_A,173,182
8dge-assembly1,8dge_A,707,914
8dhj-assembly1,8dhj_A,236,267
8dmu-assembly1,8dmu_A,476,571
8dp9-assembly1,8dp9_A,133,146
8dqd-assembly1,8dqd_A,370,395
8dx0-assembly1,8dx0_A,139,135
8e0r-assembly1,8e0r_A,418,496
8e5h-assembly1,8e5h_A,368,344
8eb9-assembly1,8eb9_A,89,71
8ec3-assembly1,8ec3_A,155,126
8eo5-assembly1,8eo5_A,270,253
8gmy-assembly1,8gmy_A,219,254
8q8i-assembly1,8q8i_A,279,376
8ycm-assembly1,8ycm_A,222,196
